編號,屋齡,建物移轉面積平方公尺,主要用途,主要建材,建築完成日期,總層數,建物分層,移轉情形
The serial number,room age,building shifting area square meter,the main use,main building materials,construction completes the date,total layer,building lamination,
RPUPMLPLNHLGFCA68CC,46,22.13,商業用,鋼筋混凝土造,69年7月21日,十二層,,
RPPQMLPLNHLGFCA28CC,2,129.08,多戶住宅（Ｈ２）,鋼筋混凝土造,113年7月15日,十五層,,
RPOOMLPLNHLGFBA87CC,37,12.00,住家用,鋼筋混凝土造,78年10月7日,五層,,
RPUPMLPLNHLGFCA68CC,46,8.68,共有部分,鋼筋混凝土造,69年7月21日,十二層,,
RPWPMLPLNHLGFCA88CC,42,97.62,住家用,鋼筋混凝土造,73年2月7日,七層,,
RPPQMLPLNHLGFCA28CC,2,35.11,本共有部分項目有：門廳、甲梯戶外安全梯、梯廳、儲藏室、無障礙電梯、緊急昇降機、機械室、排煙室兼梯廳、乙梯戶外安全梯、管委會使用空間（社區遊憩設施）、管委會使用空間（社區樂活空間）、陽台、進風機、進氣管道、安全梯、進風管道、排風管道、排氣機房、排煙室、排氣管道、電表室、機房、台電配電場所、污物處理設備空間、電力室、緊急發電機室、電信機房、消防機房、蓄水池、丙梯、水箱及電梯機房等３２項,鋼筋混凝土造,113年7月15日,十五層,,
RPWPMLPLNHLGFCA88CC,42,30.18,共有部分,鋼筋混凝土造,73年2月7日,七層,,
RPPQMLPLNHLGFCA28CC,2,20.78,本共有部分項目有：甲梯戶外安全梯、梯廳、無障礙電梯、緊急昇降機、排煙室兼梯廳及乙梯戶外安全梯等６項,鋼筋混凝土造,113年7月15日,十五層,,
RPPQMLPLNHLGFCA28CC,2,38.05,本共有部分項目有：停車空間兼防空避難室、車道及停車空間等３項,鋼筋混凝土造,113年7月15日,十五層,,
RPPOMLLLNHLGFBA57CC,51,37.26,住家用,鋼筋混凝土造,64年4月3日,五層,,
RPXNMLLLNHLGFCA38CC,46,109.23,住商用,鋼筋混凝土造,68年12月21日,五層,,
RPVNMLMLNHLGFCA28CC,56,17.00,住家用,鋼筋混凝土造,59年7月23日,四層,,
RPUNMLMLNHLGFAA97CC,41,118.97,住家用,鋼筋混凝土造,73年11月28日,四層,,
RPRPMLMLNHLGFCA08CC,53,75.55,住家用,鋼筋混凝土造,62年1月8日,四層,,
RPUNMLMLNHLGFAA97CC,41,13.29,共有部分,鋼筋混凝土造,73年11月28日,四層,,
RPVOMLMLNHLGFCA38CC,37,30.22,住家用,鋼筋混凝土造,78年9月20日,五層,,
RPRNMLPLNHLGFAA97CC,31,21.54,住家用,鋼筋混凝土造,84年3月3日,七層,,
RPRNMLPLNHLGFAA97CC,31,10.85,見使用執照,鋼筋混凝土造,84年3月3日,十一層,,
RPPNMLPLNHLGFBA87CC,,73.60,,加強磚造,,三層,,
RPOOMLQLNHLGFAA87CC,18,19.07,一般事務所,鋼筋混凝土造,97年11月17日,十二層,,
RPOOMLQLNHLGFAA87CC,18,6.57,共有部分,鋼筋混凝土造,97年11月17日,十二層,,
RPOOMLQLNHLGFAA87CC,18,2.34,共有部分,鋼筋混凝土造,97年11月17日,十二層,,
RPVNMLQLNHLGFBA58CC,43,81.32,住家用,鋼筋混凝土造,72年9月29日,十二層,,
RPVNMLQLNHLGFBA58CC,43,11.38,共有部分,鋼筋混凝土造,72年9月29日,十二層,,
RPRNMLQLNHLGFBA18CC,60,23.11,,加強磚造,55年11月10日,四層,,
RPOOMLQLNHLGFBA97CC,46,24.67,商業用,鋼筋混凝土造,69年8月12日,七層,,
RPOOMLQLNHLGFBA97CC,46,7.39,共有部分,鋼筋混凝土造,69年8月12日,七層,,
RPOOMLQLNHLGFBA97CC,46,9.19,共有部分,鋼筋混凝土造,69年8月12日,七層,,
RPPNMLQLNHLGFBA97CC,4,24.24,住家用,鋼筋混凝土造,111年4月22日,十三層,,
RPPNMLQLNHLGFBA97CC,4,6.19,本共有部分之項目有丁梯、管委會空間物管儲藏室、排煙室、梯廳、緊急昇降梯、無障礙昇降梯、管委會空間（中央監控室兼物管辦公室）、行動不便者廁所、飲水機區、掃具間、無障礙室內通道、住宅門廳、公共門廳、門廊Ｂ、甲梯、乙梯、弱電管道、消防管道、門廊Ａ、戊梯、陽臺、管委會使用空間（視聽室）、管委會使用空間（兒童遊戲室）、管委會使用空間（閱覽室）、公共梯廳、空調機房、茶水間、男廁、女廁、車道、發電機室、機房、防空避難室兼停車空間、排氣管道、一般安全梯、受電箱、台電配電室、電信室、機房（垃圾儲藏室兼掃具間）、機房（消防）、機房（汙、雨水）、泵浦區及樓梯間等４３項。,鋼筋混凝土造,111年4月22日,十三層,,
RPPNMLQLNHLGFBA97CC,4,5.74,本共有部分之項目有無障礙昇降梯、緊急昇降梯、排煙室、乙梯、電力管道、梯廳、丁梯、水表室、丙梯、戶外安全梯及戊梯等１１項。,鋼筋混凝土造,111年4月22日,十三層,,
RPPNMLQLNHLGFBA97CC,4,.40,本共有部分之項目有停車位及停車空間等共２項。,鋼筋混凝土造,111年4月22日,十三層,,
RPROMLQLNHLGFBA28CC,51,36.77,住家用,鋼筋混凝土造,64年5月8日,五層,,
RPSNMLQLNHLGFBA28CC,60,23.11,,加強磚造,55年11月10日,四層,,
RPVOMLQLNHLGFBA68CC,18,105.43,住家用,鋼筋混凝土造,97年1月3日,十四層,,
RPVOMLQLNHLGFBA68CC,18,71.14,共有部分,鋼筋混凝土造,97年1月3日,十四層,,
RPRNMLQLNHLGFCA28CC,42,19.80,商業用,鋼筋混凝土造,73年3月20日,五層,,
RPSNMLQLNHLGFCA38CC,41,23.40,住家用,鋼筋混凝土造,74年4月29日,六層,,
RPTNMLQLNHLGFCA48CC,45,155.89,住家用,鋼筋混凝土造,70年10月28日,五層,,
RPSNMLQLNHLGFCA38CC,41,4.94,共有部分,鋼筋混凝土造,74年4月29日,六層,,
RPVNMLQLNHLGFCA68CC,49,19.97,住家用,鋼筋混凝土造,66年6月25日,七層,,
RPUNMLQLNHLGFCA58CC,42,21.00,住家用,鋼筋混凝土造,73年3月23日,十二層,,
RPVNMLQLNHLGFCA68CC,49,4.13,共有部分,鋼筋混凝土造,66年6月25日,七層,,
RPWNMLQLNHLGFCA78CC,50,25.18,住家用,鋼筋混凝土造,65年8月23日,七層,,
RPWNMLQLNHLGFCA78CC,50,5.00,共有部分,鋼筋混凝土造,65年8月23日,七層,,
RPVPMLQLNHLGFCA88CC,44,34.02,住家用,鋼筋混凝土造,71年4月19日,七層,,
RPVPMLQLNHLGFCA88CC,44,5.85,共有部分,鋼筋混凝土造,71年4月19日,七層,,
RPWOMLQLNHLGFCA88CC,53,97.59,住家用,鋼筋混凝土造,62年1月10日,四層,,
RPPOMLQLNHLGFCA18CC,,19.53,住家用,加強磚造,,三層,,
RPXPMLQLNHLGFCA09CC,29,26.89,商業用,鋼筋混凝土造,85年11月29日,十一層,,
RPXPMLQLNHLGFCA09CC,29,14.33,共有部分,鋼筋混凝土造,85年11月29日,十一層,,
RPSQMLQLNHLGFCA68CC,43,15.00,住家用,鋼筋混凝土造,72年6月20日,十四層,,
RPTQMLQLNHLGFCA78CC,42,57.75,住家用,鋼筋混凝土造,73年1月24日,五層,,
RPTQMLQLNHLGFCA78CC,42,5.69,共有部分,鋼筋混凝土造,73年1月24日,五層,,
RPSPMLQLNHLGFCA58CC,30,42.65,住家用,鋼筋混凝土造,85年9月4日,十二層,,
RPSPMLQLNHLGFCA58CC,30,6.81,共有部分,鋼筋混凝土造,85年9月4日,十三層,,
RPXPMLPLNHLGFCA98CC,25,81.83,住家用,鋼筋混凝土造,90年4月10日,十四層,,
RPXPMLPLNHLGFCA98CC,25,8.26,共有部分,鋼筋混凝土造,90年4月10日,十四層,,
RPXPMLPLNHLGFCA98CC,25,16.18,共有部分,鋼筋混凝土造,90年4月10日,十四層,,
RPUNMLQLNHLGFAA38CC,59,25.63,,加強磚造,56年5月19日,五層,,
RPQOMLPLNHLGFDA28CC,41,111.80,住家用,鋼筋混凝土造,74年4月24日,七層,,
RPQOMLPLNHLGFDA28CC,41,4.56,共有部分,鋼筋混凝土造,74年4月24日,七層,,
RPVOMLPLNHLGFDA78CC,17,58.57,住家用,鋼筋混凝土造,98年6月11日,十四層,,
RPRNMLPLNHLGFDA28CC,51,15.71,防空避難室、會客室、宿舍,鋼筋混凝土造,64年10月16日,四層,,
RPVOMLPLNHLGFDA78CC,17,10.79,共有部分,鋼筋混凝土造,98年6月11日,十四層,,
RPVOMLPLNHLGFDA78CC,17,3.39,共有部分,鋼筋混凝土造,98年6月11日,十四層,,
RPVOMLPLNHLGFDA78CC,17,12.58,共有部分,鋼筋混凝土造,98年6月11日,十四層,,
RPUNMLPLNHLGFDA58CC,47,86.52,住家用,鋼筋混凝土造,68年1月11日,四層,,
RPRPMLPLNHLGFDA48CC,18,50.44,住家用,鋼筋混凝土造,97年9月10日,七層,,
RPPOMLQLNHLGFDA28CC,51,93.15,住家用,鋼筋混凝土造,64年2月18日,四層,,
RPPNMLQLNHLGFDA18CC,30,18.81,商業用,鋼筋混凝土造,84年12月19日,十六層,,
RPPNMLQLNHLGFDA18CC,30,26.81,共有部分,鋼筋混凝土造,84年12月19日,十六層,,
RPPNMLQLNHLGFDA18CC,30,2.61,共有部分,鋼筋混凝土造,84年12月19日,十六層,,
RPROMLQLNHLGFDA48CC,54,118.18,集合住宅,鋼筋混凝土造,61年7月4日,四層,,
RPVNMLQLNHLGFDA78CC,52,11.57,住家用,鋼筋混凝土造,63年10月21日,四層,,
RPXPMLQLNHLGFDA56CC,43,30.49,商業用,鋼骨鋼筋混凝土造,72年10月5日,十五層,,
RPXNMLQLNHLGFDA98CC,46,113.37,住家用,鋼筋混凝土造,69年9月22日,五層,,
RPOOMLQLNHLGFDA18CC,31,31.72,見使用執照,鋼筋混凝土造,83年11月29日,六層,,
RPOOMLQLNHLGFDA18CC,31,11.44,共有部分,鋼筋混凝土造,83年11月29日,六層,,
RPOQMLQLNHLGFDA38CC,43,30.49,商業用,鋼骨鋼筋混凝土造,72年10月5日,十五層,,
RPROMLRLNHLGFAA28CC,53,109.31,集合住宅,鋼筋混凝土造,62年5月24日,五層,,
RPPNMLRLNHLGFAA97CC,16,34.49,住家用,鋼筋混凝土造,99年7月30日,五層,,
RPPNMLRLNHLGFAA97CC,16,9.62,共有部分，本共有部分之項目有門廳、梯廳、陽台、雨遮、安全梯、管理委員會使用空間、機房、台電配電場所（室）、樓電梯間、上：電梯機坑、垃圾處理空間、電信機房、景觀機房Ａ、景觀機房Ｂ、緊急發電機室、機車停車空間、Ｃ蓄水池、Ｂ蓄水池、Ａ蓄水池、消防泵浦室等２０項。,鋼筋混凝土造,99年7月30日,五層,,
RPPNMLRLNHLGFAA97CC,16,10.45,共有部分，本共有部分之項目有梯廳、雨遮、走廊、樓梯、機房、安全梯、水箱、消防蓄水池等８項。,鋼筋混凝土造,99年7月30日,五層,,
RPVOMLRLNHLGFAA68CC,47,99.96,住家用,鋼筋混凝土造,67年12月2日,五層,,
RPPNMLRLNHLGFBA08CC,1,36.03,（第二十八組）一般事務所（Ｇ２）,鋼筋混凝土造,114年6月13日,十五層,,
RPPNMLRLNHLGFBA08CC,1,16.77,本共有部分之項目有：梯間、梯廳一、梯廳二、梯廳三、無障礙電梯、客貨昇降機兼機車使用、機車停車空間、陽臺、甲梯戶外安全梯、乙梯戶外安全梯無障礙樓梯、丁梯安全梯無障礙樓梯、停車場排風管道、發電機排煙管道、等候空間、裝卸車位（與垃圾車暫存車位兼用）、無障礙通路、停車空間、騎樓、門廊、無障礙室內通路、管委會空間、電氣、排煙室、消防、弱電、給水、緊急昇降機、丙梯、戶外梯、水錶室、消防水箱、機房、水箱、機械室、發電機進風、機電設備空間（垃圾儲藏室）、安全梯（無障礙）、甲梯、防空避難室兼停車空間、台電配電場所、地下室排風、設備機房、管道間、機電設備空間（電信室）、丁梯安全梯、昇降機道、排風機房、發電機排煙、昇降機坑、發電機室及消防泵浦室等５１項,鋼筋混凝土造,114年6月13日,十五層,,
RPPNMLRLNHLGFBA08CC,1,4.95,本共有部分之項目有：梯廳等１項,鋼筋混凝土造,114年6月13日,十五層,,
RPPNMLRLNHLGFBA08CC,1,10.80,本共有部分之項目有：倉儲機械停車空間、昇降機道、排風口、停車場排風及機房等５項,鋼筋混凝土造,114年6月13日,十五層,,
RPTNMLRLNHLGFBA48CC,39,24.00,商業用,鋼筋混凝土造,76年4月25日,十層,,
RPSNMLRLNHLGFBA38CC,46,24.72,住家用,鋼筋混凝土造,69年10月28日,十二層,,
RPSNMLRLNHLGFBA38CC,46,4.91,共有部分,鋼筋混凝土造,69年10月28日,十二層,,
RPWNMLRLNHLGFBA78CC,39,24.00,商業用,鋼筋混凝土造,76年4月25日,十層,,
RPTOMLRLNHLGFBA58CC,37,27.05,商業用,鋼筋混凝土造,78年5月3日,十二層,,
RPTOMLRLNHLGFBA58CC,37,3.60,共有部分,鋼筋混凝土造,78年5月3日,十二層,,
RPTOMLRLNHLGFBA58CC,37,5.56,共有部分,鋼筋混凝土造,78年5月3日,十二層,,
RPQPMLRLNHLGFBA38CC,51,31.18,住家用,鋼筋混凝土造,64年5月8日,五層,,
RPWOMLRLNHLGFBA88CC,4,33.62,多戶住宅（Ｈ２）（２組）,鋼筋混凝土造,111年1月11日,十二層,,
RPWOMLRLNHLGFBA88CC,4,18.88,本共有部分之項目有客貨升降機兼機車使用、機電設備空間供電信機房使用、垃圾儲藏設備、安全梯、升降設備供無障礙使用、梯廳、防空避難室兼停車空間、安全梯供無障礙使用、發電機房、進風管道、排風管道、機電設備空間供發電機房使用、台電配電場所、機電設備空間供消防泵浦機房使用、民生水箱、全自動停車設備（汽車）、雨水貯集滯洪池、消防水池、客貨升降機、全自動停車設備及客貨升降機設備機房、行動不便下車區、管委會使用空間、安全梯Ｂ供無障礙使用、安全梯Ａ、管道間、水表空間、機電設備空間、消防水箱及樓梯Ｃ等２９項,鋼筋混凝土造,111年1月11日,十二層,,
RPSPMLRLNHLGFBA58CC,,23.19,,加強磚造,,四層,,
RPRPMLRLNHLGFBA48CC,2,37.48,（第二組）（Ｈ２）集合住宅,鋼筋混凝土造,112年12月14日,九層,,
RPRPMLRLNHLGFBA48CC,2,19.72,本共有部分之項目有：梯廳、入口門廳、騎樓、宅配室、管委會使用空間、乙梯、行動不便者樓梯、（甲梯）無障礙安全梯、弱電．電氣、發電機排氣、停車場排氣、客貨梯、電．消防．水、機械室、電梯機房、水箱、發電機進氣、發電機室、台電配電場所、電信室、水箱、客貨梯機房、垃圾處理空間、資源回收室、停車空間兼防空避難室及消防泵浦室、進氣等２７項,鋼筋混凝土造,112年12月14日,九層,,
RPPQMLRLNHLGFBA38CC,51,48.19,住家用,鋼筋混凝土造,64年4月3日,五層,,
RPTPMLRLNHLGFBA68CC,,22.50,,加強磚造,,四層,,
RPSQMLRLNHLGFBA68CC,46,23.29,住家用,鋼筋混凝土造,69年6月9日,十二層,,
RPSQMLRLNHLGFBA68CC,46,6.64,共有部分,鋼筋混凝土造,69年6月9日,十二層,,
RPRNMLRLNHLGFCA38CC,43,88.58,住家用,鋼筋混凝土造,72年3月31日,五層,,
RPXNMLRLNHLGFCA98CC,19,96.13,住家用,鋼筋混凝土造,96年10月24日,九層,,
RPXNMLRLNHLGFCA98CC,19,37.48,共有部分,鋼筋混凝土造,96年10月24日,九層,,
RPQOMLRLNHLGFCA38CC,37,23.00,工業用,鋼筋混凝土造,78年7月24日,五層,,
RPROMLRLNHLGFCA48CC,29,160.13,工業用,鋼筋混凝土造,86年11月14日,七層,,
RPROMLRLNHLGFCA48CC,29,71.84,共有部分,鋼筋混凝土造,86年11月14日,七層,,
RPVOMLRLNHLGFCA88CC,46,22.30,住家用,鋼筋混凝土造,69年6月12日,五層,,
RPWOMLRLNHLGFCA98CC,47,30.65,住家用,鋼筋混凝土造,68年10月22日,十二層,,
RPWOMLRLNHLGFCA98CC,47,1.89,共有部分,鋼筋混凝土造,68年10月22日,十二層,,
RPWOMLRLNHLGFCA98CC,47,6.12,共有部分,鋼筋混凝土造,68年10月22日,十二層,,
RPXOMLRLNHLGFCA09CC,45,90.69,住家用,鋼筋混凝土造,70年7月21日,五層,,
RPSNMLRLNHLGFCA48CC,43,88.74,住家用,鋼筋混凝土造,71年11月26日,十二層,,
RPSNMLRLNHLGFCA48CC,43,11.25,共有部分,鋼筋混凝土造,71年11月26日,十二層,,
RPPPMLRLNHLGFCA38CC,42,27.75,住家用,鋼筋混凝土造,73年1月31日,七層,,
RPQPMLRLNHLGFCA48CC,38,20.42,商業用,鋼筋混凝土造,77年8月20日,五層,,
RPTPMLRLNHLGFCA78CC,,66.69,住家用,加強磚造,,三層,,
RPWPMLRLNHLGFCA09CC,52,91.02,住家用,鋼筋混凝土造,63年1月4日,四層,,
RPTQMLRLNHLGFCA88CC,35,291.32,工業用,鋼筋混凝土造,80年6月18日,十三層,,
RPTQMLRLNHLGFCA88CC,35,60.78,共有部分,鋼筋混凝土造,80年6月18日,十三層,,
RPTQMLRLNHLGFCA88CC,35,66.05,共有部分,鋼筋混凝土造,80年6月18日,十三層,,
RPWQMLRLNHLGFCA56CC,40,84.38,集合住宅,鋼筋混凝土造,75年3月14日,十五層,,
RPWQMLRLNHLGFCA56CC,40,20.08,共有部分,鋼筋混凝土造,75年3月14日,十五層,,
RPOOMLMLNHLGFDA77CC,56,86.61,住家用,加強磚造,59年6月1日,四層,,
RPORMLRLNHLGFCA48CC,48,19.00,住家用,鋼筋混凝土造,67年4月20日,五層,,
RPRNMLRLNHLGFDA48CC,42,55.95,商業用,鋼筋混凝土造,72年12月19日,七層,,
RPRNMLRLNHLGFDA48CC,42,4.14,共有部分,鋼筋混凝土造,72年12月19日,七層,,
RPPNMLRLNHLGFDA28CC,31,36.83,住家用,鋼筋混凝土造,84年6月27日,六層,,
RPPNMLRLNHLGFDA28CC,31,22.27,見使用執照,鋼筋混凝土造,84年6月27日,六層,,
RPPNMLRLNHLGFDA28CC,31,9.05,見使用執照,鋼筋混凝土造,84年6月27日,六層,,
RPTNMLRLNHLGFDA68CC,47,89.11,住家用,鋼筋混凝土造,68年2月13日,五層,,
RPVNMLRLNHLGFDA88CC,43,19.83,住家用,鋼筋混凝土造,72年4月18日,七層,,
RPQOMLPLNHLGFFA48CC,,42.58,,加強磚造,,四層,,
RPRNMLQLNHLGFFA58CC,18,44.98,住家用,鋼筋混凝土造,97年10月28日,十二層,,
RPSOMLQLNHLGFEA68CC,45,97.51,住家用,鋼筋混凝土造,70年1月31日,五層,,
RPRNMLQLNHLGFFA58CC,18,24.70,共有部分,鋼筋混凝土造,97年10月28日,十二層,,
RPOOMLMLNHLGFEA87CC,47,48.86,商業用,鋼筋混凝土造,68年3月13日,十一層,,
RPPNMLQLNHLGFEA28CC,44,116.36,住家用,鋼筋混凝土造,71年2月26日,五層,,
RPRNMLQLNHLGFFA58CC,18,.22,共有部分,鋼筋混凝土造,97年10月28日,十二層,,
RPUOMLLLNHLGFFA48CC,39,68.07,住家用,鋼筋混凝土造,76年7月9日,十層,,
RPPNMLQLNHLGFEA28CC,44,7.49,共有部分,鋼筋混凝土造,71年2月26日,五層,,
RPOOMLMLNHLGFEA87CC,47,5.72,共有部分,鋼筋混凝土造,68年3月13日,十一層,,
RPQNMLQLNHLGFEA38CC,44,43.96,住家用,鋼筋混凝土造,71年2月26日,七層,,
RPUOMLLLNHLGFFA48CC,39,39.43,共有部分,鋼筋混凝土造,76年7月9日,十層,,
RPUNMLQLNHLGFFA88CC,49,43.34,住家用,鋼筋混凝土造,66年10月27日,七層,,
RPQNMLQLNHLGFEA38CC,44,16.11,共有部分,鋼筋混凝土造,71年2月26日,七層,,
RPTOMLMLNHLGFEA38CC,8,44.39,住家用,鋼筋混凝土造,107年1月29日,八層,,
RPTOMLMLNHLGFEA38CC,8,29.04,本共有部分之項目有梯廳、升降機１５人份（行動不便用）、甲梯室內安全梯、乙梯兼行動不便梯、客貨梯、梯間、丙梯安全梯兼行動不便梯、防空避難室兼停車空間、電信室、台電配電場所、汽車升降設備、機房、台電專用管道間、發電機室排風管道、發電機室進風管道、水箱、消防機房、發電機室、電梯機房、消防水箱等２０項。,鋼筋混凝土造,107年1月29日,八層,,
RPVOMLQLNHLGFFA09CC,61,101.62,,加強磚造,54年5月13日,四層,,
RPVNMLQLNHLGFFA98CC,39,9.92,住家用,鋼筋混凝土造,76年4月23日,十四層,,
RPROMLQLNHLGFFA68CC,45,23.14,住家用,鋼筋混凝土造,70年4月3日,五層,,
RPQNMLQLNHLGFFA48CC,45,11.60,住家用,鋼筋混凝土造,70年1月24日,五層,,
RPWNMLQLNHLGFFA09CC,49,43.34,住家用,鋼筋混凝土造,66年10月27日,七層,,
RPPNMLRLNHLGFFA48CC,45,57.92,住家用,鋼筋混凝土造,70年5月7日,五層,,
RPTOMLRLNHLGFEA88CC,41,65.47,住家用,鋼筋混凝土造,74年5月17日,五層,,
RPTOMLRLNHLGFEA88CC,41,6.33,共有部分,鋼筋混凝土造,74年5月17日,五層,,
RPUNMLSLNHLGFAA58CC,44,60.34,商業用,鋼筋混凝土造,71年11月26日,十二層,,
RPUNMLSLNHLGFAA58CC,44,6.56,共有部分,鋼筋混凝土造,71年11月26日,十二層,,
RPWNMLSLNHLGFAA78CC,47,33.36,商業用,鋼筋混凝土造,68年8月20日,五層,,
RPOOMLSLNHLGFAA08CC,26,99.64,商業用,鋼筋混凝土造,89年8月24日,九層,,
RPOOMLSLNHLGFAA08CC,26,14.11,共有部分,鋼筋混凝土造,89年8月24日,九層,,
RPOOMLSLNHLGFAA08CC,26,14.52,共有部分,鋼筋混凝土造,89年8月24日,九層,,
RPQOMLSLNHLGFAA28CC,30,23.38,住家用,見使用執照,85年1月4日,二十四層,,
RPQOMLSLNHLGFAA28CC,30,14.78,共有部分,見使用執照,85年1月4日,二十四層,,
RPQOMLSLNHLGFAA28CC,30,6.76,共有部分,見使用執照,85年1月4日,二十四層,,
RPUNMLSLNHLGFBA68CC,41,77.78,住家用,鋼筋混凝土造,74年10月9日,七層,,
RPUNMLSLNHLGFBA68CC,41,15.81,共有部分,鋼筋混凝土造,74年10月9日,七層,,
RPXNMLSLNHLGFBA98CC,,41.46,,磚造,,二層,,
RPROMLSLNHLGFBA48CC,59,66.12,住商用,鋼筋混凝土造,56年11月10日,六層,,
RPROMLSLNHLGFAA38CC,,79.90,,加強磚造,,二層,,
RPPOMLSLNHLGFAA18CC,56,21.50,住家用,加強磚造,58年12月31日,三層,,
RPTNMLPLNHLGFEA58CC,24,126.39,住家用,鋼筋混凝土造,91年1月25日,七層,,
RPTNMLPLNHLGFEA58CC,24,48.53,共有部分,鋼筋混凝土造,91年1月25日,七層,,
RPTNMLPLNHLGFEA58CC,24,9.63,共有部分,鋼筋混凝土造,91年1月25日,七層,,
RPTNMLPLNHLGFEA58CC,24,51.20,共有部分,鋼筋混凝土造,91年1月25日,七層,,
RPQOMLSLNHLGFBA38CC,48,55.75,商業用,鋼筋混凝土造,67年5月20日,九層,,
RPQOMLSLNHLGFBA38CC,48,10.81,共有部分,鋼筋混凝土造,67年5月20日,九層,,
RPUOMLSLNHLGFBA78CC,51,31.61,住家用,鋼筋混凝土造,64年5月23日,五層,,
RPWNMLRLNHLGFEA09CC,52,83.45,住家用,鋼筋混凝土造,62年12月7日,四層,,
RPVOMLSLNHLGFBA88CC,44,98.66,住家用,鋼筋混凝土造,71年5月11日,七層,,
RPVOMLSLNHLGFBA88CC,44,18.22,共有部分,鋼筋混凝土造,71年5月11日,七層,,
RPVOMLSLNHLGFBA88CC,44,10.26,共有部分,鋼筋混凝土造,71年5月11日,七層,,
RPSNMLSLNHLGFCA58CC,30,115.49,住家用,鋼筋混凝土造,85年10月4日,十三層,,
RPSNMLSLNHLGFCA58CC,30,6.60,共有部分,鋼筋混凝土造,85年10月4日,十三層,,
RPSNMLSLNHLGFCA58CC,30,36.50,共有部分,鋼筋混凝土造,85年10月4日,十三層,,
RPSNMLSLNHLGFCA58CC,30,34.52,共有部分,鋼筋混凝土造,85年10月4日,十三層,,
RPTNMLRLNHLGFFA88CC,40,127.21,住家用,鋼筋混凝土造,75年9月3日,六層,,
RPSOMLRLNHLGFEA78CC,48,83.64,住家用,鋼筋混凝土造,67年4月24日,四層,,
RPTNMLRLNHLGFFA88CC,40,7.16,共有部分,鋼筋混凝土造,75年9月3日,六層,,
RPWOMLSLNHLGFBA98CC,,68.53,,加強磚造,,三層,,
RPXNMLSLNHLGFCA09CC,17,23.34,住家用,鋼筋混凝土造,98年1月6日,十四層,,
RPXNMLSLNHLGFCA09CC,17,6.82,共有部分,鋼筋混凝土造,98年1月6日,十四層,,
RPXNMLSLNHLGFCA09CC,17,1.65,共有部分,鋼筋混凝土造,98年1月6日,十四層,,
RPXNMLSLNHLGFCA09CC,17,7.44,共有部分,鋼筋混凝土造,98年1月6日,十四層,,
RPVOMLSLNHLGFCA98CC,31,57.41,住家用,鋼筋混凝土造,84年9月23日,四層,,
RPVOMLSLNHLGFCA98CC,31,29.13,共有部分,鋼筋混凝土造,84年9月23日,四層,,
RPQPMLSLNHLGFCA58CC,51,74.95,住家用,鋼筋混凝土造,64年2月26日,四層,,
RPUOMLSLNHLGFCA88CC,31,100.17,住家用,鋼筋混凝土造,83年12月29日,十一層,,
RPSPMLSLNHLGFCA78CC,34,34.15,商業用,鋼筋混凝土造,81年1月25日,九層,,
RPUOMLSLNHLGFCA88CC,31,27.64,共有部分,鋼筋混凝土造,83年12月29日,十三層,,
RPSPMLSLNHLGFCA78CC,34,8.90,共有部分,鋼筋混凝土造,81年1月25日,九層,,
RPTPMLSLNHLGFCA88CC,43,17.00,住家用,鋼筋混凝土造,72年11月16日,七層,,
RPVPMLSLNHLGFCA09CC,48,181.34,商業用,鋼筋混凝土造,67年1月11日,十二層,,
RPVPMLSLNHLGFCA09CC,48,42.77,共有部分,鋼筋混凝土造,67年1月11日,十二層,,
RPUPMLSLNHLGFCA98CC,42,78.69,住家用,鋼筋混凝土造,73年1月31日,七層,,
RPUPMLSLNHLGFCA98CC,42,27.14,共有部分,鋼筋混凝土造,73年1月31日,七層,,
RPWPMLSLNHLGFCA56CC,24,84.55,住家用,鋼筋混凝土造,91年6月6日,三層,,
RPWPMLSLNHLGFCA56CC,24,2.75,共有部分,鋼筋混凝土造,91年6月6日,四層,,
RPWPMLSLNHLGFCA56CC,24,31.66,共有部分,鋼筋混凝土造,91年6月6日,四層,,
RPWPMLSLNHLGFCA56CC,24,12.07,共有部分,鋼筋混凝土造,91年6月6日,三層,,
RPQNMLSLNHLGFEA58CC,42,22.68,住家用,鋼筋混凝土造,73年4月19日,十二層,,
RPQNMLSLNHLGFEA58CC,42,9.76,共有部分,鋼筋混凝土造,73年4月19日,十二層,,
RPTNMLSLNHLGFEA88CC,45,91.68,住家用,鋼筋混凝土造,70年3月4日,四層,,
RPRNMLSLNHLGFEA68CC,52,117.26,住家用,鋼筋混凝土造,62年11月22日,四層,,
RPWOMLSLNHLGFEA66CC,54,113.91,住家用,加強磚造,61年4月10日,三層,,
RPVOMLSLNHLGFEA56CC,31,54.51,商業用,鋼筋混凝土造,84年11月14日,六層,,
RPXOMLSLNHLGFEA76CC,44,114.62,住家用,鋼筋混凝土造,71年9月17日,五層,,
RPVOMLSLNHLGFEA56CC,31,9.28,共有部分,鋼筋混凝土造,84年11月14日,六層,,
RPXOMLSLNHLGFEA76CC,44,8.78,共有部分,鋼筋混凝土造,71年9月17日,五層,,
RPRPMLSLNHLGFEA88CC,17,38.15,住家用,鋼筋混凝土造,98年8月18日,十九層,,
RPUNMLSLNHLGFFA09CC,49,16.53,住家用,鋼筋混凝土造,66年1月11日,十二層,,
RPRPMLSLNHLGFEA88CC,17,.45,共有部分,鋼筋混凝土造,98年8月18日,十九層,,
RPRPMLSLNHLGFEA88CC,17,15.05,共有部分,鋼骨鋼筋混凝土造,98年8月18日,十九層,,
RPRPMLSLNHLGFEA88CC,17,7.42,共有部分,鋼骨鋼筋混凝土造,98年8月18日,十九層,,
RPRNMLTLNHLGFAA38CC,49,94.45,住家用,鋼筋混凝土造,66年10月5日,四層,,
RPPNMLTLNHLGFAA18CC,42,99.11,住家用,鋼筋混凝土造,73年7月11日,五層,,
RPPNMLTLNHLGFAA18CC,42,3.51,共有部分,鋼筋混凝土造,73年7月11日,五層,,
RPPNMLSLNHLGFFA58CC,49,16.53,住家用,鋼筋混凝土造,66年1月11日,十二層,,
RPSNMLTLNHLGFAA48CC,,27.46,住家用,加強磚造,,五層,,
RPTNMLTLNHLGFAA58CC,31,40.17,住家用,鋼筋混凝土造,84年11月22日,十六層,,
RPTNMLTLNHLGFAA58CC,31,6.50,見使用執照,鋼筋混凝土造,84年11月22日,十六層,,
RPTNMLTLNHLGFAA58CC,31,4.68,見使用執照,鋼筋混凝土造,84年11月22日,十六層,,
RPUNMLTLNHLGFAA68CC,43,87.52,辦公室,鋼筋混凝土造,71年12月20日,五層,,
RPUNMLTLNHLGFBA78CC,17,36.27,一般事務所,鋼骨造,98年7月24日,十八層,,
RPUNMLTLNHLGFBA78CC,17,13.88,共有部分,鋼骨造,98年7月24日,十八層,,
RPUNMLTLNHLGFBA78CC,17,4.08,共有部分,鋼骨造,98年7月24日,十八層,,
RPVNMLTLNHLGFAA78CC,12,37.41,住家用,鋼筋混凝土造,103年1月22日,七層,,
RPQNMLTLNHLGFBA38CC,52,82.72,工業用,鋼筋混凝土造,63年3月7日,四層,,
RPVNMLTLNHLGFAA78CC,12,22.41,共有部分，本共有部分之項目有行動不便者使用設備、梯廳、管委會、機械停車設備（機車昇降機）、台電配電室、甲梯、乙梯、機車停車空間兼防空避難室、進風、排風、電信機房、消防泵浦室、防空避難室、水箱、緊急發電機室、消防水箱、自來水水塔等１７項,鋼筋混凝土造,103年1月22日,七層,,
RPWNMLTLNHLGFBA98CC,7,63.28,住家用,鋼筋混凝土造,107年11月29日,十四層,,
RPWNMLTLNHLGFBA98CC,7,12.98,本共有部分之項目有：排煙室、緊急昇降機、供行動不便者使用昇降機、梯廳、安全梯（Ａ梯）、戶外安全梯（Ｂ梯）、無障礙廁所盥洗室、無障礙坡道、騎樓、進風管道、排風管道、樓梯間、電梯機房、消防水箱、不鏽鋼爬梯、防空避難室兼停車空間、機房、電錶室、發電機房、受電箱、台電配電場所、電梯間、垃圾儲存空間、機房（供電信使用）、安全梯（Ｂ梯）、水箱、消防泵浦室及蓄水池等２８項,鋼筋混凝土造,107年11月29日,十四層,,
RPWNMLTLNHLGFBA98CC,7,14.01,本共有部分之項目有：排煙室、緊急昇降機、供行動不便者使用昇降機、梯廳、安全梯（Ａ梯）及戶外安全梯（Ｂ梯）等６項,鋼筋混凝土造,107年11月29日,十四層,,
RPWNMLTLNHLGFBA98CC,7,45.21,本共有部分之項目有：汽機車出入口、騎樓、車道、防空避難室兼停車空間及停車空間等５項,鋼筋混凝土造,107年11月29日,十四層,,
RPPOMLTLNHLGFBA38CC,53,21.92,住家用,鋼筋混凝土造,61年12月5日,四層,,
RPOOMLTLNHLGFBA28CC,,36.36,,加強磚造,,四層,,
RPQOMLTLNHLGFBA48CC,,20.03,,加強磚造,,四層,,
RPROMLTLNHLGFBA58CC,63,27.74,,加強磚造,52年6月19日,四層,,
RPUOMLTLNHLGFBA88CC,51,31.18,,鋼筋混凝土造,64年4月3日,五層,,
RPXOMLTLNHLGFBA56CC,59,25.92,住家用,加強磚造,55年12月22日,三層,,
RPVOMLTLNHLGFBA98CC,55,23.14,住家用,鋼筋混凝土造,60年8月4日,四層,,
RPOPMLTLNHLGFBA38CC,59,25.92,住家用,加強磚造,55年12月22日,三層,,
RPTPMLTLNHLGFBA88CC,10,36.89,住家用,鋼骨造,105年3月31日,二十六層,,
RPTPMLTLNHLGFBA88CC,10,19.30,本共有部分之項目有機電設備空間、消防中繼水箱、消防機電設備空間、消防中繼幫浦室、自來水箱、樓梯間、進風、排煙、一般安全梯Ｄ、安全梯Ｂ２、安全梯Ｂ３、緊急升降機、緊急升降機兼供行動不便者使用電梯、一般昇降機、排煙室Ｂ１、電力管道室、走道、無機房昇降機、防災中心、信箱間、特別安全梯Ａ、特別安全梯Ｂ、特別安全梯Ｃ、一般安全梯Ａ１、一般安全梯Ｂ１、排煙室Ａ１、排煙室Ａ２、排煙室Ｂ２、排煙室Ｃ、梯廳（排煙室Ｂ１）、梯廳、消防撒水、排水、排氣、進氣口、排氣口管道、發電機排氣口、進氣管道、電氣排水消防、陽台、（６ＭＸ１２Ｍ）緩衝空間、電力、管理委員會使用空間、走廊、水錶室、電管道室、台電配電室、受電箱、排氣管道、弱電、消防管道、機電設備空間（消防中繼幫浦室）、防空避難室兼停車空間、發電機室兼大公變電室、垃圾處理室、垃圾裝卸空間、電梯間、停車空間、機電設備空間（供電信使用）、小公變電室、自來水池、消防幫浦室、法定裝卸車位、騎樓、自設騎樓及法定騎樓等６６項,鋼骨造,105年3月31日,二十六層,,
RPQPMLTLNHLGFBA58CC,34,23.13,住家用,鋼筋混凝土造,81年9月21日,六層,,
RPQPMLTLNHLGFBA58CC,34,7.74,共有部分,鋼筋混凝土造,81年9月21日,六層,,
RPQPMLTLNHLGFBA58CC,34,4.38,共有部分,鋼筋混凝土造,81年8月21日,六層,,
RPUPMLTLNHLGFBA98CC,45,16.27,商業用,鋼筋混凝土造,70年2月23日,十一層,,
RPUPMLTLNHLGFBA98CC,45,6.12,共有部分,鋼筋混凝土造,70年2月23日,十一層,,
RPPQMLTLNHLGFBA58CC,55,137.85,商業用,鋼筋混凝土造,60年5月10日,七層,,
RPQQMLTLNHLGFBA68CC,43,85.53,住家用,鋼筋混凝土造,72年6月23日,十二層,,
RPQQMLTLNHLGFBA68CC,43,12.70,共有部分,鋼筋混凝土造,72年6月23日,十二層,,
RPQNMLTLNHLGFCA48CC,42,18.25,住家用,鋼筋混凝土造,73年10月19日,五層,,
RPOOMLTLNHLGFCA38CC,27,26.91,商業用,鋼筋混凝土造,88年4月27日,十四層,,
RPOOMLTLNHLGFCA38CC,27,9.78,共有部分,鋼筋混凝土造,88年4月27日,十四層,,
RPRNMLTLNHLGFCA58CC,44,80.59,商業用,鋼筋混凝土造,71年5月31日,十二層,,
RPRNMLTLNHLGFCA58CC,44,26.62,共有部分,鋼筋混凝土造,71年5月31日,十二層,,
RPQOMLTLNHLGFCA58CC,23,22.70,住家用,鋼筋混凝土造,92年1月22日,十四層,,
RPQOMLTLNHLGFCA58CC,23,12.65,共有部分,鋼筋混凝土造,92年1月22日,十四層,,
RPQOMLTLNHLGFCA58CC,23,1.85,共有部分,鋼筋混凝土造,92年1月22日,十四層,,
RPVOMLTLNHLGFCA09CC,46,21.34,住家用,鋼筋混凝土造,68年12月31日,五層,,
RPQPMLTLNHLGFCA68CC,40,104.29,住家用,鋼筋混凝土造,75年2月24日,五層,,
RPQPMLTLNHLGFCA68CC,40,10.66,共有部分,鋼筋混凝土造,75年2月24日,五層,,
RPSPMLTLNHLGFCA88CC,15,27.90,住家用,鋼筋混凝土造,99年12月24日,十四層,,
RPSPMLTLNHLGFCA88CC,15,14.71,本共有部分之項目有：管委會空間、機車停車空間、外廊、機房、陽臺、Ａ戶外樓梯、Ｂ戶外樓梯、排煙室、梯廳、緊急升降機、走道、雨遮、水箱、進風、排煙、發電機室、電錶室、排風、台電配電室、機房〈供電信使用〉、消防泵浦室、發電機油箱等２２項。,鋼筋混凝土造,99年12月24日,十四層,,
RPSPMLTLNHLGFCA88CC,15,2.21,本共有部分之項目有：排煙室兼梯廳、緊急升降機、車道、花台、景觀水池、陽台、防空避難室兼停車空間、排煙室、停車空間、等９項。,鋼筋混凝土造,99年12月24日,十四層,,
RPROMLTLNHLGFCA68CC,42,29.22,住家用,鋼筋混凝土造,73年3月7日,十二層,,
RPROMLTLNHLGFCA68CC,42,5.60,共有部分,鋼筋混凝土造,73年3月7日,十二層,,
RPSOMLTLNHLGFCA78CC,43,94.21,商業用,鋼筋混凝土造,71年12月28日,五層,,
RPSOMLQLNHLGFDA58CC,52,90.53,住家用,鋼筋混凝土造,63年8月30日,四層,,
RPOOMLRLNHLGFDA28CC,44,94.22,住家用,鋼筋混凝土造,71年2月25日,七層,,
RPOOMLRLNHLGFDA28CC,44,14.62,共有部分,鋼筋混凝土造,71年2月25日,七層,,
RPPPMLRLNHLGFDA48CC,24,60.62,見使用執照,鋼骨鋼筋混凝土造,91年6月19日,十四層,,
RPRPMLRLNHLGFDA68CC,37,31.16,商業用,鋼筋混凝土造,78年6月29日,二十層,,
RPPPMLRLNHLGFDA48CC,24,15.55,共有部分,鋼骨鋼筋混凝土造,91年6月19日,十四層,,
RPRPMLRLNHLGFDA68CC,37,7.05,共有部分,鋼筋混凝土造,78年6月29日,二十層,,
RPPPMLRLNHLGFDA48CC,24,5.88,共有部分,鋼骨鋼筋混凝土造,91年6月19日,十四層,,
RPWNMLSLNHLGFDA09CC,41,9.92,住家用,鋼筋混凝土造,74年7月3日,五層,,
RPOPMLRLNHLGFDA38CC,8,273.74,一般事務所,鋼骨造,107年10月23日,二十層,,
RPOPMLRLNHLGFDA38CC,8,148.28,本共有部分之項目有入口大廳、特別安全梯Ａ１（行動不便樓梯）、特別安全梯Ａ２、Ｂ梯廳、安全梯Ｂ１、特別安全梯Ｂ２、緊急升降機兼行動不便使用、客梯、貨梯、貨梯間行動不便廁所、男廁、女廁、電氣弱電室、排煙室、管道、排風管道、送風管道、冷卻水冰水管道、Ｃ梯廳、機房、茶水間、陽臺、電梯機房、機房（電氣弱電室）、熱水機房、消防中繼水箱機房、發電機房、排風井、一般旅館業（電氣弱電室）、樓梯走廊、管道間、消防管道、客房排風機房、熱水鍋爐機房、公共廁所、一般旅館水箱加壓泵浦室、一般事務所水箱泵浦機房、屋頂消防水箱室、Ａ梯廳、台電配電場所、機房（一般旅館業自設變電站）、機房（一般事務所自設變電站）、管委會空間（一般旅館業垃圾儲藏室）、管委會空間（一般事務所垃圾儲藏室）、防災中心、控管中心、計程車排班區、防空避難室兼停車空間、機車停車空間、汽車車道、機車車道、排風機房、送風機房、共用廁所、台電通道、台電管道間、法定裝卸車位、垃圾車暫停車位、電信室、汽車停車空間、電梯機坑、給排水管道、空調機房、安全梯Ａ１（行動不便樓梯）、雨水回收機房、水箱泵浦機房、儲油槽、油槽室及消防泵浦室等七十項。,鋼骨造,107年10月23日,二十層,,
RPSPMLRLNHLGFDA78CC,48,56.62,住家用,鋼筋混凝土造,67年8月17日,十五層,,
RPSPMLRLNHLGFDA78CC,48,12.47,共有部分,鋼筋混凝土造,67年8月17日,十五層,,
RPQPMLRLNHLGFDA58CC,49,91.92,住家用,鋼筋混凝土造,66年2月26日,四層,,
RPQOMLSLNHLGFDA58CC,43,30.73,商業用,鋼骨鋼筋混凝土造,72年10月5日,十五層,,
RPUPMLRLNHLGFDA98CC,36,49.46,住家用,鋼筋混凝土造,79年8月17日,七層,,
RPUPMLRLNHLGFDA98CC,36,6.80,共有部分,鋼筋混凝土造,79年8月17日,七層,,
RPPNMLTLNHLGFEA58CC,19,17.64,住家用,鋼筋混凝土造,96年2月16日,五層,,
RPPNMLTLNHLGFEA58CC,19,9.22,共有部分,鋼筋混凝土造,96年2月16日,五層,,
RPQNMLTLNHLGFEA68CC,4,28.23,集合住宅,鋼筋混凝土造,111年11月4日,七層,,
RPQNMLTLNHLGFEA68CC,4,17.52,本共有部分之項目有：管委會使用空間、梯廳、機車升降機、一般昇降機、無障礙昇降機、梯間、水箱、電梯機房、台電配電場所、機房（垃圾儲藏室）、發電機室發進、通排、發電機室發排、防空避難室兼停車空間、電信機房、緊急發電機房、雨水機房、消防機房、通風、消防專用水箱無障礙停車位、車道、汽車升降機、停車空間、Ａ梯、Ｂ梯等２６項。,鋼筋混凝土造,111年11月4日,七層,,
RPQNMLTLNHLGFFA78CC,45,29.32,住家用,鋼筋混凝土造,70年8月3日,七層,,
RPSNMLTLNHLGFFA98CC,53,47.54,住家用,鋼筋混凝土造,62年7月2日,四層,,
RPVNMLSLNHLGFDA98CC,41,9.92,住家用,鋼筋混凝土造,74年7月3日,五層,,
RPQNMLKMNHLGFCA67CC,32,22.72,住家用,鋼筋混凝土造,83年8月12日,十二層,,
RPQNMLKMNHLGFCA67CC,32,11.31,共有部分,鋼筋混凝土造,83年8月12日,十二層,,
RPRNMLKMNHLGFCA77CC,40,17.39,住家用,鋼筋混凝土造,75年2月24日,五層,,
RPPNMLKMNHLGFAA37CC,,25.00,,加強磚造,,二層,,
RPPNMLKMNHLGFFA87CC,46,123.41,商業用,鋼筋混凝土造,69年5月31日,十二層,,
RPPNMLKMNHLGFFA87CC,46,25.14,共有部分,鋼筋混凝土造,69年5月31日,十二層,,
RPRNMLKMNHLGFFA08CC,43,63.02,商業用,鋼筋混凝土造,72年2月18日,十二層,,
RPRNMLKMNHLGFFA08CC,43,9.04,共有部分,鋼筋混凝土造,72年2月18日,十二層,,
RPSNMLKMNHLGFFA18CC,44,12.03,住家用,鋼筋混凝土造,71年8月3日,五層,,
RPUNMLKMNHLGFFA38CC,44,15.81,住家用,鋼筋混凝土造,71年8月3日,五層,,
RPQNMLLMNHLGFAA57CC,5,181.45,一般事務所,鋼骨鋼筋混凝土造,110年5月20日,二十二層,,
RPQNMLLMNHLGFAA57CC,5,74.35,共有部分，本共有部分之項目有騎樓、門廊、大廳、Ａ梯（特安梯）、Ｂ梯（特安梯）、戶外水池、走廊、儲藏室、廁所、梯廳（一）、排煙室、防災中心、昇降機、梯廳（二）、緊急昇降機、Ｃ梯停獎專用、管道間、大廳（排煙室）、通道、管委會使用空間、空調設備機房、機車車道、雨遮、管委會使用空間（一）、管委會使用空間（二）、梯廳（三）（排煙室）、梯廳（四）（排煙室）、走道、管委會空間、陽台、游泳池使用空間、游泳池、梯廳（排煙室）（二）、梯廳（排煙室）（三）、梯廳（排煙室）、機房（一）、機房（二）、機房（三）、機房（四）、機房、機房（水表空間）、電梯機房、消防水箱、水箱、台電配電場所、電錶空間、機車停車空間、垃圾儲存空間、卸貨車位、Ｃ梯（安全梯）、游泳池設備機房、消防補助水箱、戶外水池過濾設備機房、管理員室（停獎）、梯廳、消防泵浦室（二）、發電機室、機房（供本大樓電信使用）、噴灌系統機房、組合水箱（游泳池）、消防泵浦室（一）、機房（供本大樓雨水回收系統設備用）、水箱（組合式水箱）、Ｄ梯、Ａ梯（安全梯）等６５項,鋼骨鋼筋混凝土造,110年5月20日,二十二層,,
RPQNMLLMNHLGFAA57CC,5,20.04,共有部分，本共有部分之項目有梯廳（一）、男廁、女廁、茶水間（一）、茶水間（二）等５項,鋼骨鋼筋混凝土造,110年5月20日,二十二層,,
RPQNMLLMNHLGFAA57CC,5,77.26,共有部分，本共有部分之項目有汽車車道、防空避難室兼停車空間、停車空間、廁所等４項,鋼骨鋼筋混凝土造,110年5月20日,二十二層,,
RPPNMLLMNHLGFCA67CC,48,92.63,住商用,鋼筋混凝土造,67年4月18日,五層,,
RPTNMLTLNHLGFFA09CC,55,46.77,住家用,鋼筋混凝土造,60年3月1日,六層,,
RPQNMLLJOHLGFAA37CC,43,111.14,住家用,鋼筋混凝土造,72年6月23日,五層,,
RPQNMLLJOHLGFAA37CC,43,8.88,共有部分,鋼筋混凝土造,72年6月23日,五層,,
RPSNMLLJOHLGFAA57CC,36,16.00,集合住宅,鋼筋混凝土造,79年8月28日,四層,,
RPUNMLLJOHLGFAA77CC,47,25.77,集合住宅,鋼筋混凝土造,68年1月4日,四層,,
RPOOMLLJOHLGFAA27CC,45,94.65,住家用,鋼筋混凝土造,70年4月9日,五層,,
RPPOMLLJOHLGFAA37CC,47,109.30,住家用,鋼筋混凝土造,68年10月27日,五層,,
RPQOMLLJOHLGFAA47CC,31,38.77,住家用,鋼筋混凝土造,84年11月22日,十六層,,
RPQOMLLJOHLGFAA47CC,31,6.31,見使用執照,鋼筋混凝土造,84年11月22日,十六層,,
RPQOMLLJOHLGFAA47CC,31,4.49,見使用執照,鋼筋混凝土造,84年11月22日,十六層,,
RPTOMLLJOHLGFAA77CC,,35.11,住家用,加強磚造,,五層,,
RPUOMLLJOHLGFAA87CC,30,22.82,住家用,見使用執照,85年1月4日,二十四層,,
RPUOMLLJOHLGFAA87CC,30,13.52,共有部分,見使用執照,85年1月4日,二十四層,,
RPUOMLLJOHLGFAA87CC,30,6.72,共有部分,見使用執照,85年1月4日,二十四層,,
RPVOMLLJOHLGFAA97CC,42,97.65,住家用,鋼筋混凝土造,73年6月8日,五層,,
RPVOMLLJOHLGFAA97CC,42,4.71,共有部分,鋼筋混凝土造,73年6月8日,五層,,
RPXOMLLJOHLGFAA18CC,44,114.03,住家用,鋼筋混凝土造,71年2月25日,五層,,
RPXOMLLJOHLGFAA18CC,44,9.19,共有部分,鋼筋混凝土造,71年2月25日,五層,,
RPPNMLLJOHLGFBA37CC,38,40.65,住家用,鋼筋混凝土造,76年12月21日,八層,,
RPPNMLLJOHLGFBA37CC,38,14.49,共有部分,鋼筋混凝土造,76年12月21日,八層,,
RPSNMLLJOHLGFBA67CC,46,19.85,見使用執照,鋼筋混凝土造,69年6月27日,五層,,
RPVNMLLJOHLGFBA97CC,,78.88,,加強磚造,,四層,,
RPPPMLLJOHLGFBA57CC,51,45.88,住家用,鋼筋混凝土造,64年5月8日,五層,,
RPQPMLLJOHLGFBA67CC,51,93.19,住家用,鋼筋混凝土造,64年5月6日,四層,,
RPVPMLLJOHLGFBA18CC,43,83.26,住家用,鋼筋混凝土造,72年9月29日,五層,,
RPVPMLLJOHLGFBA18CC,43,8.91,共有部分,鋼筋混凝土造,72年9月29日,五層,,
RPUNMLLJOHLGFCA97CC,46,95.51,住家用,鋼筋混凝土造,68年12月21日,四層,,
RPVNMLLJOHLGFCA08CC,44,107.71,住家用,鋼筋混凝土造,71年9月18日,五層,,
RPOOMLLJOHLGFCA47CC,37,30.22,住家用,鋼筋混凝土造,78年9月20日,五層,,
RPPOMLLJOHLGFCA57CC,42,24.51,住家用,鋼筋混凝土造,73年9月27日,十三層,,
RPPOMLLJOHLGFCA57CC,42,6.50,共有部分,鋼筋混凝土造,73年9月27日,十三層,,
RPROMLLJOHLGFCA77CC,14,385.04,一般事務所,鋼骨造,101年11月16日,十七層,,
RPROMLLJOHLGFCA77CC,14,263.01,本共有部分之項目有排風、排煙、垃圾暫存室、通道、甲梯、乙梯、丙梯、丁梯、特別安全梯、陽台、機車昇降機、供電相關管道、１２人份一般升降機、１２人份無障礙升降機、１７人份緊急升降機、污水管道、梯廳一、梯廳二、管理員室、管理委員會使用空間、進氣管道、地下層排煙、茶水間、消防管道、進風排煙管道、給排汙水管道、通道、男廁、女廁、無障礙廁所、一般管道、排氣管道、無障礙迴轉半徑、梯間、機房空間、機械室、消防水箱、日用水箱空間、進風、逆止閥檢修孔、配電箱區、台電配電室、高層建築防災中心、燃油槽、殘油坑、發電機室、雨水回收蓄水池、日用水箱、電信機房、ＦＲＰ製消防水箱、泡沫泵、消防泵、消防泵浦室、撒水泵、防空避難室兼停車空間、防空避難室、檢修口、儲藏空間、廢水池、排煙室及污水池等６１項。,鋼骨鋼筋混凝土造、鋼骨造,101年11月16日,十七層,,
RPTOMLLJOHLGFCA97CC,52,35.59,住家用,鋼筋混凝土造,63年9月12日,四層,,
RPUOMLLJOHLGFCA08CC,46,254.16,商業用,鋼筋混凝土造,69年7月29日,十二層,,
RPUOMLLJOHLGFCA08CC,46,73.83,共有部分,鋼筋混凝土造,69年7月29日,十二層,,
RPVOMLLJOHLGFCA18CC,29,11.57,見使用執照,鋼筋混凝土造,86年3月26日,十二層,,
RPVOMLLJOHLGFCA18CC,29,3.39,共有部分,鋼筋混凝土造,86年3月26日,十二層,,
RPTNMLTLNHLGFDA88CC,54,67.77,住家用,鋼筋混凝土造,60年12月3日,四層,,
RPTOMLSLNHLGFDA88CC,52,93.96,住家用,鋼筋混凝土造,63年1月14日,四層,,
RPWNMLTLNHLGFDA56CC,20,22.52,一般事務所,鋼筋混凝土造,95年8月2日,十三層,,
RPRNMLTLNHLGFDA68CC,33,15.00,住家用,鋼筋混凝土造,82年8月1日,三層,,
RPWNMLTLNHLGFDA56CC,20,3.06,共有部分,鋼筋混凝土造,95年8月2日,十三層,,
RPWNMLTLNHLGFDA56CC,20,1.25,共有部分,鋼筋混凝土造,95年8月2日,十三層,,
RPWNMLTLNHLGFDA56CC,20,5.83,共有部分,鋼筋混凝土造,95年8月2日,十三層,,
RPVNMLTLNHLGFDA09CC,56,11.20,住家用,加強磚造,59年2月19日,四層,,
RPXOMLSLNHLGFDA66CC,41,75.51,住家用,鋼筋混凝土造,74年8月2日,五層,,
RPTPMLSLNHLGFDA98CC,47,16.11,見使用執照,鋼筋混凝土造,68年10月15日,五層,,
RPXOMLSLNHLGFDA66CC,41,9.44,共有部分,鋼筋混凝土造,74年8月2日,五層,,
RPQNMLTLNHLGFDA58CC,,29.71,住家用,加強磚造,,三層,,
RPSNMLTLNHLGFDA78CC,30,22.85,住家用,鋼筋混凝土造,85年11月25日,七層,,
RPSNMLTLNHLGFDA78CC,30,4.81,共有部分,鋼筋混凝土造,85年11月25日,七層,,
RPSNMLTLNHLGFDA78CC,30,2.37,共有部分,鋼筋混凝土造,85年11月25日,七層,,
RPVOMLSLNHLGFDA09CC,1,80.09,集合住宅,鋼骨造,113年12月24日,二十二層,,
RPVOMLSLNHLGFDA09CC,1,32.71,本共有部分之項目有梯廳、門廳、騎樓、排煙室、一般升降機１５人份、一般升降機１２人份、緊急用升降機１７人份兼無障礙使用、特別安全梯Ａ、特別安全梯Ｂ無障礙樓梯、安全梯Ｃ無障礙樓梯、外廊、陽台、機械室、管委會使用空間、安全梯、樓電梯間、昇降機房、消防機房、水箱、消防水箱、防災中心、發電機排風管道、發電機進風管道、地下室進風管道、地下室排風管道、進風管道、排風管道、汽車坡道、台電配電場所、防空避難室兼停車空間、機電設備空間、機電設備空間（垃圾儲藏室）、垃圾車臨停區、受電箱、上方發電機排風管道、上方發電機進風管道、停車空間、機電設備空間（電信機房）、緊急發電機室、機電設備空間（雨水機房）及消防泵浦室等４１項。,鋼骨造,113年12月24日,二十二層,,
RPVOMLSLNHLGFDA09CC,1,12.39,本共有部分之項目有梯廳、排煙室及水表空間等３項。,鋼骨造,113年12月24日,二十二層,,
RPQNMLQLNHLGFEA48DC,55,96.23,住家用,鋼筋混凝土造,60年5月25日,四層,,
RPUOMLTLNHLGFDA09CC,35,14.88,住家用,鋼筋混凝土造,80年11月2日,七層,,
RPUOMLTLNHLGFDA09CC,35,.00,共有部分,鋼筋混凝土造,80年11月2日,七層,,
RPROMLTLNHLGFDA78CC,43,30.73,商業用,鋼骨鋼筋混凝土造,72年10月5日,十五層,,
RPQNMLLJOHLGFDA67CC,43,30.49,商業用,鋼骨鋼筋混凝土造,72年10月5日,十五層,,
RPRNMLLJOHLGFDA77CC,43,30.42,商業用,鋼骨鋼筋混凝土造,72年10月5日,十五層,,
RPPNMLLMNHLGFDA77CC,56,31.59,住家用,加強磚造,59年4月16日,四層,,
RPQNMLLJOHLGFEA77CC,29,62.14,住家用,鋼筋混凝土造,86年7月24日,七層,,
RPQNMLLJOHLGFEA77CC,29,3.56,共有部分,鋼筋混凝土造,86年7月24日,七層,,
RPQNMLLJOHLGFEA77CC,29,12.31,共有部分,鋼筋混凝土造,86年7月24日,七層,,
RPQNMLLJOHLGFEA77CC,29,36.43,共有部分,鋼筋混凝土造,86年7月24日,七層,,
RPVNMLLJOHLGFEA28CC,44,84.99,住家用,鋼筋混凝土造,71年2月26日,五層,,
RPUNMLLJOHLGFEA18CC,42,138.83,住家用,鋼筋混凝土造,73年4月27日,七層,,
RPUNMLLJOHLGFEA18CC,42,17.91,共有部分,鋼筋混凝土造,73年4月27日,七層,,
RPQNMLLMNHLGFDA87CC,47,30.11,住家用,鋼筋混凝土造,68年1月3日,七層,,
RPSNMLLJOHLGFFA08CC,,119.78,住家用,鋼筋混凝土造,,四層,,
RPSNMLLMNHLGFDA08CC,12,34.67,住家用,鋼筋混凝土造,103年3月14日,九層,,
RPSNMLLMNHLGFDA08CC,12,22.68,本共有部分之項目有提供行動不便者使用升降機、公寓大廈管理空間、管理員室、昇降機、安全梯Ｂ、安全梯Ｃ、梯廳、走廊Ａ、走廊Ｂ、升降設備機械空間、樓電梯間、立式水錶間、水箱、消防水箱、爬梯、停獎管理員室、台電配電室、緊急發電機室、電信室、安全梯Ａ、排氣管道、消防泵浦室、機電設備空間、停車轉向緩衝空間、機車停車空間、陽臺、雨遮等二十七項。,鋼筋混凝土造,103年3月14日,九層,,
RPSNMLLMNHLGFDA08CC,12,12.59,本共有部分之項目有車道、ＣＯ２排氣管道、ＣＯ２儲置室、汽車升降載台、等候空間、防空避難設備兼停車空間、自動汽車停車空間、汽車迴轉盤、停車空間等九項。,鋼筋混凝土造,103年3月14日,九層,,
RPTNMLLJOHLGFFA18CC,43,115.20,住家用,鋼筋混凝土造,72年3月12日,七層,,
RPTNMLLJOHLGFFA18CC,43,17.59,共有部分,鋼筋混凝土造,72年3月12日,七層,,
RPPNMLMJOHLGFAA37CC,54,80.45,住家用,鋼筋混凝土造,61年6月21日,四層,,
RPUNMLMJOHLGFAA87CC,4,25.06,集合住宅,鋼筋混凝土造,110年12月2日,四層,,
RPUNMLMJOHLGFAA87CC,4,13.75,本共有部分之項目有管委會空間、梯廳、無障礙升降機、梯間、緊急發電機室、昇降路、停車空間、水箱、垃圾室、消防泵浦室、電信機房、人行通道等１２項。,鋼筋混凝土造,110年12月2日,四層,,
RPWNMLMJOHLGFAA08CC,40,72.36,住家用,鋼筋混凝土造,75年10月24日,九層,,
RPWNMLMJOHLGFAA08CC,40,5.50,共有部分,鋼筋混凝土造,75年10月24日,九層,,
RPROMLMJOHLGFAA67CC,44,9.00,住家用,鋼筋混凝土造,70年12月31日,五層,,
RPROMLMJOHLGFAA67CC,44,10.12,共有部分,鋼筋混凝土造,70年12月31日,五層,,
RPTOMLMJOHLGFAA87CC,43,18.00,住家用,鋼筋混凝土造,72年2月8日,五層,,
RPTOMLMJOHLGFAA87CC,43,4.33,共有部分,鋼筋混凝土造,72年2月8日,五層,,
RPVOMLTLNHLGFDA56CC,50,88.54,住家用,鋼筋混凝土造,64年11月27日,十二層,,
RPVOMLTLNHLGFDA56CC,50,7.27,共有部分,鋼筋混凝土造,64年11月27日,十二層,,
RPSOMLMJOHLGFAA77CC,43,23.00,住家用,鋼筋混凝土造,72年2月8日,五層,,
RPSOMLMJOHLGFAA77CC,43,4.33,共有部分,鋼筋混凝土造,72年2月8日,五層,,
RPPNMLMJOHLGFBA47CC,39,96.22,住家用,鋼筋混凝土造,76年1月23日,十五層,,
RPPNMLMJOHLGFBA47CC,39,20.93,共有部分,鋼筋混凝土造,76年1月23日,十五層,,
RPQOMLTLNHLGFDA68CC,56,14.54,住家用,加強磚造,59年2月19日,四層,,
RPQNMLMJOHLGFBA57CC,43,11.57,住家用,鋼筋混凝土造,72年2月3日,七層,,
RPRNMLMJOHLGFBA67CC,43,11.57,住家用,鋼筋混凝土造,72年2月3日,七層,,
RPQNMLMJOHLGFCA67CC,42,86.65,住家用,鋼筋混凝土造,73年1月16日,五層,,
RPQNMLMJOHLGFCA67CC,42,8.58,共有部分,鋼筋混凝土造,73年1月16日,五層,,
RPPNMLMJOHLGFCA57CC,,88.50,住家用,加強磚造,,四層,,
RPSNMLMJOHLGFBA77CC,49,43.07,商業用,鋼筋混凝土造,66年10月19日,五層,,
RPTNMLMJOHLGFBA87CC,47,26.63,,鋼筋混凝土造,68年4月17日,六層,,
RPWNMLMJOHLGFBA18CC,43,18.04,住家用,鋼筋混凝土造,72年6月24日,十二層,,
RPTNMLMJOHLGFBA87CC,47,7.32,共有部分,鋼筋混凝土造,68年4月17日,六層,,
RPWNMLMJOHLGFBA18CC,43,6.11,共有部分,鋼筋混凝土造,72年6月24日,十二層,,
RPUNMLMJOHLGFCA08CC,14,648.05,一般事務所,鋼骨造,101年11月16日,十七層,,
RPUOMLMJOHLGFCA18CC,50,30.74,住家用,鋼筋混凝土造,65年6月5日,七層,,
RPUOMLMJOHLGFCA18CC,50,5.41,共有部分,鋼筋混凝土造,65年6月5日,七層,,
RPWNMLMJOHLGFCA28CC,39,23.14,商業用,鋼筋混凝土造,75年12月18日,五層,,
RPPPMLMJOHLGFCA77CC,43,92.85,住家用,鋼筋混凝土造,72年6月20日,五層,,
RPPPMLMJOHLGFCA77CC,43,23.48,共有部分,鋼筋混凝土造,72年6月20日,五層,,
RPQPMLMJOHLGFCA87CC,49,17.05,住商用,鋼筋混凝土造,66年11月2日,十二層,,
RPQPMLMJOHLGFCA87CC,49,4.04,共有部分,鋼筋混凝土造,66年11月2日,十二層,,
RPROMLMJOHLGFCA87CC,49,164.05,商業用,鋼筋混凝土造,66年3月4日,四層,,
RPUPMLMJOHLGFCA28CC,17,31.55,商業用,鋼筋混凝土造,98年6月22日,十四層,,
RPUPMLMJOHLGFCA28CC,17,6.33,共有部分,鋼筋混凝土造,98年6月22日,十四層,,
RPUPMLMJOHLGFCA28CC,17,3.11,共有部分,鋼筋混凝土造,98年6月22日,十四層,,
RPUPMLMJOHLGFCA28CC,17,7.98,共有部分,鋼筋混凝土造,98年6月22日,十四層,,
RPUPMLMJOHLGFCA28CC,17,7.57,共有部分,鋼筋混凝土造,98年6月22日,十四層,,
RPWPMLMJOHLGFCA48CC,,252.74,,加強磚造,,四層,,
RPWQMLMJOHLGFCA58CC,18,20.76,住家用,鋼筋混凝土造,97年8月22日,九層,,
RPWQMLMJOHLGFCA58CC,18,7.62,共有部分,鋼筋混凝土造,97年8月22日,九層,,
RPWQMLMJOHLGFCA58CC,18,1.32,共有部分,鋼筋混凝土造,97年8月22日,九層,,
RPWQMLMJOHLGFCA58CC,18,4.01,共有部分,鋼筋混凝土造,97年8月22日,九層,,
RPSOMLLJOHLGFEA08CC,47,67.32,住家用,鋼筋混凝土造,68年1月23日,七層,,
RPSOMLLJOHLGFEA08CC,47,5.99,共有部分,鋼筋混凝土造,68年1月23日,七層,,
RPUOMLLJOHLGFDA18CC,55,23.22,住家用,加強磚造,59年12月15日,四層,,
RPWOMLLJOHLGFDA38CC,,53.11,,加強磚造,,三層,,
RPSNMLLJOHLGFDA87CC,43,30.73,商業用,鋼骨鋼筋混凝土造,72年10月5日,十五層,,
RPPQMLLJOHLGFDA87CC,47,16.11,住家用,鋼筋混凝土造,68年10月15日,五層,,
RPXPMLLJOHLGFDA58CC,47,16.11,見使用執照,鋼筋混凝土造,68年10月15日,五層,,
RPRNMLMJOHLGFDA87CC,39,9.92,住家用,鋼筋混凝土造,76年5月22日,七層,,
RPQPMLLJOHLGFDA87CC,43,29.21,商業用,鋼骨鋼筋混凝土造,72年10月5日,十五層,,
RPPNMLMJOHLGFDA67CC,43,30.42,商業用,鋼骨鋼筋混凝土造,72年10月5日,十五層,,
RPQNMLMJOHLGFDA77CC,41,81.91,集合住宅,鋼筋混凝土造,74年5月22日,十四層,,
RPQNMLMJOHLGFDA77CC,41,21.92,共有部分,鋼筋混凝土造,74年5月22日,十四層,,
RPWPMLLJOHLGFDA48CC,47,16.11,見使用執照,鋼筋混凝土造,68年10月15日,五層,,
RPQQMLLJOHLGFDA97CC,35,298.10,商業用,鋼筋混凝土造,80年6月21日,七層,,
RPQQMLLJOHLGFDA97CC,35,26.14,共有部分,鋼筋混凝土造,80年6月21日,七層,,
RPWNMLLJOHLGFDA28CC,43,89.24,住家用,鋼筋混凝土造,72年9月15日,六層,,
RPWNMLLJOHLGFDA28CC,43,18.75,共有部分,鋼筋混凝土造,72年9月15日,六層,,
RPOOMLLJOHLGFDA57CC,44,229.14,商業用,鋼筋混凝土造,71年7月7日,十六層,,
RPOOMLLJOHLGFDA57CC,44,40.81,共有部分,鋼筋混凝土造,71年7月7日,十六層,,
RPOOMLLJOHLGFDA57CC,44,9.88,共有部分,鋼筋混凝土造,71年7月7日,十六層,,
RPRNMLMJOHLGFEA97CC,10,120.77,住家用,鋼筋混凝土造,105年3月28日,四層,,
RPRNMLMJOHLGFEA97CC,10,147.05,本共有部分之項目有Ａ梯廳、管委會空間、門廳、戶外安全梯Ａ、門廊、台電配電室、昇降機兼行動不便人員用、安全梯Ｂ兼行動不便樓梯、戶外安全梯Ｃ兼行動不便樓梯、Ｂ梯廳、消防泵浦室、污水處理機房、汽車車道、水箱、停車空間、垃圾處理室、集中電錶箱、自來水箱、緊急發電機房通風機房、機電設備空間（供電信使用）、戶外安全梯Ｃ、消防水箱、昇降機房等２３項。,鋼筋混凝土造,105年3月28日,四層,,
RPSNMLNJOHLGFAA77CC,,15.00,,加強磚造,,五層,,
RPRNMLNJOHLGFAA67CC,,15.00,,加強磚造,,五層,,
RPQNMLNJOHLGFBA67CC,48,48.66,住商用,鋼筋混凝土造,67年4月7日,五層,,
RPXNMLNJOHLGFAA28CC,19,23.67,集合住宅,鋼筋混凝土造,96年9月6日,十三層,,
RPXNMLNJOHLGFAA28CC,19,12.19,共有部分,鋼筋混凝土造,96年9月6日,十三層,,
RPUNMLNJOHLGFAA97CC,38,16.00,見使用執照,鋼筋混凝土造,77年4月19日,十二層,,
RPTNMLNJOHLGFAA87CC,11,22.15,住家用,鋼筋混凝土造,104年6月11日,十二層,,
RPTNMLNJOHLGFAA87CC,11,11.04,共有部分，本共有部分之項目有發電機進風管道、發電機排風管道、停車場進風管道、管委會使用空間、安全梯間（Ａ、Ｂ）、一般使用１０人份、供行動不便使用１０人份、梯廳、機車停車空間、陽台、雨遮、消防水池、水箱、電梯機房、發電機房、電信用機房、台電配電室、機房、消防泵浦室、管委會空間、受電箱、電錶、通道、停車場排風管道等２４項。,鋼筋混凝土造,104年6月11日,十二層,,
RPUNMLNJOHLGFBA08CC,56,81.48,住商用,鋼筋混凝土造,59年4月15日,四層,,
RPVNMLNJOHLGFBA18CC,44,27.46,住家用,鋼筋混凝土造,71年10月18日,八層,,
RPVNMLNJOHLGFBA18CC,44,11.35,共有部分,鋼筋混凝土造,71年10月18日,八層,,
RPSNMLMJOHLGFFA18CC,,87.78,住家用,加強磚造,,四層,,
RPQNMLNJOHLGFAA57CC,,15.00,,加強磚造,,五層,,
RPSNMLNJOHLGFCA97CC,58,77.26,住家用,加強磚造,57年2月10日,二層,,
RPPNMLNJOHLGFCA67CC,17,29.12,商業用,鋼筋混凝土造,98年6月22日,十四層,,
RPPNMLNJOHLGFCA67CC,17,5.89,共有部分,鋼筋混凝土造,98年6月22日,十四層,,
RPPNMLNJOHLGFCA67CC,17,2.80,共有部分,鋼筋混凝土造,98年6月22日,十四層,,
RPPNMLNJOHLGFCA67CC,17,7.21,共有部分,鋼筋混凝土造,98年6月22日,十四層,,
RPPNMLNJOHLGFCA67CC,17,6.81,共有部分,鋼筋混凝土造,98年6月22日,十四層,,
RPUOMLNJOHLGFCA28CC,60,68.93,住家用,加強磚造,55年10月15日,四層,,
RPXNMLNJOHLGFCA48CC,46,109.91,住家用,鋼筋混凝土造,69年9月12日,五層,,
RPVNMLNJOHLGFCA28CC,29,81.55,國民住宅,鋼筋混凝土造,86年5月26日,八層,,
RPVNMLNJOHLGFCA28CC,29,45.48,共有部分,鋼筋混凝土造,86年5月26日,十層,,
RPRPMLNJOHLGFCA08CC,18,25.19,住家用,鋼筋混凝土造,97年1月4日,十二層,,
RPRPMLNJOHLGFCA08CC,18,5.75,共有部分,鋼筋混凝土造,97年1月4日,十二層,,
RPQOMLNJOHLGFCA87CC,19,27.33,住家用,鋼筋混凝土造,95年12月29日,七層,,
RPRPMLNJOHLGFCA08CC,18,6.28,共有部分,鋼筋混凝土造,97年1月4日,十二層,,
RPQOMLNJOHLGFCA87CC,19,14.26,共有部分,鋼筋混凝土造,95年12月29日,七層,,
RPOPMLNJOHLGFCA77CC,9,45.66,本共有項目有：車道、防空避難室兼停車空間等２項。,鋼筋混凝土造,106年10月2日,十層,,
RPUNMLNJOHLGFCA18CC,37,146.22,住家用,鋼筋混凝土造,78年6月26日,九層,,
RPUNMLNJOHLGFCA18CC,37,5.16,共有部分,鋼筋混凝土造,78年6月26日,九層,,
RPOQMLLJOHLGFDA77CC,43,29.21,商業用,鋼骨鋼筋混凝土造,72年10月5日,十五層,,
RPPNMLRLNHLGFCA28DC,14,256.42,一般事務所,鋼骨造,101年11月16日,十七層,,
RPPNMLRLNHLGFCA28DC,14,175.14,本共有部分之項目有排風、排煙、垃圾暫存室、通道、甲梯、乙梯、丙梯、丁梯、特別安全梯、陽台、機車昇降機、供電相關管道、１２人份一般升降機、１２人份無障礙升降機、１７人份緊急升降機、污水管道、梯廳一、梯廳二、管理員室、管理委員會使用空間、進氣管道、地下層排煙、茶水間、消防管道、進風排煙管道、給排汙水管道、通道、男廁、女廁、無障礙廁所、一般管道、排氣管道、無障礙迴轉半徑、梯間、機房空間、機械室、消防水箱、日用水箱空間、進風、逆止閥檢修孔、配電箱區、台電配電室、高層建築防災中心、燃油槽、殘油坑、發電機室、雨水回收蓄水池、日用水箱、電信機房、ＦＲＰ製消防水箱、泡沫泵、消防泵、消防泵浦室、撒水泵、防空避難室兼停車空間、防空避難室、檢修口、儲藏空間、廢水池、排煙室及污水池等６１項。,鋼骨鋼筋混凝土造、鋼骨造,101年11月16日,十七層,,
RPTNMLNJOHLGFEA28CC,43,37.78,住家用,鋼筋混凝土造,72年8月5日,五層,,
RPPNMLNJOHLGFAA47CC,47,65.88,集合住宅,鋼筋混凝土造,68年9月7日,四層,,
RPQNMLNJOHLGFEA97CC,58,103.32,住家用,加強磚造,57年1月8日,,,
RPWNMLNJOHLGFEA58CC,54,75.41,住家用,鋼筋混凝土造,61年7月13日,四層,,
RPQNMLNJOHLGFFA08CC,43,11.87,共有部分,鋼筋混凝土造,71年12月22日,七層,,
RPQNMLNJOHLGFFA08CC,43,70.57,住家用,鋼筋混凝土造,71年12月22日,七層,,
RPPNMLOJOHLGFAA57CC,31,116.30,住家用,鋼筋混凝土造,84年5月16日,十三層,,
RPPNMLOJOHLGFAA57CC,31,10.24,見使用執照,鋼筋混凝土造,84年5月16日,十三層,,
RPSNMLOJOHLGFAA87CC,35,106.59,住家用,鋼筋混凝土造,79年12月7日,五層,,
RPSNMLOJOHLGFAA87CC,35,5.53,共有部分,鋼筋混凝土造,79年12月7日,五層,,
RPTNMLOJOHLGFAA97CC,59,25.63,住家用,加強磚造,56年5月19日,五層,,
RPUNMLOJOHLGFAA08CC,49,139.16,住家用,鋼筋混凝土造,65年11月30日,四層,,
RPPOMLOJOHLGFAA67CC,,77.26,住家用,加強磚造,,四層,,
RPSNMLOJOHLGFBA97CC,51,31.18,住家用,鋼筋混凝土造,64年4月3日,五層,,
RPTNMLOJOHLGFBA08CC,45,27.92,住家用,鋼筋混凝土造,70年7月6日,八層,,
RPTNMLOJOHLGFBA08CC,45,5.37,共有部分,鋼筋混凝土造,70年7月6日,八層,,
RPTNMLOJOHLGFBA08CC,45,6.27,共有部分,鋼筋混凝土造,70年7月6日,八層,,
RPPOMLOJOHLGFBA77CC,19,71.90,住家用,鋼筋混凝土造,96年10月25日,十四層,,
RPTOMLOJOHLGFBA18CC,59,25.92,住家用,加強磚造,55年12月22日,三層,,
RPRPMLOJOHLGFBA08CC,34,155.77,商業用,鋼筋混凝土造,81年10月6日,十六層,,
RPRPMLOJOHLGFBA08CC,34,22.11,共有部分,鋼筋混凝土造,81年10月6日,十六層,,
RPRPMLOJOHLGFBA08CC,34,12.39,共有部分,鋼筋混凝土造,81年10月6日,十六層,,
RPSPMLOJOHLGFBA18CC,,25.37,,加強磚造,,五層,,
RPXNMLOJOHLGFCA58CC,34,35.33,住家用,鋼筋混凝土造,81年1月15日,五層,,
RPXNMLOJOHLGFCA58CC,34,6.84,共有部分,鋼筋混凝土造,81年1月15日,五層,,
RPSOMLOJOHLGFCA18CC,18,22.76,住家用,鋼筋混凝土造,97年3月12日,十四層,,
RPSOMLOJOHLGFCA18CC,18,11.24,共有部分,鋼筋混凝土造,97年3月12日,十四層,,
RPOOMLOJOHLGFCA77CC,39,106.21,住家用,鋼筋混凝土造,76年1月17日,六層,,
RPOOMLOJOHLGFCA77CC,39,14.48,共有部分,鋼筋混凝土造,76年1月17日,六層,,
RPOPMLOJOHLGFCA87CC,39,98.73,住家用,鋼筋混凝土造,76年1月14日,五層,,
RPVPMLOJOHLGFCA58CC,43,25.90,住商用,鋼筋混凝土造,71年11月30日,六層,,
RPROMLMJOHLGFDA97CC,33,23.60,住家用,鋼筋混凝土造,82年11月23日,七層,,
RPROMLMJOHLGFDA97CC,33,2.20,共有部分,鋼筋混凝土造,82年11月23日,七層,,
RPROMLMJOHLGFDA97CC,33,4.57,共有部分,鋼筋混凝土造,82年11月23日,七層,,
RPXOMLMJOHLGFDA58CC,16,78.83,住家用,鋼筋混凝土造,99年9月1日,十五層,,
RPXOMLMJOHLGFDA58CC,16,31.96,本共有部分之項目有Ｂ梯廳、電梯、Ｂ梯、Ａ梯廳、Ａ梯、機車停車空間、管理員室、管委會使用空間、機電設備空間、自設騎樓、法定騎樓、陽台、雨遮、廚房、會議室、Ａ梯廳兼排煙室、電氣管道、排風管道、進風管道、給水管道、消防排煙管道、消防進氣管道、Ｃ梯、台電配電室、電錶箱、發電機室、發電機室進風管道、網路機房、機電設備空間、機房、Ａ水箱、Ｂ水箱等３２項,鋼筋混凝土造,99年9月1日,十五層,,
RPXOMLMJOHLGFDA58CC,16,11.83,本共有部分之項目有Ｂ梯廳、走道、Ａ梯廳兼排煙室、陽台、雨遮等５項,鋼筋混凝土造,99年9月1日,十五層,,
RPXOMLMJOHLGFDA58CC,16,4.08,本共有部分之項目有防空避難室兼停車空間等１項,鋼筋混凝土造,99年9月1日,十五層,,
RPTOMLMJOHLGFDA18CC,16,81.62,住家用,鋼筋混凝土造,99年9月1日,十五層,,
RPTOMLMJOHLGFDA18CC,16,33.01,本共有部分之項目有Ｂ梯廳、電梯、Ｂ梯、Ａ梯廳、Ａ梯、機車停車空間、管理員室、管委會使用空間、機電設備空間、自設騎樓、法定騎樓、陽台、雨遮、廚房、會議室、Ａ梯廳兼排煙室、電氣管道、排風管道、進風管道、給水管道、消防排煙管道、消防進氣管道、Ｃ梯、台電配電室、電錶箱、發電機室、發電機室進風管道、網路機房、機電設備空間、機房、Ａ水箱、Ｂ水箱等３２項,鋼筋混凝土造,99年9月1日,十五層,,
RPTOMLMJOHLGFDA18CC,16,12.21,本共有部分之項目有Ｂ梯廳、走道、Ａ梯廳兼排煙室、陽台、雨遮等５項,鋼筋混凝土造,99年9月1日,十五層,,
RPTOMLMJOHLGFDA18CC,16,4.08,本共有部分之項目有防空避難室兼停車空間等１項,鋼筋混凝土造,99年9月1日,十五層,,
RPQQMLMJOHLGFDA08CC,29,29.06,商業用,鋼筋混凝土造,86年6月13日,十四層,,
RPQQMLMJOHLGFDA08CC,29,5.22,共有部分,鋼筋混凝土造,86年6月13日,十四層,,
RPQQMLMJOHLGFDA08CC,29,6.63,共有部分,鋼筋混凝土造,86年6月13日,十四層,,
RPXPMLMJOHLGFDA68CC,20,18.65,自由職業事務所,鋼筋混凝土造,95年8月2日,十三層,,
RPXPMLMJOHLGFDA68CC,20,2.53,共有部分,鋼筋混凝土造,95年8月2日,十三層,,
RPXPMLMJOHLGFDA68CC,20,1.03,共有部分,鋼筋混凝土造,95年8月2日,十三層,,
RPXPMLMJOHLGFDA68CC,20,5.01,共有部分,鋼筋混凝土造,95年8月2日,十三層,,
RPOPMLMJOHLGFDA77CC,48,81.70,住家用,鋼筋混凝土造,67年8月1日,四層,,
RPSNMLNJOHLGFDA08CC,34,107.58,住家用,鋼筋混凝土造,81年8月6日,十一層,,
RPSNMLNJOHLGFDA08CC,34,15.35,共有部分,鋼筋混凝土造,81年8月6日,十一層,,
RPWNMLNJOHLGFDA48CC,52,71.08,住家用,鋼筋混凝土造,63年9月17日,四層,,
RPWOMLNJOHLGFDA58CC,43,30.57,商業用,鋼骨鋼筋混凝土造,72年10月5日,十五層,,
RPVOMLNJOHLGFDA48CC,29,104.69,住家用,鋼筋混凝土造,85年12月9日,十六層,,
RPVOMLNJOHLGFDA48CC,29,35.56,住家用,鋼筋混凝土造,85年12月9日,十六層,,
RPVOMLNJOHLGFDA48CC,29,58.63,共有部分,鋼筋混凝土造,85年12月9日,十六層,,
RPVOMLNJOHLGFDA48CC,29,4.81,共有部分,鋼筋混凝土造,85年12月9日,十六層,,
RPOPMLNJOHLGFDA87CC,36,15.00,住家用,鋼筋混凝土造,79年5月11日,六層,,
RPUOMLNJOHLGFDA38CC,36,10.00,住家用,鋼筋混凝土造,79年5月11日,六層,,
RPOOMLOJOHLGFEA97CC,44,131.34,住家用,鋼筋混凝土造,71年2月26日,四層,,
RPOOMLOJOHLGFEA97CC,44,9.64,共有部分,鋼筋混凝土造,71年2月26日,四層,,
RPTNMLNJOHLGFDA18CC,44,122.74,住家用,鋼筋混凝土造,71年5月7日,七層,,
RPTNMLNJOHLGFDA18CC,44,8.35,共有部分,鋼筋混凝土造,71年5月7日,七層,,
RPWNMLOJOHLGFFA78CC,52,95.90,,鋼筋混凝土造,63年11月21日,四層,,
RPRNMLOJOHLGFFA28CC,,9.92,,磚造,,一層,,
RPSOMLOJOHLGFFA48CC,58,11.50,,加強磚造,57年5月7日,四層,,
RPUOMLOJOHLGFFA68CC,40,68.24,商業用,鋼筋混凝土造,75年1月31日,十七層,,
RPUOMLOJOHLGFFA68CC,40,15.21,共有部分,鋼筋混凝土造,75年1月31日,十七層,,
RPSNMLPJOHLGFAA97CC,59,27.46,住家用,加強磚造,56年1月1日,五層,,
RPUNMLPJOHLGFAA18CC,57,73.32,住家用,加強磚造,58年3月22日,四層,,
RPSOMLNJOHLGFDA18CC,53,30.32,住家用,鋼筋混凝土造,62年11月24日,六層,,
RPSOMLNJOHLGFDA18CC,53,10.53,共有部分,鋼筋混凝土造,62年11月24日,六層,,
RPTNMLOJOHLGFEA38CC,58,82.52,住家用,加強磚造,57年4月12日,四層,,
RPPPMLNJOHLGFDA97CC,36,15.00,住家用,鋼筋混凝土造,79年5月11日,六層,,
RPPNMLPJOHLGFBA77CC,41,152.59,見使用執照,鋼筋混凝土造,74年9月19日,九層,,
RPPNMLPJOHLGFBA77CC,41,20.36,共有部分,鋼筋混凝土造,74年9月19日,九層,,
RPVNMLPJOHLGFAA28CC,32,140.08,住家用,鋼筋混凝土造,83年8月9日,八層,,
RPRNMLPJOHLGFBA97CC,53,88.04,住家用,鋼筋混凝土造,62年10月22日,四層,,
RPSNMLPJOHLGFBA08CC,41,60.89,商業用,鋼筋混凝土造,74年11月20日,四層,,
RPSNMLPJOHLGFBA08CC,41,6.99,共有部分,鋼筋混凝土造,74年11月20日,四層,,
RPTNMLPJOHLGFBA18CC,45,19.40,商業用,鋼筋混凝土造,70年2月23日,十一層,,
RPTNMLPJOHLGFBA18CC,45,7.70,共有部分,鋼筋混凝土造,70年2月23日,十一層,,
RPXNMLPJOHLGFBA58CC,,34.50,,加強磚造,,三層,,
RPROMLPJOHLGFBA08CC,,12.50,,加強磚造,,三層,,
RPPOMLPJOHLGFBA87CC,,20.20,,加強磚造,,三層,,
RPPNMLPJOHLGFCA87CC,46,98.68,住家用,鋼筋混凝土造,69年3月31日,五層,,
RPTOMLPJOHLGFBA28CC,7,40.73,住家用,鋼筋混凝土造,108年3月4日,十九層,,
RPTOMLPJOHLGFBA28CC,7,3.27,住家用,鋼筋混凝土造,108年3月4日,十九層,,
RPTOMLPJOHLGFBA28CC,7,12.73,本共有部分之項目有：緊急升降機兼用行動不便電梯、升降機、梯廳兼排煙室、緊急升降機進氣管道、排氣管道、梯廳、消防／排水管道、特別安全梯甲、特別安全梯乙、安全梯丙、安全梯戊、管理員室、電力管道、騎樓、防災中心、機車升降機、排煙室、都市通廊、停車場進氣管道、電訊管道、排煙管道、電氣管道、電表室、管委會（１）、管委會（２）、走道、廁所、陽台、中繼消防水箱、連結泵、給水管道、樓梯庚、屋頂給水水箱、屋頂消防水箱、機房、停車空間兼防空避難室、特別安全梯丁、受電箱、台電配電室、電信室、油壓機房、電力、發電機進氣管道、發電機排氣管道、排氣／進氣管道、自設變電室、垃圾車暫停空間、垃圾儲存空間、發電機油箱室、發電機房、電訊／電氣管道、泵浦室、日用水箱機房、泡沫消防設備機房及自來水池等５６項。,鋼筋混凝土造,108年3月4日,十九層,,
RPTOMLPJOHLGFBA28CC,7,6.86,本共有部分之項目有：緊急升降機兼用行動不便電梯、升降機、排煙室、排煙管道、梯廳及走道等６項。,鋼筋混凝土造,108年3月4日,十九層,,
RPQNMLPJOHLGFCA97CC,44,25.20,住家用,鋼筋混凝土造,71年7月7日,十二層,,
RPQNMLPJOHLGFCA97CC,44,8.30,共有部分,鋼筋混凝土造,71年7月7日,十二層,,
RPQNMLPJOHLGFCA97CC,44,2.41,停車場兼防空避難室,鋼筋混凝土造,71年7月7日,十二層,,
RPSOMLPJOHLGFBA18CC,11,94.21,住家用,鋼筋混凝土造,104年10月16日,十五層,,
RPSOMLPJOHLGFBA18CC,11,17.68,本共有部分之項目有梯廳、電信機房、外廊、管委會空間、走道、無障礙升降機、緊急升降機、Ａ樓梯（特別安全梯）、Ｃ樓梯（安全梯）、排煙室、台電配電室、防空避難空間兼停車空間、排風機房、發電機室、受電箱、機房、進風機房、消防機械室、Ａ水箱、Ｂ水箱、排煙管道及進風管道等２２項。,鋼筋混凝土造,104年10月16日,十五層,,
RPWOMLPJOHLGFBA58CC,9,105.60,住家用,鋼筋混凝土造,106年9月25日,十八層,,
RPSOMLPJOHLGFBA18CC,11,4.05,本共有部分之項目有梯廳、無障礙升降機、緊急升降機、排煙管道、進風管道、Ａ樓梯（特別安全梯）、Ｂ樓梯（特別安全梯）、排煙室、機房、水箱、水錶室、消防水箱、電梯機房、排煙及儲藏室等１５項。,鋼筋混凝土造,104年10月16日,十五層,,
RPSOMLPJOHLGFBA18CC,11,18.47,本共有部分之項目有梯廳、排煙室、緊急升降機、無障礙升降機、排煙管道、進風管道、Ａ樓梯（特別安全梯）及Ｂ樓梯（特別安全梯）等８項。,鋼筋混凝土造,104年10月16日,十五層,,
RPWOMLPJOHLGFBA58CC,9,45.28,本共有部分之項目有公共門廳、管委會空間、梯廳兼排煙室、門廊、１７人份緊急昇降機、１２人份昇降機行動不便電梯、Ａ特別安全梯、Ｂ特別安全梯、安全梯、排煙室、陽台、發電機室排風、發電機室進風、停車空間排風、防災中心、梯廳、雨遮、台電配電場所、電信室、防空避難室兼停車空間車位編號（Ｂ１０４、Ｂ１０５）、垃圾回收室、綠建築垃圾冷藏庫、受電箱、集中表箱、排風口、排風機位置、管道間、消防泵浦室、發電機室、雨水回收室、水箱、機械室、消防水箱及電梯機械室等３４項,鋼筋混凝土造,106年9月25日,十八層,,
RPSOMLPJOHLGFBA18CC,11,4.51,本共有部分之項目有車道、排氣管道、進風及防空避難空間兼停車空間等４項。,鋼筋混凝土造,104年10月16日,十五層,,
RPTNMLPJOHLGFCA28CC,46,89.97,商業用,鋼筋混凝土造,69年9月1日,五層,,
RPTNMLPJOHLGFCA28CC,46,36.20,見使用執照,鋼筋混凝土造,69年9月1日,五層,,
RPXNMLPJOHLGFCA68CC,41,17.60,住家用,鋼筋混凝土造,74年9月11日,五層,,
RPUNMLPJOHLGFCA38CC,48,17.41,住家用,鋼筋混凝土造,66年12月7日,五層,,
RPRNMLPJOHLGFCA08CC,44,78.47,住家用,鋼筋混凝土造,71年2月20日,五層,,
RPRNMLPJOHLGFCA08CC,44,7.62,共有部分,鋼筋混凝土造,71年2月20日,五層,,
RPOOMLPJOHLGFCA87CC,,55.30,,加強磚造,,二層,,
RPROMLPJOHLGFCA18CC,21,28.74,商業用,鋼筋混凝土造,94年10月25日,十層,,
RPROMLPJOHLGFCA18CC,21,1.81,共有部分,鋼筋混凝土造,94年10月25日,十三層,,
RPROMLPJOHLGFCA18CC,21,10.74,共有部分,鋼筋混凝土造,94年10月25日,十層,,
RPROMLPJOHLGFCA18CC,21,4.33,共有部分,鋼筋混凝土造,94年10月25日,十三層,,
RPXOMLPJOHLGFCA78CC,44,81.03,住家用,鋼筋混凝土造,70年12月31日,五層,,
RPXOMLPJOHLGFCA78CC,44,10.77,共有部分,鋼筋混凝土造,70年12月31日,五層,,
RPUOMLPJOHLGFCA48CC,46,34.82,住家用,鋼筋混凝土造,69年3月14日,七層,,
RPTOMLPJOHLGFCA38CC,43,24.79,住家用,鋼筋混凝土造,72年2月24日,十二層,,
RPUOMLPJOHLGFCA48CC,46,11.30,共有部分,鋼筋混凝土造,69年3月14日,七層,,
RPPOMLNJOHLGFDA87CC,53,65.70,住家用,鋼筋混凝土造,62年10月23日,四層,,
RPQNMLPJOHLGFEA18CC,44,97.89,住家用,鋼筋混凝土造,71年10月29日,五層,,
RPQNMLPJOHLGFEA18CC,44,10.31,共有部分,鋼筋混凝土造,71年10月29日,五層,,
RPRNMLPJOHLGFEA28CC,16,.14,日常用品零售業,鋼筋混凝土造,99年9月16日,十四層,,
RPRNMLPJOHLGFEA28CC,16,.06,本共有部分之項目有排煙室兼梯廳、雨遮、防空避難室兼停車空間、排煙室、消防泵浦室、機房、水箱、消防水箱、安全梯間、管理員室、行動不便者緊急升降機、機車升降機、梯廳、污水處理機房、台電配電場所、緊急發電機室、升降機機房、等１７項。,鋼筋混凝土造,99年9月16日,十四層,,
RPRNMLPJOHLGFEA28CC,16,3.19,本共有部分之項目有騎樓、車道、汽車停車塔、ＣＯ２設備機房等４項。,鋼筋混凝土造,99年9月16日,十四層,,
RPPNMLPJOHLGFFA18CC,54,141.27,住家用,鋼筋混凝土造,61年9月15日,四層,,
RPSNMLPJOHLGFFA48CC,45,42.00,住家用,鋼筋混凝土造,70年3月13日,五層,,
RPWNMLPJOHLGFFA88CC,50,39.60,住家用,鋼筋混凝土造,65年6月23日,四層,,
RPUNMLPJOHLGFFA68CC,39,38.02,住家用,鋼筋混凝土造,76年1月26日,十二層,,
RPPNMLQJOHLGFCA97CC,57,79.78,住家用,加強磚造,58年4月16日,四層,,
RPSNMLQJOHLGFAA08CC,6,75.34,集合住宅,鋼筋混凝土造,109年2月13日,十四層,,
RPSNMLQJOHLGFAA08CC,6,33.35,共有部分，本共有部分之項目有管委會使用空間、門廊、陽台、門廳、戶外安全梯、排煙室、緊急升降機兼無障礙電梯、梯廳、雨遮、台電配電場所、電錶區、機電設備空間、垃圾車暫停區、進排煙機房、地下室排氣機房、機車停車空間、一般安全梯、緊急發電機室、電信機房、民生水箱機房、消防機房、機房、（揚水機房、噴灌機房）、梯間、電梯機房、消防水箱等２６項,鋼筋混凝土造,109年2月13日,十四層,,
RPSNMLQJOHLGFAA08CC,6,36.34,共有部分，本共有部分之項目有車道、停車空間、防空避難室兼停車空間等３項,鋼筋混凝土造,109年2月13日,十四層,,
RPPNMLRJOHLGFCA08CC,47,13.86,住家用,鋼筋混凝土造,67年12月15日,七層,,
RPQNMLSJOHLGFAA08CC,9,30.94,集合住宅,鋼筋混凝土造,106年10月18日,八層,,
RPQNMLSJOHLGFAA08CC,9,17.49,共有部分，本共有部分之項目有梯廳、一般安全梯Ａ梯（無障礙樓梯）、昇降機１（１５人份）、昇降機２（１５人份供行動不便者使用）、消防箱、弱電箱、昇降機３（１５人份）、昇降機４（１５人份供行動不便者使用）、電氣室、一般安全梯Ｂ梯、廊道、儲藏室、管委會使用空間、陽台、雨遮、機電設備空間、消防水箱、電梯昇降路、昇降機機房、自來水箱、走廊、地下一層全部、地下二層全部等２３項。,鋼筋混凝土造,106年10月18日,八層,,
RPSNMLSJOHLGFAA28CC,51,88.01,集合住宅,鋼筋混凝土造,64年6月25日,四層,,
RPVOMLSJOHLGFAA68CC,44,104.87,住家用,鋼筋混凝土造,71年11月15日,五層,,
RPOPMLSJOHLGFAA08CC,31,131.78,住家用,鋼筋混凝土造,84年10月13日,六層,,
RPOPMLSJOHLGFAA08CC,31,35.06,見使用執照,鋼筋混凝土造,84年10月13日,六層,,
RPOPMLSJOHLGFAA08CC,31,14.45,見使用執照,鋼筋混凝土造,84年10月13日,六層,,
RPPPMLSJOHLGFAA18CC,41,126.87,住家用,鋼筋混凝土造,73年12月4日,五層,,
RPQPMLSJOHLGFAA28CC,46,93.27,住家用,鋼筋混凝土造,68年12月14日,五層,,
RPRPMLSJOHLGFAA38CC,30,23.31,住家用,見使用執照,85年1月4日,二十四層,,
RPRPMLSJOHLGFAA38CC,30,13.75,共有部分,見使用執照,85年1月4日,二十四層,,
RPRPMLSJOHLGFAA38CC,30,6.76,共有部分,見使用執照,85年1月4日,二十四層,,
RPTPMLSJOHLGFAA58CC,49,87.13,住家用,鋼筋混凝土造,66年1月7日,四層,,
RPVPMLSJOHLGFAA78CC,48,91.84,住家用,加強磚造,67年8月23日,二層,,
RPWPMLSJOHLGFAA88CC,49,91.42,住家用,鋼筋混凝土造,66年9月26日,四層,,
RPXPMLSJOHLGFAA98CC,59,27.46,,加強磚造,56年5月19日,五層,,
RPOQMLSJOHLGFAA18CC,43,80.39,住家用,鋼筋混凝土造,71年12月30日,五層,,
RPOQMLSJOHLGFAA18CC,43,6.12,共有部分,鋼筋混凝土造,71年12月30日,五層,,
RPSOMLSJOHLGFBA48CC,51,31.18,住家用,鋼筋混凝土造,64年5月8日,五層,,
RPWOMLSJOHLGFBA88CC,51,48.19,住家用,鋼筋混凝土造,64年4月3日,五層,,
RPQPMLSJOHLGFBA38CC,44,21.24,見使用執照,鋼筋混凝土造,71年3月24日,十一層,,
RPQPMLSJOHLGFBA38CC,44,6.66,共有部分,鋼筋混凝土造,71年3月24日,十一層,,
RPSPMLSJOHLGFBA58CC,52,75.33,工業用,鋼筋混凝土造,63年2月12日,四層,,
RPUPMLSJOHLGFBA78CC,59,31.35,,加強磚造,56年6月15日,四層,,
RPWPMLSJOHLGFBA98CC,,47.19,,加強磚造,,三層,,
RPRNMLSJOHLGFCA38CC,2,27.87,多戶住宅,鋼筋混凝土造,113年9月2日,十五層,,
RPRNMLSJOHLGFCA38CC,2,16.28,本共有部分之項目有無障礙昇降機、緊急升降機、排煙室、戶外安全梯Ａ無障礙樓梯、戶外安全梯Ｂ、室內無障礙通道、管委會空間一、管委會空間二、管委會空間三、一般昇降機、梯廳、車道、水塔、停車空間、防空避難室兼停車空間、電信機房、發電機室、資源回收室、機房、台電配電場所、受電箱室、消防幫浦室、水箱等２３項。,鋼筋混凝土造,113年9月2日,十五層,,
RPSNMLSJOHLGFCA48CC,14,113.05,一般事務所,鋼骨造,101年11月16日,十七層,,
RPSNMLSJOHLGFCA48CC,14,77.20,本共有部分之項目有排風、排煙、垃圾暫存室、通道、甲梯、乙梯、丙梯、丁梯、特別安全梯、陽台、機車昇降機、供電相關管道、１２人份一般升降機、１２人份無障礙升降機、１７人份緊急升降機、污水管道、梯廳一、梯廳二、管理員室、管理委員會使用空間、進氣管道、地下層排煙、茶水間、消防管道、進風排煙管道、給排汙水管道、通道、男廁、女廁、無障礙廁所、一般管道、排氣管道、無障礙迴轉半徑、梯間、機房空間、機械室、消防水箱、日用水箱空間、進風、逆止閥檢修孔、配電箱區、台電配電室、高層建築防災中心、燃油槽、殘油坑、發電機室、雨水回收蓄水池、日用水箱、電信機房、ＦＲＰ製消防水箱、泡沫泵、消防泵、消防泵浦室、撒水泵、防空避難室兼停車空間、防空避難室、檢修口、儲藏空間、廢水池、排煙室及污水池等６１項。,鋼骨鋼筋混凝土造、鋼骨造,101年11月16日,十七層,,
RPUPMLSJOHLGFCA88CC,40,22.75,商業用,鋼筋混凝土造,75年4月30日,十二層,,
RPOPMLSJOHLGFCA28CC,53,31.16,住家用,鋼筋混凝土造,62年6月13日,四層,,
RPUPMLSJOHLGFCA88CC,40,3.99,共有部分,鋼筋混凝土造,75年4月30日,十二層,,
RPSOMLSJOHLGFCA58CC,18,64.58,一般事務所,鋼筋混凝土造,97年4月22日,九層,,
RPSOMLSJOHLGFCA58CC,18,30.84,共有部分,鋼筋混凝土造,97年4月22日,九層,,
RPVPMLSJOHLGFCA98CC,5,250.49,（Ｈ－２）集合住宅,鋼骨造,110年8月23日,二十三層,,
RPVPMLSJOHLGFCA98CC,5,49.15,本共有部分之項目有管委會空間、機電設備空間、丙梯安全梯兼無障礙樓梯、乙梯特安梯兼無障礙樓梯、１５人客梯、梯廳、住宅大廳、門廊、騎樓、排煙室、排煙、進氣、陽台、管委會空間（茶水間）、公共男廁、公共女廁等１６項。,鋼骨造,110年8月23日,二十三層,,
RPVPMLSJOHLGFCA98CC,5,147.82,本共有部分之項目有警衛室、斜坡車道、走道、機電設備空間、高層專用出入口緩衝空間、排煙室、甲梯特安梯、防災中心、排氣管道、排風管道、進風管道、排煙、進氣、緊急昇降機兼無障礙電梯１７人客貨、無障礙坡道、社區遊憩設施（Ｄ－１）、陽台、騎樓、消防泵浦室、機電設備空間（水錶室）、機電設備空間（緊急發電機室）、油箱專用室、消防水箱機房、電梯機房、機電設備空間（進排風機房）、自來水塔（２０．４７５Ｔ）辦公、自來水塔（３．２５Ｔ）辦公、景觀機房、自來水塔（８３．２Ｔ）住宅、防空避難室兼停車空間、廁所、梯廳、機電設備空間（排風機房）、機電設備空間（進風機房）、機電設備空間（商業垃圾處理暫存室）、機電設備空間（住宅垃圾處理暫存室）、丙梯安全梯兼無障礙樓梯、１５人客梯、無障礙電梯１２人客梯、機電設備空間（台電配電場所）、機電設備空間（電錶室）、停車空間、機電設備空間（電氣機房）、機電設備空間（電信機房）、機電設備空間（消防泵浦室）、機電設備空間（消防水箱５０Ｔ）、電梯機坑、自來水塔（９．４２５Ｔ）住宅、機電設備空間自來水箱（２２．７５Ｔ）辦公、機電設備空間自來水箱（１４．６２５Ｔ）住宅、電梯升降道、法定裝卸位編號２０２號等５２項。,鋼骨造,110年8月23日,二十三層,,
RPTNMLOJOHLGFDA28CC,52,73.40,住家用,鋼筋混凝土造,63年9月16日,三層,,
RPXNMLOJOHLGFDA68CC,20,49.47,住家用,鋼筋混凝土造,95年11月16日,十二層,,
RPXNMLOJOHLGFDA68CC,20,8.00,共有部分,鋼筋混凝土造,95年11月16日,十二層,,
RPXNMLOJOHLGFDA68CC,20,16.90,共有部分,鋼筋混凝土造,95年11月16日,十二層,,
RPXNMLOJOHLGFDA68CC,20,8.83,共有部分,鋼筋混凝土造,95年11月16日,十二層,,
RPXNMLOJOHLGFDA68CC,20,6.17,共有部分,鋼筋混凝土造,95年11月16日,十二層,,
RPWPMLSJOHLGFCA09CC,49,108.68,住家用,鋼筋混凝土造,66年10月17日,四層,,
RPPNMLOJOHLGFDA87CC,46,77.62,住家用,鋼筋混凝土造,69年5月9日,五層,,
RPWPMLNJOHLGFDA68CC,41,17.80,住家用,鋼筋混凝土造,74年3月30日,五層,,
RPXNMLSJOHLGFDA09CC,16,24.35,住家用,鋼筋混凝土造,98年12月7日,七層,,
RPXNMLSJOHLGFDA09CC,16,3.44,本共有部分之項目有梯廳，行動不便者使用電梯，樓梯，機械房，電梯機房，水箱，雨遮，電梯等８項,鋼筋混凝土造,98年12月7日,七層,,
RPXNMLSJOHLGFDA09CC,16,10.87,本共有部分之項目有，防空避難室兼停車空間，台電配電場，緊急發電機室，進氣及排黑煙管道，梯廳，行動不便者使用電梯，樓梯，車道，停車空間，６米基地內通道，垃圾儲藏空間，垃圾處理裝卸車位，汽車停車位，機車停車位，電信機房，消防泵浦室，水箱等１７項,鋼筋混凝土造,98年12月7日,七層,,
RPVNMLOJOHLGFDA48CC,38,9.92,住家用,鋼筋混凝土造,77年6月23日,五層,,
RPOOMLSJOHLGFDA28CC,56,66.04,住家用,加強磚造,59年10月15日,四層,,
RPPOMLSJOHLGFDA38CC,42,132.77,住家用,鋼筋混凝土造,73年8月1日,七層,,
RPPOMLSJOHLGFDA38CC,42,6.32,共有部分,鋼筋混凝土造,73年8月1日,七層,,
RPUOMLSJOHLGFDA88CC,42,112.64,住家用,鋼筋混凝土造,73年3月19日,五層,,
RPQPMLSJOHLGFDA58CC,55,15.45,住家用,鋼筋混凝土造,60年9月3日,四層,,
RPSPMLSJOHLGFDA78CC,55,15.45,住家用,鋼筋混凝土造,60年9月3日,四層,,
RPRPMLSJOHLGFDA68CC,55,15.45,住家用,鋼筋混凝土造,60年9月3日,四層,,
RPVPMLSJOHLGFDA09CC,12,56.45,住家用,鋼筋混凝土造,103年10月29日,十五層,,
RPQNMLSJOHLGFEA48CC,7,122.71,住家用,鋼筋混凝土造,107年12月27日,六層,,
RPQNMLSJOHLGFEA48CC,7,86.61,本共有部分項目有水箱、消防機房、無障礙安全梯、機電設備空間（供發電機使用）、發電機（排氣管道）、發電機（進氣管道）、防空避難室兼停車空間、機電設備空間（供電信使用）、梯廳、停車空間、台電配電場所、無障礙汽車位、管委會空間、全自動停車設備、機電設備空間、消防水箱、水箱Ａ、水箱Ｂ、一般用供行動不便者使用等１９項。,鋼筋混凝土造,107年12月27日,六層,,
RPVPMLSJOHLGFDA09CC,12,26.98,本共有部分之項目有機車升降機、緊急用昇降機、行動不便者使用電梯、雨遮、門廳、管委會使用空間、外廊、騎樓、機電設備空間（台電配置室）、梯廳、排煙室、進風、排煙、機電設備空間（機房１、２）、機電設備空間（電信室）、防空避難室兼停車空間、通道、水箱、機電設備空間（發電機室）、機電設備空間（消防泵浦室）、乙梯、水錶室、電梯機房、消防水箱、緩衝空間車道、機電設備空間（排風機房）、電錶、受電箱、消防蓄水池、污水坑等３０項,鋼筋混凝土造,103年10月29日,十五層,,
RPVPMLSJOHLGFDA09CC,12,13.90,本共有部分之項目有汽車升降機、全機械停車空間等２項,鋼筋混凝土造,103年10月29日,十五層,,
RPPNMLSJOHLGFEA38CC,40,94.20,住家用,鋼筋混凝土造,75年7月26日,五層,,
RPPNMLSJOHLGFEA38CC,40,10.95,共有部分,鋼筋混凝土造,75年7月26日,五層,,
RPWNMLSJOHLGFEA09CC,47,128.31,,鋼筋混凝土造,68年1月26日,五層,,
RPRNMLSJOHLGFFA68CC,14,54.11,住家用,鋼筋混凝土造,101年4月24日,六層,,
RPRNMLSJOHLGFFA68CC,14,32.02,本共有部分之項目：有樓、電梯、雨遮、電梯機房、機房、水箱、防空避難室、ＦＲＰ水箱及污水坑等８項。,鋼筋混凝土造,101年4月24日,六層,,
RPVNMLSJOHLGFFA09CC,48,61.80,住家用,鋼筋混凝土造,67年7月15日,七層,,
RPVNMLSJOHLGFFA09CC,48,.00,共有部分,鋼筋混凝土造,67年7月15日,七層,,
RPQOMLSJOHLGFEA58CC,18,53.52,策略性產業（資訊服務業）,鋼筋混凝土造,97年5月23日,十三層,,
RPQOMLSJOHLGFEA58CC,18,3.41,共有部分,鋼筋混凝土造,97年5月23日,十三層,,
RPQOMLSJOHLGFEA58CC,18,52.29,共有部分,鋼筋混凝土造,97年5月23日,十三層,,
RPOOMLSJOHLGFFA48CC,17,28.12,住家用,鋼筋混凝土造,98年1月9日,十四層,,
RPOOMLSJOHLGFFA48CC,17,15.12,共有部分,鋼筋混凝土造,98年1月9日,十四層,,
RPOOMLTJOHLGFAA08CC,30,31.45,住家用,鋼筋混凝土造,85年9月25日,十七層,,
RPOOMLTJOHLGFAA08CC,30,6.20,見使用執照,鋼筋混凝土造,85年9月25日,十七層,,
RPOOMLTJOHLGFAA08CC,30,3.37,見使用執照,鋼筋混凝土造,85年9月25日,十七層,,
RPWOMLSJOHLGFFA66CC,29,150.14,商業用,鋼筋混凝土造,85年12月27日,九層,,
RPWOMLSJOHLGFFA66CC,29,43.69,共有部分,鋼筋混凝土造,85年12月27日,九層,,
RPWOMLSJOHLGFFA66CC,29,31.87,共有部分,鋼筋混凝土造,85年12月27日,九層,,
RPVNMLTJOHLGFAA68CC,43,114.66,住家用,鋼筋混凝土造,72年10月4日,五層,,
RPVNMLTJOHLGFBA78CC,7,41.31,住家用,鋼筋混凝土造,108年3月4日,十九層,,
RPVNMLTJOHLGFBA78CC,7,4.39,住家用,鋼筋混凝土造,108年3月4日,十九層,,
RPVNMLTJOHLGFBA78CC,7,13.23,本共有部分之項目有：緊急升降機兼用行動不便電梯、升降機、梯廳兼排煙室、緊急升降機進氣管道、排氣管道、梯廳、消防／排水管道、特別安全梯甲、特別安全梯乙、安全梯丙、安全梯戊、管理員室、電力管道、騎樓、防災中心、機車升降機、排煙室、都市通廊、停車場進氣管道、電訊管道、排煙管道、電氣管道、電表室、管委會（１）、管委會（２）、走道、廁所、陽台、中繼消防水箱、連結泵、給水管道、樓梯庚、屋頂給水水箱、屋頂消防水箱、機房、停車空間兼防空避難室、特別安全梯丁、受電箱、台電配電室、電信室、油壓機房、電力、發電機進氣管道、發電機排氣管道、排氣／進氣管道、自設變電室、垃圾車暫停空間、垃圾儲存空間、發電機油箱室、發電機房、電訊／電氣管道、泵浦室、日用水箱機房、泡沫消防設備機房及自來水池等５６項。,鋼筋混凝土造,108年3月4日,十九層,,
RPVNMLTJOHLGFBA78CC,7,7.13,本共有部分之項目有：緊急升降機兼用行動不便電梯、升降機、排煙室、排煙管道、梯廳及走道等６項。,鋼筋混凝土造,108年3月4日,十九層,,
RPPPMLTJOHLGFBA38CC,48,24.36,商業用,鋼筋混凝土造,67年6月21日,十層,,
RPWNMLTJOHLGFBA88CC,7,42.26,住家用,鋼筋混凝土造,108年3月4日,十九層,,
RPWNMLTJOHLGFBA88CC,7,4.76,住家用,鋼筋混凝土造,108年3月4日,十九層,,
RPWNMLTJOHLGFBA88CC,7,13.62,本共有部分之項目有：緊急升降機兼用行動不便電梯、升降機、梯廳兼排煙室、緊急升降機進氣管道、排氣管道、梯廳、消防／排水管道、特別安全梯甲、特別安全梯乙、安全梯丙、安全梯戊、管理員室、電力管道、騎樓、防災中心、機車升降機、排煙室、都市通廊、停車場進氣管道、電訊管道、排煙管道、電氣管道、電表室、管委會（１）、管委會（２）、走道、廁所、陽台、中繼消防水箱、連結泵、給水管道、樓梯庚、屋頂給水水箱、屋頂消防水箱、機房、停車空間兼防空避難室、特別安全梯丁、受電箱、台電配電室、電信室、油壓機房、電力、發電機進氣管道、發電機排氣管道、排氣／進氣管道、自設變電室、垃圾車暫停空間、垃圾儲存空間、發電機油箱室、發電機房、電訊／電氣管道、泵浦室、日用水箱機房、泡沫消防設備機房及自來水池等５６項。,鋼筋混凝土造,108年3月4日,十九層,,
RPWNMLTJOHLGFBA88CC,7,7.32,本共有部分之項目有：緊急升降機兼用行動不便電梯、升降機、排煙室、排煙管道、梯廳及走道等６項。,鋼筋混凝土造,108年3月4日,十九層,,
RPQPMLTJOHLGFBA48CC,48,17.51,商業用,鋼筋混凝土造,67年6月21日,十層,,
RPTPMLTJOHLGFBA78CC,48,33.69,商業用,鋼筋混凝土造,67年6月21日,十層,,
RPUPMLTJOHLGFBA88CC,48,24.36,商業用,鋼筋混凝土造,67年6月21日,十層,,
RPUNMLTJOHLGFDA88CC,48,16.50,商業用,鋼筋混凝土造,67年6月2日,四層,,
RPXNMLTJOHLGFDA56CC,20,21.86,一般事務所,鋼筋混凝土造,95年8月23日,十三層,,
RPXNMLTJOHLGFDA56CC,20,3.44,共有部分,鋼筋混凝土造,95年8月23日,十三層,,
RPXNMLTJOHLGFDA56CC,20,5.84,共有部分,鋼筋混凝土造,95年8月23日,十三層,,
RPROMLTJOHLGFDA68CC,17,31.55,住家用,鋼筋混凝土造,98年7月2日,十九層,,
RPROMLTJOHLGFDA68CC,17,12.45,共有部分,鋼筋混凝土造,98年7月2日,十九層,,
RPROMLTJOHLGFDA68CC,17,2.72,共有部分,鋼筋混凝土造,98年7月2日,十九層,,
RPROMLTJOHLGFDA68CC,17,23.11,共有部分,鋼筋混凝土造,98年7月2日,十九層,,
RPROMLTJOHLGFDA68CC,17,14.97,共有部分,鋼筋混凝土造,98年7月2日,十九層,,
RPOQMLTJOHLGFBA38CC,48,33.69,商業用,鋼筋混凝土造,67年6月21日,十層,,
RPPNMLTJOHLGFEA48CC,1,125.55,（第二組）多戶住宅（Ｈ２）,鋼骨ＲＣ造,114年2月5日,十四層,,
RPPNMLTJOHLGFEA48CC,1,98.59,本共有部分之項目有安全梯Ａ、安全梯Ｂ、安全梯Ｃ、安全梯Ｄ、梯廳、緊急升降機間兼排煙室、緊急昇降機、無障礙昇降機、管道間、停車空間、梯廳兼排煙室、汽機車斜坡道、機電設備空間（緊急發電機室）、受電箱室、台電配電場所、停車空間加平面車道、機電設備空間（電信機房）、垃圾儲藏室、防空避難室兼停車空間、機電設備空間（消防泵浦室）、機房、電梯機道、水箱機房、電梯機房、管理員室、供管委會使用空間、機電設備空間（雨水回收機房）、ＧＲＰ板水箱、陽台、入口大廳共３０項。,鋼骨ＲＣ造,114年2月5日,十四層,,
RPPNMLTJOHLGFEA48CC,1,.09,（第十九組）一般零售業甲組（Ｇ３）（不含日用百貨）,鋼骨ＲＣ造,114年2月5日,十四層,,
RPTNMLTJOHLGFEA88CC,1,128.12,（第二組）多戶住宅（Ｈ２）,鋼骨ＲＣ造,114年2月5日,十四層,,
RPTNMLTJOHLGFEA88CC,1,63.11,本共有部分之項目有安全梯Ａ、安全梯Ｂ、安全梯Ｃ、安全梯Ｄ、梯廳、緊急升降機間兼排煙室、緊急昇降機、無障礙昇降機、管道間、停車空間、梯廳兼排煙室、汽機車斜坡道、機電設備空間（緊急發電機室）、受電箱室、台電配電場所、停車空間加平面車道、機電設備空間（電信機房）、垃圾儲藏室、防空避難室兼停車空間、機電設備空間（消防泵浦室）、機房、電梯機道、水箱機房、電梯機房、管理員室、供管委會使用空間、機電設備空間（雨水回收機房）、ＧＲＰ板水箱、陽台、入口大廳共３０項。,鋼骨ＲＣ造,114年2月5日,十四層,,
RPSOMLTJOHLGFEA88CC,43,24.10,商業用,鋼筋混凝土造,72年1月19日,七層,,
RPTPMLTJOHLGFEA09CC,31,26.05,住家用,鋼筋混凝土造,84年9月21日,五層,,
RPTPMLTJOHLGFEA09CC,31,3.60,共有部分,鋼筋混凝土造,84年9月21日,五層,,
RPTPMLTJOHLGFEA09CC,31,6.98,共有部分,鋼筋混凝土造,84年9月21日,五層,,
RPUPMLTJOHLGFEA56CC,41,97.87,住家用,鋼筋混凝土造,74年11月1日,五層,,
RPUPMLTJOHLGFEA56CC,41,2.29,共有部分,鋼筋混凝土造,74年11月1日,五層,,
RPUPMLTJOHLGFEA56CC,41,8.33,防空避難室,鋼筋混凝土造,74年11月1日,五層,,
RPVPMLTJOHLGFEA66CC,43,24.10,商業用,鋼筋混凝土造,72年1月19日,七層,,
RPSOMLTJOHLGFFA98CC,26,29.83,住家用,鋼筋混凝土造,88年12月22日,九層,,
RPSOMLTJOHLGFFA98CC,26,11.19,共有部分,鋼筋混凝土造,88年12月22日,九層,,
RPRNMLKKOHLGFAA47CC,18,26.16,住家用,鋼骨造,97年5月13日,十四層,,
RPRNMLKKOHLGFAA47CC,18,4.45,共有部分,鋼骨造,97年5月13日,十四層,,
RPRNMLKKOHLGFAA47CC,18,9.91,共有部分,鋼骨造,97年5月13日,十四層,,
RPVPMLTJOHLGFBA98CC,48,17.51,商業用,鋼筋混凝土造,67年6月21日,十層,,
RPVOMLKKOHLGFBA08CC,39,33.37,商業用,鋼筋混凝土造,76年8月17日,十二層,,
RPVOMLKKOHLGFBA08CC,39,8.83,共有部分,鋼筋混凝土造,76年8月17日,十二層,,
RPUOMLTJOHLGFDA98CC,47,97.24,住家用,鋼筋混凝土造,67年11月29日,五層,,
RPQOMLTJOHLGFDA58CC,49,114.39,住家用,鋼筋混凝土造,66年3月9日,四層,,
RPXOMLKKOHLGFBA28CC,42,16.63,商業用,鋼筋混凝土造,73年6月30日,五層,,
RPPNMLKKOHLGFDA57CC,1,87.43,多戶住宅,鋼骨鋼筋混凝土造,114年6月25日,二十四層,,
RPPNMLKKOHLGFDA57CC,1,37.69,本共有部分之項目有無障礙電梯、地下室商業空間之梯廳、安全梯、宅配室、管委會空間、陽臺、昇降機、特別安全梯、排煙室、緊急昇降機、排煙排氣、電氣、排煙進氣、梯廳、安全梯（無障礙）、弱電、水表空間、強電、雨遮、樓梯間、機械室、消防、電梯機房、消防中繼機房、水錶室、機房、民生水箱、消防水箱、防災中心、排風機管道、電信機房、Ｂ電錶室、電氣管道、Ｂ棟水箱、走廊、水箱機房、Ａ棟水箱、雨水機房、消防給水、垃圾儲藏室、消防機房、超級市場與一般零售業水箱、發電機房、台電配電場所、管委會辦公室及特別安全梯（無障礙）等４６項,鋼骨鋼筋混凝土造,114年6月25日,二十四層,,
RPPNMLKKOHLGFDA57CC,1,34.75,本共有部分之項目有機車車道、汽車車道、地下室進風、機車坡道、汽車坡道、停車空間及防空避難室兼停車空間等７項。,鋼骨鋼筋混凝土造,114年6月25日,二十四層,,
RPOOMLKKOHLGFDA57CC,53,24.64,商業用,鋼筋混凝土造,61年12月21日,四層,,
RPTNMLKKOHLGFFA18CC,58,86.92,住家用,加強磚造,57年9月3日,四層,,
RPWNMLKKOHLGFFA48CC,2,41.10,本共有部分之項目有管委會空間、管理員室、梯廳、安全梯、無障礙安全梯、昇降機、無障礙昇降機、儲藏室、發電機進氣管道、發電機排氣管道、電梯間、室內樓梯、車道、進風風管、進風管道、緊急發電機設備、電信管道、消防管、電信、電力、排風管道、防空避難室兼停車空間、緊急發電機室、機房、台電配電場所、垃圾儲藏室、電信機房、消防機房、蓄水池、污水坑、污水坑用管道、電梯機房等３２項。,鋼筋混凝土造,113年2月1日,十一層,,
RPOPMLKKOHLGFBA47CC,42,18.84,商業用,鋼筋混凝土造,73年6月30日,五層,,
RPPNMLLKOHLGFAA37CC,12,42.35,住家用,鋼筋混凝土造,103年5月13日,十一層,,
RPPNMLLKOHLGFAA37CC,12,8.86,共有部分，本共有部分之項目有機械房、機車停車空間、陽台、管委會使用空間、管理委員室、管理室、台電配電場所、發電機房、台電管道間、電信機房、消防機房、水箱（Ａ）、水箱（Ｂ）等１３項,鋼筋混凝土造,103年5月13日,十一層,,
RPPNMLLKOHLGFAA37CC,12,25.10,共有部分，本共有部分之項目有停車空間、防空避難室兼停車空間等２項,鋼筋混凝土造,103年5月13日,十一層,,
RPPNMLLKOHLGFAA37CC,12,10.85,共有部分，共有部分，本共有部分之項目有（甲、乙）梯、供行動不便者使用升降機、１１人份升降機、梯廳、Ｂ梯梯廳、丙梯、機房、消防水塔、水箱等９項,鋼筋混凝土造,103年5月13日,十一層,,
RPXNMLKKOHLGFDA38CC,1,54.82,（第二組）集合住宅Ｈ２,鋼筋混凝土造,114年9月9日,十層,,
RPXNMLKKOHLGFDA38CC,1,29.45,本共有部分之項目有管委會空間、陽台、ＮＯ．３安全梯（無障礙）、ＮＯ．３戶外安全梯（無障礙）、無障礙昇降機、一般昇降機、Ｂ棟梯廳、ＮＯ．４戶外安全梯、機房、梯廳、中控室、ＮＯ．２戶外安全梯、ＮＯ．１戶外安全梯（無障礙）、Ａ棟梯廳、ＲＦ噴灌機房、電梯機房１、水錶室、電梯機房２、自來水箱、電信機房、緊急發電機室、台電配電場所、進風機、垃圾儲集室、排風機、Ｂ棟民生水箱、雨水澆灌機房、消防泵浦室、Ａ棟民生水箱及防空避難室兼停車空間等３０項。,鋼筋混凝土造,114年9月9日,十層,,
RPUNMLKKOHLGFDA08CC,1,54.42,（第二組）集合住宅Ｈ２,鋼筋混凝土造,114年9月9日,十層,,
RPUNMLKKOHLGFDA08CC,1,29.24,本共有部分之項目有管委會空間、陽台、ＮＯ．３安全梯（無障礙）、ＮＯ．３戶外安全梯（無障礙）、無障礙昇降機、一般昇降機、Ｂ棟梯廳、ＮＯ．４戶外安全梯、機房、梯廳、中控室、ＮＯ．２戶外安全梯、ＮＯ．１戶外安全梯（無障礙）、Ａ棟梯廳、ＲＦ噴灌機房、電梯機房１、水錶室、電梯機房２、自來水箱、電信機房、緊急發電機室、台電配電場所、進風機、垃圾儲集室、排風機、Ｂ棟民生水箱、雨水澆灌機房、消防泵浦室、Ａ棟民生水箱及防空避難室兼停車空間等３０項。,鋼筋混凝土造,114年9月9日,十層,,
RPSNMLLKOHLGFAA67CC,50,100.21,住家用,鋼筋混凝土造,65年3月18日,四層,,
RPXNMLLKOHLGFAA18CC,26,17.94,住家用,鋼筋混凝土造,89年11月21日,六層,,
RPXNMLLKOHLGFAA18CC,26,12.49,共有部分,鋼筋混凝土造,89年11月21日,六層,,
RPQNMLLKOHLGFBA57CC,28,110.69,住家用,鋼筋混凝土造,87年8月24日,十三層,,
RPQNMLLKOHLGFBA57CC,28,23.62,共有部分,鋼筋混凝土造,87年8月24日,十六層,,
RPQNMLLKOHLGFBA57CC,28,59.77,共有部分,鋼筋混凝土造,87年8月24日,十六層,,
RPRNMLLKOHLGFDA87CC,53,31.22,住家用,鋼筋混凝土造,62年11月24日,六層,,
RPRNMLLKOHLGFDA87CC,53,10.85,共有部分,鋼筋混凝土造,62年11月24日,六層,,
RPOOMLLKOHLGFDA67CC,32,20.03,住家用,鋼筋混凝土造,83年7月29日,七層,,
RPOOMLLKOHLGFDA67CC,32,13.05,見使用執照,鋼筋混凝土造,83年7月29日,七層,,
RPQNMLLKOHLGFDA77CC,43,133.05,住家用,鋼筋混凝土造,72年7月14日,十四層,,
RPQNMLLKOHLGFDA77CC,42,18.67,共有部分,鋼筋混凝土造,73年1月16日,十四層,,
RPWNMLLKOHLGFEA48CC,17,27.45,住家用,鋼筋混凝土造,98年2月5日,十三層,,
RPWNMLLKOHLGFEA48CC,17,4.26,共有部分,鋼筋混凝土造,98年2月5日,十三層,,
RPWNMLLKOHLGFEA48CC,17,11.77,共有部分,鋼筋混凝土造,98年2月5日,十三層,,
RPTNMLLKOHLGFEA18CC,17,41.33,住家用,鋼筋混凝土造,98年7月17日,十一層,,
RPTNMLLKOHLGFEA18CC,17,23.50,共有部分,鋼筋混凝土造,98年7月17日,十一層,,
RPPOMLLKOHLGFEA87CC,61,77.52,住家用,加強磚造,54年1月10日,,,
RPSNMLLKOHLGFFA18CC,44,101.94,住家用,鋼筋混凝土造,71年3月13日,七層,,
RPSNMLLKOHLGFFA18CC,44,15.74,共有部分,鋼筋混凝土造,71年3月13日,七層,,
RPOOMLLKOHLGFEA77CC,47,28.75,住家用,鋼筋混凝土造,68年9月19日,四層,,
RPPOMLMKOHLGFAA57CC,30,38.89,商業用,鋼筋混凝土造,85年9月14日,八層,,
RPPOMLMKOHLGFAA57CC,30,9.47,見使用執照,鋼筋混凝土造,85年9月14日,八層,,
RPVNMLLKOHLGFFA48CC,17,12.00,醫事技術業,鋼筋混凝土造,98年2月12日,十三層,,
RPVNMLLKOHLGFFA48CC,17,2.94,共有部分,鋼筋混凝土造,98年2月12日,十三層,,
RPVNMLLKOHLGFFA48CC,17,2.28,共有部分,鋼筋混凝土造,98年2月12日,十三層,,
RPVNMLLKOHLGFFA48CC,17,1.46,共有部分,鋼筋混凝土造,98年2月12日,十三層,,
RPROMLMKOHLGFAA77CC,49,87.13,住家用,鋼筋混凝土造,66年1月7日,四層,,
RPVOMLMKOHLGFAA18CC,17,58.11,住家用,鋼筋混凝土造,98年4月3日,十五層,,
RPVOMLMKOHLGFAA18CC,17,14.34,共有部分,鋼筋混凝土造,98年4月3日,十五層,,
RPVOMLMKOHLGFAA18CC,17,17.82,共有部分,鋼筋混凝土造,98年4月3日,十五層,,
RPTPMLMKOHLGFAA08CC,,104.65,,加強磚造,,三層,,
RPSNMLMKOHLGFBA87CC,17,37.29,一般事務所,鋼骨造,98年7月24日,十八層,,
RPSNMLMKOHLGFBA87CC,17,14.28,共有部分,鋼骨造,98年7月24日,十八層,,
RPSNMLMKOHLGFBA87CC,17,4.08,共有部分,鋼骨造,98年7月24日,十八層,,
RPUNMLMKOHLGFBA08CC,14,42.02,住家用,鋼筋混凝土造,100年11月29日,九層,,
RPUNMLMKOHLGFBA08CC,14,22.32,本共有部分之項目有，防空避難室兼停車空間，梯廳，供行動不便者使用電梯，通風設備，機房１，機房３（供電表箱使用），機房４（供電信用），機房５（供升降機用），樓梯，安全梯，通風設備機房，台電配電室，通風設備機房，升降機（供機車用），機車升降機，水箱，消防器材室，管理維護使用空間，發電機室，通風設備機房，ＣＯ２通風機房，停車空間，水箱，消防水箱，機房，水錶室，等２６項,鋼筋混凝土造,100年11月29日,九層,,
RPTNMLMKOHLGFBA97CC,22,35.63,住家用,鋼筋混凝土造,92年12月4日,十四層,,
RPTNMLMKOHLGFBA97CC,22,7.03,共有部分,鋼筋混凝土造,92年12月4日,十四層,,
RPTNMLMKOHLGFBA97CC,22,5.78,共有部分,鋼筋混凝土造,92年12月4日,十四層,,
RPXNMLMKOHLGFBA38CC,49,22.98,商業用,鋼筋混凝土造,66年8月29日,十二層,,
RPXNMLMKOHLGFBA38CC,49,4.19,共有部分,鋼筋混凝土造,66年8月29日,十二層,,
RPROMLMKOHLGFBA87CC,51,132.93,住家用,鋼筋混凝土造,64年2月4日,七層,,
RPSOMLMKOHLGFBA97CC,,46.49,,加強磚造,,二層,,
RPOOMLMKOHLGFBA57CC,58,24.07,,加強磚造,57年4月29日,四層,,
RPWOMLMKOHLGFBA38CC,51,31.37,住家用,鋼筋混凝土造,64年5月8日,五層,,
RPRPMLMKOHLGFBA97CC,19,22.84,住家用,鋼筋混凝土造,96年10月25日,十四層,,
RPRPMLMKOHLGFBA97CC,19,12.62,共有部分,鋼筋混凝土造,96年10月25日,十四層,,
RPUPMLOJOHLGFDA58CC,51,80.77,住家用,鋼筋混凝土造,64年5月24日,四層,,
RPVOMLOJOHLGFDA58CC,2,99.73,集合住宅,鋼骨造,113年4月12日,二十三層,,
RPRNMLPJOHLGFDA18CC,40,115.17,住家用,鋼筋混凝土造,75年5月15日,五層,,
RPPOMLOJOHLGFDA97CC,46,91.05,住家用,鋼筋混凝土造,69年9月12日,五層,,
RPRNMLPJOHLGFDA18CC,40,13.76,共有部分,鋼筋混凝土造,75年5月15日,五層,,
RPVOMLOJOHLGFDA58CC,2,48.95,本共有部分之項目有行動不便梯、停獎專用出入口、安全梯Ｃ（停獎專用）、車道、汽車坡道、機車坡道、梯廳、大廳（Ａ）、大廳（Ｂ）、大廳（Ｃ）、安全梯（Ａ）、安全梯（Ｂ）、升降機、管委會使用空間、管委會使用空間（Ｂ）、管委會使用空間（Ｃ）、梯廳（Ａ）、梯廳（Ｂ）、特別安全梯（Ａ１）、特別安全梯（Ａ２）、特別安全梯（Ｂ１）、特別安全梯（Ｂ２）、排煙室（Ａ１）、排煙室（Ａ２）、排煙室（Ｂ１）、排煙室（Ｂ２）、緊急昇降機、陽台、雨遮、梯間、機房、中繼機房、緊急升降機電梯機房、安全梯（Ａ３）、安全梯（Ｂ３）、升降機電梯機房、水箱、水錶室、水箱室、排風機房１、排風機房２、進風機房、發電機室、防災中心、消防中繼機房、機房（供電信使用）、ＡＢ棟台電配電室、機房（景觀水景噴灌）、資源回收室、水箱１、水箱２、水景機房、公共用水箱、雨水＋噴灌機房、防空避難室兼停車空間、停車空間、管理員室、中繼水箱及消防泵浦室等５９項。,鋼骨造,113年4月12日,二十三層,,
RPOOMLOJOHLGFDA87CC,34,112.44,住家用,鋼筋混凝土造,81年6月24日,九層,,
RPOOMLOJOHLGFDA87CC,34,23.56,共有部分,鋼筋混凝土造,81年6月24日,九層,,
RPUOMLOJOHLGFDA48CC,18,117.90,住家用,鋼筋混凝土造,97年3月28日,八層,,
RPUOMLOJOHLGFDA48CC,18,42.65,共有部分,鋼筋混凝土造,97年3月28日,八層,,
RPSNMLMKOHLGFDA08CC,42,90.06,住家用,鋼筋混凝土造,73年11月6日,五層,,
RPSNMLMKOHLGFDA08CC,42,7.93,共有部分,鋼筋混凝土造,73年11月6日,五層,,
RPTOMLMKOHLGFDA28CC,42,92.09,住家用,鋼筋混凝土造,72年12月6日,五層,,
RPTOMLMKOHLGFDA28CC,42,8.54,共有部分,鋼筋混凝土造,72年12月6日,五層,,
RPTOMLMKOHLGFEA38CC,52,94.70,住家用,鋼筋混凝土造,62年12月29日,四層,,
RPRNMLMKOHLGFFA18CC,39,84.08,住家用,鋼筋混凝土造,76年3月18日,七層,,
RPRNMLMKOHLGFFA18CC,39,8.32,共有部分,鋼筋混凝土造,76年3月18日,七層,,
RPPNMLNKOHLGFAA57CC,43,15.00,住家用,鋼筋混凝土造,72年2月24日,五層,,
RPPNMLNKOHLGFFA08CC,50,131.09,住家用,鋼筋混凝土造,65年10月22日,五層,,
RPPNMLNKOHLGFFA08CC,50,79.34,,鋼筋混凝土造,65年10月22日,五層,,
RPVNMLOKOHLGFAA28CC,9,64.48,集合住宅,鋼骨造,106年6月2日,十八層,,
RPVNMLOKOHLGFAA28CC,9,34.45,共有部分，本共有部分之項目有梯廳兼排煙室、緊急昇降機、行動不便者電梯、管道間、Ｂ棟Ａ梯特別安全梯、Ｂ棟Ｂ梯特別安全梯、排煙室、Ａ棟Ｃ梯特別安全梯、門廳、警衛室、儲藏室、高層建築防災中心、服務管理台、Ａ棟Ａ梯特別安全梯、Ａ棟Ｂ梯特別安全梯、機械進風、機械排風、陽台、走廊、男廁、女廁、茶水間、Ｂ棟電錶室、管委會使用空間、消防中繼水箱、機房、Ａ棟錶室、機電設備空間、住戶交誼空間、中繼水箱機房（消防）、管道室、電梯廳兼排煙室、消防給水弱電、昇降機坑、防空避難室兼停車空間、排氣管道間、進氣管道間、排氣機房、排氣管道、進氣機房、進氣管道、臺電配電場所、機車停車空間、梯廳、電錶區、受電箱區、油槽室、緊急發電機室、電信室、垃圾暫存空間、行動不便者、Ｂ棟梯廳、過濾機房、Ｂ棟水池、Ａ棟水池、消防泵浦室、消防蓄水池、昇降機房、屋頂水箱等５９項。,鋼骨造,106年6月2日,十八層,,
RPRNMLOKOHLGFDA18CC,,43.00,,加強磚造,,三層,,
RPPNMLOKOHLGFFA18CC,52,26.00,,鋼筋混凝土造,63年8月27日,四層,,
RPRNMLOKOHLGFFA38CC,52,25.00,,鋼筋混凝土造,63年8月27日,四層,,
RPXNMLPKOHLGFAA58CC,57,31.43,住家用,加強磚造,58年7月25日,四層,,
RPPNMLPKOHLGFBA87CC,,223.16,,磚造,,二層,,
RPQNMLPKOHLGFBA97CC,42,20.41,商業用,鋼筋混凝土造,73年6月30日,五層,,
RPXNMLPKOHLGFBA68CC,50,141.35,,鋼筋混凝土造,65年8月13日,五層,,
RPRNMLPKOHLGFBA08CC,56,15.35,住家用,加強磚造,59年4月30日,四層,,
RPUOMLPKOHLGFBA48CC,4,37.77,多戶住宅（Ｈ２）,鋼筋混凝土造,111年8月16日,十一層,,
RPUOMLPKOHLGFBA48CC,4,14.90,本共有部分之項目有：梯廳、頂蓋型開放空間、管委會使用空間、機電設備空間、機車昇降設備、供行動不便者升降設備、甲梯安全梯、乙梯安全梯、丙梯安全梯、丁梯安全梯、自來水箱、消防水箱、機電設備空間（供電梯機房使用）、客貨梯昇降機設備、機電設備空間供電信使用、機電設備空間（供消防幫浦室使用）、防空避難室兼停車空間、電錶室、台電配電場所、機電設備空間（供發電機房使用）、緊急發電機排風機房、緊急發電機進風機房及受電箱等２３項,鋼筋混凝土造,111年8月16日,十一層,,
RPUOMLPKOHLGFBA48CC,4,2.71,本共有部分之項目有：梯廳等１項,鋼筋混凝土造,111年8月16日,十一層,,
RPROMLPJOHLGFDA28CC,47,71.20,住家用,鋼筋混凝土造,68年3月13日,五層,,
RPTOMLPJOHLGFDA48CC,55,94.06,住家用,加強磚造,59年12月15日,四層,,
RPQOMLPJOHLGFDA18CC,50,92.40,工業用,鋼筋混凝土造,65年3月12日,四層,,
RPSOMLPJOHLGFDA38CC,49,71.97,商業用,鋼筋混凝土造,66年9月14日,五層,,
RPQNMLQJOHLGFDA18CC,,93.86,住商用,加強磚造,,三層,,
RPRNMLSJOHLGFDA48CC,17,59.62,住家用,鋼筋混凝土造,98年7月2日,十九層,,
RPRNMLSJOHLGFDA48CC,17,23.49,共有部分,鋼筋混凝土造,98年7月2日,十九層,,
RPRNMLSJOHLGFDA48CC,17,5.06,共有部分,鋼筋混凝土造,98年7月2日,十九層,,
RPRNMLSJOHLGFDA48CC,17,23.11,共有部分,鋼筋混凝土造,98年7月2日,十九層,,
RPRNMLSJOHLGFDA48CC,17,14.97,共有部分,鋼筋混凝土造,98年7月2日,十九層,,
RPSNMLPKOHLGFDA38CC,35,10.00,住家用,鋼筋混凝土造,80年7月2日,七層,,
RPVNMLPKOHLGFDA68CC,57,13.00,住家用,鋼筋混凝土造,58年11月6日,四層,,
RPOOMLPKOHLGFCA97CC,52,78.37,住家用,鋼筋混凝土造,63年5月6日,四層,,
RPTNMLMKOHLGFCA08CC,14,116.53,住家用,鋼筋混凝土造,101年3月27日,十五層,,
RPTNMLMKOHLGFCA08CC,14,56.84,本共有部分之項目有樓梯間、梯廳、走廊、門廳、昇降機、管理員室、排煙室、機械室、水箱、消防水箱、防空避難室兼停車空間、機車停車位、台電配電室、車道、供行動不便者使用昇降機、進風管道間、排風管道間、發電機室、蓄水池、消防幫浦室、陽台、雨遮等２２項。,鋼筋混凝土造,101年3月27日,十五層,,
RPVNMLPKOHLGFCA58CC,49,84.47,住家用,鋼筋混凝土造,66年11月10日,四層,,
RPXPMLMKOHLGFCA68CC,48,38.71,住家用,鋼筋混凝土造,67年3月1日,十一層,,
RPVPMLMKOHLGFCA48CC,47,21.91,商業用,鋼筋混凝土造,68年1月19日,十四層,,
RPXPMLMKOHLGFCA68CC,48,13.02,共有部分,鋼筋混凝土造,67年3月1日,十一層,,
RPPOMLMKOHLGFCA77CC,49,89.99,住家用,鋼筋混凝土造,66年11月9日,五層,,
RPSNMLPKOHLGFCA28CC,42,13.50,住家用,鋼筋混凝土造,73年2月27日,五層,,
RPVPMLMKOHLGFCA48CC,47,9.13,共有部分,鋼筋混凝土造,68年1月19日,十四層,,
RPPOMLPKOHLGFCA08CC,34,32.74,見使用執照,鋼筋混凝土造,81年10月12日,十六層,,
RPPOMLPKOHLGFCA08CC,34,.01,共有部分,鋼筋混凝土造,81年10月12日,十六層,,
RPRNMLOKOHLGFCA08CC,17,29.69,商業用,鋼筋混凝土造,98年6月22日,十四層,,
RPRNMLOKOHLGFCA08CC,17,6.11,共有部分,鋼筋混凝土造,98年6月22日,十四層,,
RPRNMLOKOHLGFCA08CC,17,2.90,共有部分,鋼筋混凝土造,98年6月22日,十四層,,
RPRNMLOKOHLGFCA08CC,17,7.47,共有部分,鋼筋混凝土造,98年6月22日,十四層,,
RPRNMLOKOHLGFCA08CC,17,5.30,共有部分,鋼筋混凝土造,98年6月22日,十四層,,
RPTNMLPKOHLGFDA48CC,45,10.00,住家用,鋼筋混凝土造,70年1月16日,五層,,
RPWNMLPKOHLGFCA68CC,51,13.00,商業用,鋼筋混凝土造,64年7月16日,四層,,
RPQNMLPKOHLGFCA08CC,52,11.00,住家用,鋼筋混凝土造,62年12月22日,四層,,
RPQOMLTJOHLGFCA48CC,48,81.44,住家用,鋼筋混凝土造,67年2月2日,十二層,,
RPQOMLTJOHLGFCA48CC,48,13.78,共有部分,鋼筋混凝土造,67年2月2日,十二層,,
RPROMLTJOHLGFCA58CC,47,72.09,住家用,鋼筋混凝土造,68年8月6日,五層,,
RPOQMLMKOHLGFCA87CC,36,140.24,住家用,鋼筋混凝土造,79年3月5日,五層,,
RPOQMLMKOHLGFCA87CC,36,33.77,共有部分,鋼筋混凝土造,79年3月5日,五層,,
RPSOMLPKOHLGFDA48CC,21,47.71,共有部分,鋼筋混凝土造,94年5月31日,十一層,,
RPQNMLPKOHLGFFA38CC,41,11.00,住家用,鋼筋混凝土造,74年6月10日,五層,,
RPRNMLPKOHLGFFA48CC,51,11.00,住家用,鋼筋混凝土造,64年11月11日,四層,,
RPVOMLPKOHLGFDA78CC,47,9.00,住家用,鋼筋混凝土造,68年6月6日,五層,,
RPWNMLPKOHLGFDA78CC,45,10.80,住家用,鋼筋混凝土造,69年12月3日,五層,,
RPXNMLQKOHLGFAA68CC,30,74.34,住家用,鋼筋混凝土造,85年10月2日,七層,,
RPXNMLQKOHLGFAA68CC,30,7.02,見使用執照,鋼筋混凝土造,85年10月2日,七層,,
RPXNMLQKOHLGFAA68CC,30,20.23,見使用執照,鋼筋混凝土造,85年10月2日,七層,,
RPUNMLPKOHLGFEA68CC,42,122.12,住家用,鋼筋混凝土造,73年11月13日,七層,,
RPUNMLPKOHLGFEA68CC,42,1.94,共有部分,鋼筋混凝土造,73年11月13日,七層,,
RPUNMLPKOHLGFEA68CC,42,13.95,共有部分,鋼筋混凝土造,73年11月13日,七層,,
RPUOMLPKOHLGFDA68CC,48,83.18,住家用,鋼筋混凝土造,67年7月12日,四層,,
RPPNMLPKOHLGFFA28CC,38,13.00,住家用,鋼筋混凝土造,77年2月4日,十二層,,
RPPOMLPKOHLGFDA18CC,35,11.00,住家用,鋼筋混凝土造,80年7月2日,七層,,
RPVPMLQKOHLGFBA78CC,2,31.63,Ｈ２－（第二組）多戶住宅,鋼筋混凝土造,113年11月11日,十五層,,
RPUOMLPKOHLGFFA88CC,18,43.84,住家用,鋼筋混凝土造,97年6月27日,十四層,,
RPVPMLQKOHLGFBA78CC,2,19.25,本共有部分之項目有有無障礙安全梯、安全梯、陽臺、客貨升降機、供行動不便者使用、室內通路、梯廳、全自動升降機、騎樓、樓梯間、電梯間、發電機進風、發電機排風、機電設備空間（客貨升降機用）、台電配電場所、機電設備空間（發電機房）、機電設備空間、機電設備空間（電信用）、機電設備空間（消防機房）、走道、水箱等二十一項,鋼筋混凝土造,113年11月11日,十五層,,
RPUOMLPKOHLGFFA88CC,18,5.64,共有部分,鋼筋混凝土造,97年6月27日,十九層,,
RPUOMLPKOHLGFFA88CC,18,13.94,共有部分,鋼筋混凝土造,97年6月27日,十四層,,
RPUOMLPKOHLGFFA88CC,18,3.37,共有部分,鋼筋混凝土造,97年6月27日,十四層,,
RPUOMLPKOHLGFFA88CC,18,2.99,共有部分,鋼筋混凝土造,97年6月27日,十九層,,
RPUOMLPKOHLGFFA88CC,18,7.73,共有部分,鋼筋混凝土造,97年6月27日,十四層,,
RPUPMLQKOHLGFCA78CC,42,9.00,商業用,鋼筋混凝土造,73年5月8日,七層,,
RPSNMLQKOHLGFCA38CC,59,27.01,住家用,加強磚造,56年10月30日,四層,,
RPOPMLQKOHLGFCA18CC,18,17.78,住家用,鋼筋混凝土造,97年7月11日,七層,,
RPOPMLQKOHLGFCA18CC,18,9.75,共有部分,鋼筋混凝土造,97年7月11日,七層,,
RPSPMLQKOHLGFCA58CC,51,84.36,商業用,鋼筋混凝土造,63年12月5日,四層,,
RPVPMLQKOHLGFCA88CC,16,29.62,住家用,鋼筋混凝土造,99年2月12日,十四層,,
RPVPMLQKOHLGFCA88CC,16,.73,本共有部分之項目有車道、停車空間、進風管道、Ａ升降機（４－７層）及Ｂ升降機（１－３層）等５項,鋼筋混凝土造,99年2月12日,十四層,,
RPVPMLQKOHLGFCA88CC,16,15.77,本共有部分之項目有外廊、管理員室、梯廳、梯間、緊急用昇降機、行動不便者昇降機、雨遮、機車昇降機、梯廳排煙室、走廊、陽台、供公寓大廈管理委員會使用、機械室、蓄水池、消防蓄水池、台電專用管道間、機械室（供本棟使用電信機房）、機車昇降機、防空避難室兼停車空間、台電配電室、發電機機房、消防泵浦室及消防水池等２３項,鋼筋混凝土造,99年2月12日,十四層,,
RPUQMLQKOHLGFCA88CC,9,40.90,一般事務所,鋼筋混凝土造,106年1月10日,十層,,
RPUQMLQKOHLGFCA88CC,9,18.64,本共有部分之項目有電梯ＮＯ２、電梯ＮＯ１（行動不便）、安全梯Ａ、戶外安全梯Ｂ、停車空間、管理委會使用空間（１）、管理委會使用空間（２）、騎樓、管道間、機房、樓電梯間、消防水箱、水錶室、水箱、電錶、台電配電場所、自設汙水陰井、排風管道、樓梯Ｄ、維修通道、機電設備空間（污物處理室）、發電機進氣管道、發電機排氣管道、樓梯Ｃ、梯廳、電信機房、緊急發電機室、消防泵浦室、上方發電機進氣管道、上方發電機排氣管道、排風管道間等３１項,鋼筋混凝土造,106年1月10日,十層,,
RPVNMLPKOHLGFFA88CC,30,25.43,住家用,鋼筋混凝土造,85年3月2日,七層,,
RPUQMLQKOHLGFCA88CC,9,2.77,本共有部分之項目有梯廳１項,鋼筋混凝土造,106年1月10日,十層,,
RPVNMLPKOHLGFFA88CC,30,7.55,共有部分,鋼筋混凝土造,85年3月2日,七層,,
RPUNMLQKOHLGFBA48CC,56,13.88,住家用,加強磚造,59年4月30日,四層,,
RPRNMLPKOHLGFEA38CC,45,11.80,住家用,鋼筋混凝土造,70年10月2日,五層,,
RPUOMLQKOHLGFDA78CC,50,11.00,住家用,鋼筋混凝土造,65年1月23日,四層,,
RPPNMLKKOHLGFCA47CC,1,31.05,（第二組）多戶住宅（Ｈ２）,鋼筋混凝土造,114年9月1日,七層,,
RPPNMLKKOHLGFCA47CC,1,6.27,本共有部分之項目有無障礙升降機、室內安全梯、無障礙樓梯、管委會空間、梯廳、電梯機坑、緊急發電機室、屋頂水箱及消防水箱等９項,鋼筋混凝土造,114年9月1日,七層,,
RPPNMLKKOHLGFCA47CC,1,7.46,本共有部分之項目有排風管道、車道、無障礙升降機、室內安全梯、無障礙樓梯、防空避難室兼停車空間、台電管道間、消防泵浦室、電信機房及停車空間等１０項,鋼筋混凝土造,114年9月1日,七層,,
RPPNMLKKOHLGFCA47CC,1,2.98,本共有部分之項目有梯廳等１項,鋼筋混凝土造,114年9月1日,七層,,
RPXOMLQKOHLGFEA56CC,37,97.00,住家用,鋼筋混凝土造,78年5月9日,五層,,
RPXOMLQKOHLGFEA56CC,37,12.13,共有部分,鋼筋混凝土造,78年5月9日,五層,,
RPSOMLQKOHLGFEA68CC,51,117.93,住家用,鋼筋混凝土造,64年5月2日,四層,,
RPRNMLQKOHLGFFA58CC,54,15.00,住家用,鋼筋混凝土造,61年10月2日,七層,,
RPQOMLQKOHLGFFA58CC,43,110.68,住家用,鋼筋混凝土造,72年1月21日,七層,,
RPQOMLQKOHLGFFA58CC,43,19.83,共有部分,鋼筋混凝土造,72年1月21日,七層,,
RPSOMLQKOHLGFFA78CC,,57.97,,加強磚造,,四層,,
RPWNMLQKOHLGFFA09CC,58,13.00,,加強磚造,57年10月16日,四層,,
RPSNMLRKOHLGFAA28CC,3,55.23,多戶住宅,鋼骨鋼筋混凝土造,111年12月20日,二十九層,,
RPSNMLRKOHLGFAA28CC,3,27.93,共有部分，本共有部分之項目有管理員室、排煙室、梯廳、無障礙樓梯特別安全梯Ｂ１、門廳、６ｘ１２ｍ緩衝空間、陽臺、機房、無障礙樓梯特別安全梯Ａ２、防災中心、雨遮、管委、特別安全梯Ａ１、走廊（梯廳）、特別安全梯Ｂ２、梯間、消防中繼機房、電梯機房、水箱、升降道、消防中繼水箱、停車空間、一般電梯、緊急升降電梯無障礙電梯、安全梯ｂ、安全梯ａ無障礙樓梯、特別安全梯Ｂ１、地下一層全部、地下二層全部、地下三層全部、地下四層全部等３１項。,鋼骨鋼筋混凝土造,111年12月20日,二十九層,,
RPRNMLQKOHLGFDA38CC,53,17.00,住家用,鋼筋混凝土造,62年3月10日,四層,,
RPRNMLRKOHLGFAA18CC,43,89.49,集合住宅,鋼筋混凝土造,72年7月15日,七層,,
RPRNMLRKOHLGFAA18CC,43,28.96,共有部分,鋼筋混凝土造,72年7月15日,七層,,
RPTNMLRKOHLGFAA38CC,30,22.59,住家用,鋼筋混凝土造,85年9月25日,十七層,,
RPTNMLRKOHLGFAA38CC,30,4.03,見使用執照,鋼筋混凝土造,85年9月25日,十七層,,
RPTNMLRKOHLGFAA38CC,30,2.53,見使用執照,鋼筋混凝土造,85年9月25日,十七層,,
RPWNMLPKOHLGFFA98CC,30,21.93,住家用,鋼筋混凝土造,85年3月2日,七層,,
RPWNMLPKOHLGFFA98CC,30,8.75,共有部分,鋼筋混凝土造,85年3月2日,七層,,
RPUNMLRKOHLGFBA58CC,,32.69,住家用,加強磚造,,三層,,
RPUNMLRKOHLGFBA58CC,,57.11,住家用,加強磚造,,三層,,
RPWOMLQKOHLGFEA09CC,46,68.02,住家用,鋼筋混凝土造,69年5月30日,五層,,
RPTPMLRKOHLGFBA68CC,17,53.34,住家用,鋼骨造,98年7月24日,十八層,,
RPTPMLRKOHLGFBA68CC,17,15.89,共有部分,鋼骨造,98年7月24日,十八層,,
RPTPMLRKOHLGFBA68CC,17,.11,共有部分,鋼骨造,98年7月24日,十八層,,
RPTPMLRKOHLGFBA68CC,17,7.76,共有部分,鋼骨造,98年7月24日,十八層,,
RPSOMLRKOHLGFAA38CC,46,16.53,住家用,鋼筋混凝土造,69年6月16日,五層,,
RPUPMLRKOHLGFBA78CC,7,47.02,住家用,鋼筋混凝土造,108年3月4日,十九層,,
RPUPMLRKOHLGFBA78CC,7,13.62,本共有部分之項目有：緊急升降機兼用行動不便電梯、升降機、梯廳兼排煙室、緊急升降機進氣管道、排氣管道、梯廳、消防／排水管道、特別安全梯甲、特別安全梯乙、安全梯丙、安全梯戊、管理員室、電力管道、騎樓、防災中心、機車升降機、排煙室、都市通廊、停車場進氣管道、電訊管道、排煙管道、電氣管道、電表室、管委會（１）、管委會（２）、走道、廁所、陽台、中繼消防水箱、連結泵、給水管道、樓梯庚、屋頂給水水箱、屋頂消防水箱、機房、停車空間兼防空避難室、特別安全梯丁、受電箱、台電配電室、電信室、油壓機房、電力、發電機進氣管道、發電機排氣管道、排氣／進氣管道、自設變電室、垃圾車暫停空間、垃圾儲存空間、發電機油箱室、發電機房、電訊／電氣管道、泵浦室、日用水箱機房、泡沫消防設備機房及自來水池等５６項。,鋼筋混凝土造,108年3月4日,十九層,,
RPUPMLRKOHLGFBA78CC,7,7.32,本共有部分之項目有：緊急升降機兼用行動不便電梯、升降機、排煙室、排煙管道、梯廳及走道等６項。,鋼筋混凝土造,108年3月4日,十九層,,
RPTOMLPKOHLGFFA78CC,1,40.96,本共有部分之項目有停車空間等１項。,鋼骨鋼筋混凝土造,114年1月22日,二十三層,,
RPPOMLRKOHLGFCA28CC,43,33.06,住家用,鋼筋混凝土造,72年11月17日,七層,,
RPWOMLRKOHLGFAA78CC,44,71.40,住家用,鋼筋混凝土造,70年12月26日,五層,,
RPPOMLRKOHLGFCA28CC,43,11.62,共有部分,鋼筋混凝土造,72年11月17日,七層,,
RPXNMLQKOHLGFDA98CC,50,20.54,住家用,鋼筋混凝土造,65年11月11日,四層,,
RPUNMLMKOHLGFCA18CC,4,87.63,集合住宅,鋼筋混凝土造,111年9月23日,十五層,,
RPUNMLMKOHLGFCA18CC,4,14.70,本共有部分之項目有：外廊、入口大廳、宅配室、管委會空間、特別安全梯Ａ兼行動不便樓梯、緊急升降電梯兼行動不便電梯、排煙室、機電設備空間（資源回收室）、特別安全梯Ｂ兼行動不便樓梯、垃圾暫停車位、機車停車空間、發電機室、機電設備空間（電信機房）、電錶室、台電配電場所、Ａ棟－水箱機房、機電設備空間、Ｂ棟－水箱機房、消防機房、殘障車位等２０項,鋼筋混凝土造,111年9月23日,十五層,,
RPUNMLMKOHLGFCA18CC,4,42.48,本共有部分之項目有：車道、排氣機房、進氣機房、防空避難室兼停車空間、進排氣、坡道、停車空間、雨水水池、消防水池等９項,鋼筋混凝土造,111年9月23日,十五層,,
RPUNMLMKOHLGFCA18CC,4,28.49,本共有部分之項目有：排煙室、緊急昇降電梯兼行動不便電梯、特別安全梯Ａ兼行動不便樓梯、梯廳、特別安全梯Ｃ兼行動不便樓梯、安全梯、消防水池、電梯機房、水箱等９項,鋼筋混凝土造,111年9月23日,十五層,,
RPUNMLLKOHLGFCA08CC,18,88.29,住家用,鋼筋混凝土造,97年1月4日,十二層,,
RPUNMLLKOHLGFCA08CC,18,20.73,共有部分,鋼筋混凝土造,97年1月4日,十二層,,
RPUNMLLKOHLGFCA08CC,18,22.52,共有部分,鋼筋混凝土造,97年1月4日,十二層,,
RPTNMLRKOHLGFBA48CC,38,120.35,住家用,鋼筋混凝土造,77年3月19日,五層,,
RPTNMLRKOHLGFBA48CC,38,15.43,共有部分,鋼筋混凝土造,77年3月19日,五層,,
RPQOMLRKOHLGFCA38CC,43,16.53,住家用,鋼筋混凝土造,72年11月17日,七層,,
RPQOMLRKOHLGFCA38CC,43,5.81,共有部分,鋼筋混凝土造,72年11月17日,七層,,
RPVNMLRKOHLGFAA58CC,44,12.79,住家用,鋼筋混凝土造,70年12月31日,五層,,
RPTQMLRKOHLGFCA88CC,41,84.68,住家用,鋼筋混凝土造,74年7月12日,五層,,
RPSPMLRKOHLGFCA68CC,47,9.00,住家用,鋼筋混凝土造,68年6月26日,五層,,
RPPPMLRKOHLGFCA38CC,37,22.00,住家用,鋼筋混凝土造,78年5月16日,五層,,
RPPNMLRKOHLGFDA28CC,38,11.00,住家用,鋼筋混凝土造,77年2月2日,十二層,,
RPTNMLRKOHLGFDA68CC,39,50.58,住家用,鋼筋混凝土造,76年9月29日,十四層,,
RPTNMLRKOHLGFDA68CC,39,9.55,共有部分,鋼筋混凝土造,76年9月29日,十四層,,
RPQPMLRKOHLGFDA58CC,54,102.05,住家用,鋼筋混凝土造,61年8月1日,四層,,
RPOPMLPKOHLGFFA38CC,49,18.20,住家用,鋼筋混凝土造,66年10月11日,五層,,
RPUQMLRKOHLGFCA98CC,18,156.19,策略性產業、資訊服務業、文化藝術工作室、剪接錄影工作室,鋼筋混凝土造,97年3月12日,五層,,
RPUQMLRKOHLGFCA98CC,18,183.58,共有部分,鋼筋混凝土造,97年3月12日,五層,,
RPRNMLRKOHLGFDA48CC,52,12.56,住家用,鋼筋混凝土造,63年10月1日,四層,,
RPSOMLRKOHLGFCA58CC,43,16.54,住家用,鋼筋混凝土造,72年11月17日,七層,,
RPSOMLRKOHLGFCA58CC,43,5.81,共有部分,鋼筋混凝土造,72年11月17日,七層,,
RPXNMLRKOHLGFDA09CC,19,66.44,住家用,鋼筋混凝土造,96年2月9日,十層,,
RPXNMLRKOHLGFDA09CC,19,40.41,共有部分,鋼筋混凝土造,96年2月9日,十層,,
RPXNMLRKOHLGFDA09CC,19,15.90,住家用,鋼筋混凝土造,96年2月9日,十層,,
RPXNMLRKOHLGFDA09CC,19,.68,住家用,鋼筋混凝土造,96年2月9日,十層,,
RPXNMLRKOHLGFCA98CC,4,59.05,集合住宅,鋼筋混凝土造,111年1月13日,十二層,,
RPXNMLRKOHLGFCA98CC,4,17.80,本共有部分之項目有陽台、梯廳、管委會使用空間１、管委會使用空間２、汽機車車道、無障礙廁所、Ａ梯、Ｂ梯、Ａ－丙梯、Ｂ－乙梯、排風、Ａ－乙梯戶外安全梯、Ｂ－乙梯戶外安全梯、Ａ－甲梯戶外安全梯／無障礙梯、Ｂ－甲梯戶外安全梯／無障礙梯、Ｂ－丙梯一般安全梯／無障礙梯、十人份一般昇降機、十人份一般昇降機無障礙、水錶室、機道、消防水箱、電梯機房、Ｂ水箱及Ａ水箱等２４項,鋼筋混凝土造,111年1月13日,十二層,,
RPXNMLRKOHLGFCA98CC,4,42.61,本共有部分之項目有台電配電場所、發電排風、發電進風、緊急發電機房、電錶箱、電信室、十人份一般昇降機無障礙、機坑、排風、垃圾儲藏室、噴灌機房、防空避難室兼停車空間、Ａ梯、Ｂ梯、Ｂ－丙梯一般安全梯／無障礙梯、Ａ水箱１、Ａ水箱２、Ａ水箱３、Ｂ水箱１、Ｂ水箱２、Ｂ水箱３、雨水機房、停車空間及消防機房等２４項,鋼筋混凝土造,111年1月13日,十二層,,
RPWNMLRKOHLGFCA88CC,39,9.00,住家用,鋼筋混凝土造,75年12月10日,五層,,
RPPNMLRKOHLGFEA38CC,31,157.49,住家用,鋼骨混凝土造,84年11月3日,二十六層,,
RPPNMLRKOHLGFEA38CC,31,44.17,共有部分,鋼骨混凝土造,84年11月3日,二十六層,,
RPTNMLRKOHLGFEA78CC,19,23.78,住家用,鋼骨鋼筋混凝土造,96年11月16日,二十三層,,
RPTNMLRKOHLGFEA78CC,19,4.49,共有部分,鋼骨鋼筋混凝土造,96年11月16日,二十三層,,
RPTNMLRKOHLGFEA78CC,19,8.11,共有部分,鋼骨鋼筋混凝土造,96年11月16日,二十三層,,
RPUNMLRKOHLGFFA98CC,51,85.99,,鋼筋混凝土造,64年8月13日,四層,,
RPVOMLRKOHLGFEA09CC,42,121.80,住家用,鋼筋混凝土造,73年1月5日,七層,,
RPQOMLRKOHLGFFA68CC,52,11.00,,鋼筋混凝土造,63年11月21日,四層,,
RPVOMLRKOHLGFEA09CC,42,15.50,共有部分,鋼筋混凝土造,73年1月5日,七層,,
RPPOMLRKOHLGFEA48CC,18,22.27,住家用,鋼筋混凝土造,97年10月9日,七層,,
RPPOMLRKOHLGFEA48CC,18,1.03,共有部分,鋼筋混凝土造,97年10月9日,七層,,
RPPOMLRKOHLGFEA48CC,18,2.21,共有部分,鋼筋混凝土造,97年10月9日,七層,,
RPPOMLRKOHLGFEA48CC,18,10.92,共有部分,鋼筋混凝土造,97年10月9日,七層,,
RPOPMLRKOHLGFEA48CC,19,280.36,住家用,鋼骨鋼筋混凝土造,96年7月20日,二十二層,,
RPROMLRKOHLGFCA48CC,43,16.53,住家用,鋼筋混凝土造,72年11月17日,七層,,
RPOPMLRKOHLGFEA48CC,19,17.11,共有部分,鋼骨鋼筋混凝土造,96年7月20日,二十二層,,
RPROMLRKOHLGFCA48CC,43,5.81,共有部分,鋼筋混凝土造,72年11月17日,七層,,
RPOPMLRKOHLGFEA48CC,19,6.54,共有部分,鋼骨鋼筋混凝土造,96年7月20日,二十二層,,
RPOPMLRKOHLGFEA48CC,19,2.95,共有部分,鋼骨鋼筋混凝土造,96年7月20日,二十二層,,
RPOPMLRKOHLGFEA48CC,19,193.36,共有部分,鋼骨鋼筋混凝土造,96年7月20日,二十二層,,
RPXNMLRKOHLGFFA66CC,52,11.00,,鋼筋混凝土造,63年11月21日,四層,,
RPOOMLRKOHLGFFA48CC,52,26.00,,鋼筋混凝土造,63年11月21日,四層,,
RPTNMLSKOHLGFAA48CC,46,13.91,住家用,鋼筋混凝土造,69年8月20日,五層,,
RPUNMLSKOHLGFAA58CC,,20.82,,加強磚造,,四層,,
RPVNMLSKOHLGFAA68CC,55,87.95,住家用,鋼筋混凝土造,60年10月27日,四層,,
RPRNMLSKOHLGFBA38CC,14,30.19,住家用,鋼筋混凝土造,100年11月30日,十三層,,
RPRNMLSKOHLGFBA38CC,14,16.17,本共有部分之項目有：出入口、梯廳、門廳、門廊、管理員室、機車昇降機、供行動不便者使用之昇降機、安全梯、昇降機房、消防水箱、屋頂水箱、機房、法定騎樓、中央監控室、油箱、消防水池、防空避難室兼停車空間、台電配電室、電信機房、進排風管道、發電機室、消防泵浦室、蓄水池、陽台等２４項。,鋼筋混凝土造,100年11月30日,十三層,,
RPWNMLSKOHLGFAA78CC,46,88.47,住家用,鋼筋混凝土造,69年6月30日,五層,,
RPOOMLSKOHLGFAA08CC,43,86.40,住家用,鋼筋混凝土造,72年2月24日,五層,,
RPVOMLSKOHLGFBA88CC,28,19.73,住家用,鋼筋混凝土造,87年6月4日,十四層,,
RPVOMLSKOHLGFBA88CC,28,5.29,共有部分,鋼筋混凝土造,87年6月4日,十四層,,
RPVOMLSKOHLGFBA88CC,28,2.35,共有部分,鋼筋混凝土造,87年6月4日,十四層,,
RPSPMLSKOHLGFBA68CC,3,42.20,多戶住宅,鋼筋混凝土造,111年12月16日,十四層,,
RPSPMLSKOHLGFBA68CC,3,20.65,本共有部分之項目有︰梯廳、排煙室、（行動不便）緊急昇降機、一般昇降機、戶外安全梯、Ａ梯戶外無障礙樓梯、管委會空間（一）、管委會空間（二）、管委會空間（三）、儲藏室、廁所、Ｂ梯、排煙室排風、陽臺、梯間、機電設備空間、屋頂水箱、消防水箱、Ａ梯、坡道、台電配電場所、排風管道、排風機、防空避難室兼停車空間、受電箱、電信室（機電設備空間）、排煙室進風、排煙室排風、發電機進風、發電機排風、發電機室、停車空間、水箱（一）、水箱（二）及消防機房等３５項,鋼筋混凝土造,111年12月16日,十四層,,
RPQPMLSKOHLGFBA48CC,1,653.97,第２８組：一般事務所（Ｇ２）,鋼骨造,114年9月8日,二十一層,,
RPQPMLSKOHLGFBA48CC,1,173.60,本共有部分項目有：車道、外廊、管委會使用空間、機電設備空間（電氣室）、排水、排煙風管、消防＋給排水、無障礙兼緊急升降梯廳兼排煙室、台電管道間（３）、無障礙電梯兼緊急升降梯、台電管道間（４）、特安梯Ａ、無障礙安全梯Ｄ、給排水、客用電梯、空調、梯廳、女廁、男廁、大廳、機電設備空間（弱電室）、無障礙特安梯Ｂ、風除室、６米＊１２米緩衝空間、騎樓、機電設備空間電表室、台電配電場所、機房、弱電室、樓梯Ｃ、機房、消防中繼機房、台電管道間（１）、排煙機房、電氣室發電機室、機電設備空間（進氣機房）、機電設備空間（電梯機房）、水箱、機電設備空間（空調水箱）、機電設備空間（基地台空間）、無障礙電梯緊急升降梯、進煙管道、排煙管道、緊急發電機室、防災中心（中控室）、垃圾暫存間、防空避難室兼停車空間、台電管道間（２）、梯廳間排煙室、機車車道、機車停車空間、排氣機房、停車場外氣、進氣水平管道、消防＋排水、無障礙電梯機坑、電梯機坑、消防中繼幫浦室、廁所、油槽室、消防泵浦室等６１項,鋼骨造,114年9月8日,二十一層,,
RPPPMLSKOHLGFBA38CC,2,57.43,集合住宅,鋼筋混凝土造,113年5月24日,十五層,,
RPQPMLSKOHLGFBA48CC,1,250.98,本共有部分項目有：排水、排煙風管、消防給排水、無障礙兼緊急升降梯廳兼排煙室、梯廳兼排煙室、消防管道＋排煙風管、無障礙電梯兼緊急升降梯、特安梯Ａ、給排水、機電設備空間、客用電梯、空調、梯廳、排氣＋排煙風管、給排水＋排煙風管、女廁、男廁、弱電室、無障礙特安梯Ｂ、電氣室、消防管道、排煙室、管道間、陽臺、無障礙廁所等２５項,鋼骨造,114年9月8日,二十一層,,
RPPPMLSKOHLGFBA38CC,2,2.24,本共有部分之項目有陽臺、管委會使用空間一（Ａ）、管委會使用空間一（Ｂ）、管委會使用空間一（Ｃ）、發電機排風、管委會使用空間二（Ａ）、管委會使用空間二（Ｂ）、雨遮、梯廳Ｂ及排煙室（梯廳）等１０項。,鋼筋混凝土造,113年5月24日,十五層,,
RPPPMLSKOHLGFBA38CC,2,18.87,本共有部分之項目有陽臺、特安梯Ｂ１、緊急升降機、管委會使用空間二、排煙室、無障礙電梯、特安梯Ｂ２（無障礙）、進風、梯廳Ｂ、門廊、騎樓、雨遮、發電機進風管道、地下室進風、機電設備空間（污物處理空間）、發電機室、發電機排風、地下室排風、車道、台電配電場所、受電箱、電信室、機車停車空間、停車空間、蓄水池Ａ、蓄水池Ｂ、蓄水池Ｃ、蓄水池Ｄ、消防泵浦室、梯間、儲藏室、樓梯間、機房（水表空間使用）、水箱及機械室等３５項。,鋼筋混凝土造,113年5月24日,十五層,,
RPQOMLSKOHLGFCA48CC,19,25.71,住家用,鋼筋混凝土造,96年10月2日,十二層,,
RPQOMLSKOHLGFCA48CC,19,10.76,共有部分,鋼筋混凝土造,96年10月2日,十二層,,
RPPPMLSKOHLGFBA38CC,2,8.59,本共有部分之項目有陽臺、排煙室及梯廳Ｂ等３項。,鋼筋混凝土造,113年5月24日,十五層,,
RPPPMLSKOHLGFBA38CC,2,1.83,本共有部分之項目有儲藏室、無障礙電梯、管道間、Ｂ梯廳、安全梯Ｂ１及梯廳等６項。,鋼筋混凝土造,113年5月24日,十五層,,
RPWNMLSKOHLGFBA88CC,52,77.33,住家用,鋼筋混凝土造,63年10月19日,五層,,
RPWPMLSKOHLGFCA56CC,2,28.63,多戶住宅,鋼筋混凝土造,113年9月2日,十五層,,
RPWPMLSKOHLGFCA56CC,2,16.74,本共有部分之項目有無障礙昇降機、緊急升降機、排煙室、戶外安全梯Ａ無障礙樓梯、戶外安全梯Ｂ、室內無障礙通道、管委會空間一、管委會空間二、管委會空間三、一般昇降機、梯廳、車道、水塔、停車空間、防空避難室兼停車空間、電信機房、發電機室、資源回收室、機房、台電配電場所、受電箱室、消防幫浦室、水箱等２３項。,鋼筋混凝土造,113年9月2日,十五層,,
RPWPMLSKOHLGFBA09CC,48,39.52,商業用,鋼筋混凝土造,67年1月4日,十二層,,
RPWPMLSKOHLGFBA09CC,48,9.93,共有部分,鋼筋混凝土造,67年1月4日,十二層,,
RPRPMLSKOHLGFCA68CC,49,35.69,住家用,鋼筋混凝土造,66年3月1日,九層,,
RPRPMLSKOHLGFCA68CC,49,9.13,共有部分,鋼筋混凝土造,66年3月1日,九層,,
RPXOMLSKOHLGFCA56CC,46,23.02,住家用,鋼筋混凝土造,68年12月19日,十一層,,
RPUOMLSKOHLGFCA88CC,18,15.70,住家用,鋼筋混凝土造,97年8月13日,十二層,,
RPXOMLSKOHLGFCA56CC,46,6.07,共有部分,鋼筋混凝土造,68年12月19日,十一層,,
RPUOMLSKOHLGFCA88CC,18,8.64,共有部分,鋼筋混凝土造,97年8月13日,十二層,,
RPSPMLSKOHLGFCA78CC,44,28.09,住家用,鋼筋混凝土造,71年11月8日,七層,,
RPUOMLSKOHLGFCA88CC,18,.14,共有部分,鋼筋混凝土造,97年8月13日,十二層,,
RPPNMLSKOHLGFCA28CC,46,28.16,住家用,鋼筋混凝土造,69年8月1日,十層,,
RPSPMLSKOHLGFCA78CC,44,6.01,共有部分,鋼筋混凝土造,71年11月8日,七層,,
RPUOMLSKOHLGFCA88CC,18,.18,共有部分,鋼筋混凝土造,97年8月13日,十二層,,
RPPNMLSKOHLGFCA28CC,46,8.00,共有部分,鋼筋混凝土造,69年8月1日,十層,,
RPROMLSKOHLGFCA58CC,47,20.00,商業用,鋼筋混凝土造,68年1月19日,十四層,,
RPROMLSKOHLGFCA58CC,47,8.54,共有部分,鋼筋混凝土造,68年1月19日,十四層,,
RPPNMLSKOHLGFEA48CC,57,62.40,住家用,加強磚造,57年12月11日,二層,,
RPWPMLSKOHLGFDA66CC,53,12.50,住家用,鋼筋混凝土造,62年3月30日,四層,,
RPQOMLSKOHLGFFA78CC,55,13.55,住家用,鋼筋混凝土造,60年5月25日,五層,,
RPUNMLSKOHLGFEA98CC,47,77.48,住家用,鋼筋混凝土造,68年1月5日,五層,,
RPUNMLSKOHLGFEA98CC,47,8.35,共有部分,鋼筋混凝土造,68年1月5日,五層,,
RPROMLSKOHLGFFA88CC,55,11.57,住家用,鋼筋混凝土造,60年5月25日,五層,,
RPPNMLTKOHLGFCA38CC,42,42.58,住家用,鋼筋混凝土造,73年6月21日,五層,,
RPQNMLKLOHLGFBA57CC,17,69.36,住家用,鋼骨造,98年7月24日,十八層,,
RPQNMLKLOHLGFBA57CC,17,20.75,共有部分,鋼骨造,98年7月24日,十八層,,
RPQNMLKLOHLGFBA57CC,17,.15,共有部分,鋼骨造,98年7月24日,十八層,,
RPOPMLSKOHLGFFA68CC,47,47.14,住家用,鋼筋混凝土造,68年11月17日,五層,,
RPQNMLKLOHLGFBA57CC,17,10.20,共有部分,鋼骨造,98年7月24日,十八層,,
RPSNMLKLOHLGFCA87CC,10,53.95,住家用,鋼骨造,105年6月2日,十二層,,
RPSNMLKLOHLGFCA87CC,10,29.07,本共有項目有：機車停車空間、空調管道、陽台、安全梯、Ｄ樓梯、Ｂ樓梯、１６人份一般昇降機、梯廳、１７人份緊急昇降機兼供行動不便者使用之電梯、排煙室、排煙管道、進風管道、Ａ樓梯、Ｃ樓梯、管委會使用空間、機房、門廳、通道、管理員室、樓梯間、一般昇降機、清水池、消防給水電氣管道、排煙、進風、消防水箱、水箱、電梯機房、停車場進風管道、電氣消防管道、排水管道、排風管道、發電機房、停車場排風管道、台電配電場所、受電箱室、給水管道、電信機房、消防幫浦室、消防水池、無障礙通路等４１項。,鋼骨造,105年6月2日,十二層,,
RPTNMLLLOHLGFCA08CC,46,43.62,住家用,鋼筋混凝土造,69年10月24日,五層,,
RPSNMLKLOHLGFEA08CC,20,27.64,自由職業事務所,鋼筋混凝土造,95年6月26日,十三層,,
RPSNMLKLOHLGFEA08CC,20,6.53,共有部分,鋼筋混凝土造,95年6月26日,十三層,,
RPSNMLKLOHLGFEA08CC,20,5.42,共有部分,鋼筋混凝土造,95年6月26日,十三層,,
RPRNMLKLOHLGFBA67CC,10,81.39,住家用,鋼骨造,105年3月31日,二十六層,,
RPRNMLKLOHLGFEA97CC,10,130.33,住家用,鋼骨鋼筋混凝土造,105年10月3日,二十一層,,
RPXNMLMLOHLGFAA38CC,45,109.21,住家用,鋼筋混凝土造,70年1月30日,五層,,
RPXNMLMLOHLGFAA38CC,45,9.65,共有部分,鋼筋混凝土造,70年1月30日,五層,,
RPRNMLKLOHLGFEA97CC,10,32.75,本共有部分之項目有行動不便電梯、緊急昇降機、輪椅迴轉空間、梯廳兼排煙室、室內安全梯Ａ、特別安全梯Ａ、特別安全梯Ｂ、梯廳、緊急昇降梯兼行動不便電梯、室內安全梯Ｂ、特別安全梯Ｃ、特別安全梯Ｄ、管委會使用空間、中繼機房、陽台、雨遮、樓梯間、排煙室、消防水箱、機房、電梯機房、Ａ棟水箱、Ｂ棟水箱、電梯間、防災中心、廁所、排煙管道、停車場進氣管道、進氣機、台電配電室、配電室、緊急發電機室、機房１、機房２、防空避難室兼停車空間、機房３、機房４、進風管道、車道、停車場排氣管道、機房１（供電信使用）、垃圾貯存空間、Ａ棟蓄水池、Ｂ棟蓄水池、消防蓄水池及消防泵浦室等４６項。,鋼骨鋼筋混凝土造,105年10月3日,二十一層,,
RPRNMLKLOHLGFBA67CC,10,42.27,本共有部分之項目有機電設備空間、消防中繼水箱、消防機電設備空間、消防中繼幫浦室、自來水箱、樓梯間、進風、排煙、一般安全梯Ｄ、安全梯Ｂ２、安全梯Ｂ３、緊急升降機、緊急升降機兼供行動不便者使用電梯、一般昇降機、排煙室Ｂ１、電力管道室、走道、無機房昇降機、防災中心、信箱間、特別安全梯Ａ、特別安全梯Ｂ、特別安全梯Ｃ、一般安全梯Ａ１、一般安全梯Ｂ１、排煙室Ａ１、排煙室Ａ２、排煙室Ｂ２、排煙室Ｃ、梯廳（排煙室Ｂ１）、梯廳、消防撒水、排水、排氣、進氣口、排氣口管道、發電機排氣口、進氣管道、電氣排水消防、陽台、（６ＭＸ１２Ｍ）緩衝空間、電力、管理委員會使用空間、走廊、水錶室、電管道室、台電配電室、受電箱、排氣管道、弱電、消防管道、機電設備空間（消防中繼幫浦室）、防空避難室兼停車空間、發電機室兼大公變電室、垃圾處理室、垃圾裝卸空間、電梯間、停車空間、機電設備空間（供電信使用）、小公變電室、自來水池、消防幫浦室、法定裝卸車位、騎樓、自設騎樓及法定騎樓等６６項,鋼骨造,105年3月31日,二十六層,,
RPRNMLKLOHLGFEA97CC,10,31.24,本共有部分之項目有梯廳、行動不便電梯、梯廳兼排煙室、緊急昇降機、輪椅迴轉空間、特別安全梯Ａ、特別安全梯Ｂ及陽台等８項。,鋼骨鋼筋混凝土造,105年10月3日,二十一層,,
RPPNMLMLOHLGFBA67CC,30,46.79,商業用,鋼筋混凝土造,84年12月1日,十六層,,
RPQNMLMLOHLGFBA77CC,47,30.13,住家用,鋼筋混凝土造,68年4月20日,十一層,,
RPPNMLMLOHLGFBA67CC,30,20.41,共有部分,鋼筋混凝土造,84年12月1日,十六層,,
RPQNMLMLOHLGFBA77CC,47,7.76,共有部分,鋼筋混凝土造,68年4月20日,十一層,,
RPROMLMLOHLGFBA97CC,18,94.55,住家用,鋼筋混凝土造,97年2月5日,十五層,,
RPPNMLMLOHLGFAA57CC,57,76.70,住家用,鋼筋混凝土造,58年5月21日,四層,,
RPROMLMLOHLGFBA97CC,18,31.99,共有部分,鋼筋混凝土造,97年2月5日,十五層,,
RPXNMLMLOHLGFBA48CC,9,66.43,一般零售業乙組,鋼筋混凝土造,106年10月18日,十五層,,
RPXNMLMLOHLGFBA48CC,9,20.62,本共有部分之項目有排煙室（梯廳）、緊急昇降機、供行動不便者使用之電梯、進風、消防、電氣、電氣機房、Ａ２梯、排風管道、弱電、Ａ１梯、梯間、機械室、雨遮、水箱、消防水箱、排煙排風機房、台電配電場所、行動不便樓梯（安全梯）、Ａ３梯、排煙室、管委會空間、陽台、電錶室、電信機房、發電機室、排水、排煙、廁所、車道、門廊、梯廳、自設騎樓、法定騎樓、機車停車間、機車停車位、防空避難室兼停車空間、裝卸車位、行動不便車位、組合式水箱、消防泵浦室及進風管道等４２項,鋼筋混凝土造,106年10月18日,十五層,,
RPUNMLMLOHLGFBA18CC,44,64.50,商業用,鋼筋混凝土造,71年9月8日,十一層,,
RPUNMLMLOHLGFBA18CC,44,17.32,共有部分,鋼筋混凝土造,71年9月8日,十一層,,
RPUNMLMLOHLGFBA18CC,44,36.63,共有部分,鋼筋混凝土造,71年9月8日,十一層,,
RPSOMLMLOHLGFAA97CC,44,98.28,住家用,鋼筋混凝土造,71年4月8日,五層,,
RPTOMLMLOHLGFBA18CC,8,55.58,第二組多戶住宅（二）集合住宅,鋼筋混凝土造,107年7月23日,十四層,,
RPVOMLMLOHLGFBA38CC,3,53.13,住家用,鋼骨造,112年3月9日,十四層,,
RPVOMLMLOHLGFBA38CC,3,.69,本共有部分之項目有騎樓等１項,鋼骨造,112年3月9日,十四層,,
RPVOMLMLOHLGFBA38CC,3,5.01,本共有部分之項目有梯間、排煙室及梯廳等共３項,鋼骨造,112年3月9日,十四層,,
RPVOMLMLOHLGFBA38CC,3,22.14,本共有部分之項目有戶外安全梯Ａ、１５人份供行動不便者之電梯、１５人份緊急昇降機、梯間、無障礙戶外安全梯Ｂ、管委會空間、梯廳、騎樓、管委會使用空間、宅配室、消防水箱、機房、雨遮、陽臺、機房（電梯用）、水箱Ａ、水箱Ｂ、機房（電信用）、垃圾儲藏室、地下室排風管道、安全梯Ｃ、無障礙安全梯Ｃ、台電配電場所、受電箱、發電機進風管道、發電機排風管道、停車空間、緊急發電機室、汽車昇降機機房、消防泵浦室、裝卸位、裝卸位兼垃圾車位及電梯機坑、法定車位等共３４項,鋼骨造,112年3月9日,十四層,,
RPTOMLMLOHLGFBA18CC,8,63.58,本共有部分之項目有：騎樓、管委會使用空間、梯廳、機車昇降機、中央管理室、行動不便者專用停車空間、梯廳排煙室、緊急昇降機行動不便者專用電梯、Ｂ梯一般安全梯（無障礙專用）、Ａ梯一般安全梯、進風、進風管道、排風、排風管道、排煙室、陽台、雨遮、消防水箱、水箱、走廊、機電設備空間（電梯機房）、台電配電室、防空避難設備兼停車空間、機車道、排煙室梯廳、機電設備空間、資源回收室、自然排風管道、電信室、發電機室、一般安全梯Ｃ梯（無障礙專用）、Ｄ梯一般安全梯、一般安全梯、全自動停車設備、消防泵浦室等共３５項,鋼筋混凝土造,107年7月23日,十四層,,
RPSNMLMLOHLGFCA08CC,37,30.22,住家用,鋼筋混凝土造,78年9月20日,五層,,
RPUPMLMLOHLGFDA58CC,55,81.80,住家用,鋼筋混凝土造,59年12月4日,四層,,
RPSOMLMLOHLGFCA18CC,10,51.09,住家用,鋼骨造,105年6月2日,十二層,,
RPSOMLMLOHLGFCA18CC,10,27.36,本共有項目有：機車停車空間、空調管道、陽台、安全梯、Ｄ樓梯、Ｂ樓梯、１６人份一般昇降機、梯廳、１７人份緊急昇降機兼供行動不便者使用之電梯、排煙室、排煙管道、進風管道、Ａ樓梯、Ｃ樓梯、管委會使用空間、機房、門廳、通道、管理員室、樓梯間、一般昇降機、清水池、消防給水電氣管道、排煙、進風、消防水箱、水箱、電梯機房、停車場進風管道、電氣消防管道、排水管道、排風管道、發電機房、停車場排風管道、台電配電場所、受電箱室、給水管道、電信機房、消防幫浦室、消防水池、無障礙通路等４１項。,鋼骨造,105年6月2日,十二層,,
RPSOMLMLOHLGFEA38CC,40,160.95,商業用,鋼筋混凝土造,75年10月17日,十二層,,
RPSOMLMLOHLGFEA38CC,40,13.57,共有部分,鋼筋混凝土造,75年10月17日,十二層,,
RPSOMLMLOHLGFEA38CC,40,18.08,共有部分,鋼筋混凝土造,75年10月17日,十二層,,
RPTOMLMLOHLGFEA48CC,51,29.10,住家用,鋼筋混凝土造,64年4月21日,四層,,
RPXOMLMLOHLGFDA78CC,20,37.06,一般事務所,鋼筋混凝土造,95年8月2日,十三層,,
RPXOMLMLOHLGFDA78CC,20,4.79,共有部分,鋼筋混凝土造,95年8月2日,十三層,,
RPXOMLMLOHLGFDA78CC,20,1.92,共有部分,鋼筋混凝土造,95年8月2日,十三層,,
RPXOMLMLOHLGFDA78CC,20,9.33,共有部分,鋼筋混凝土造,95年8月2日,十三層,,
RPQNMLNLOHLGFAA77CC,48,122.44,住家用,鋼筋混凝土造,67年2月27日,十一層,,
RPQNMLNLOHLGFAA77CC,48,26.64,共有部分,鋼筋混凝土造,67年2月27日,十一層,,
RPWPMLMLOHLGFEA88CC,55,67.08,住家用,加強磚造,60年11月15日,三層,,
RPTNMLNLOHLGFCA28CC,46,34.27,住家用,鋼筋混凝土造,69年3月14日,七層,,
RPTNMLNLOHLGFCA28CC,46,10.76,共有部分,鋼筋混凝土造,69年3月14日,七層,,
RPQPMLNLOHLGFCA18CC,48,84.44,住家用,鋼筋混凝土造,66年12月1日,四層,,
RPRNMLNLOHLGFDA18CC,23,34.72,住家用,鋼筋混凝土造,92年4月30日,六層,,
RPVPMLMLOHLGFEA78CC,49,28.70,住家用,鋼筋混凝土造,66年10月17日,七層,,
RPVPMLMLOHLGFEA78CC,49,6.11,共有部分,鋼筋混凝土造,66年10月17日,七層,,
RPUPMLNLOHLGFCA58CC,42,101.97,住家用,鋼筋混凝土造,73年7月16日,五層,,
RPUPMLNLOHLGFCA58CC,42,8.25,共有部分,鋼筋混凝土造,73年7月16日,五層,,
RPRNMLNLOHLGFDA18CC,23,8.55,共有部分,鋼筋混凝土造,92年4月30日,六層,,
RPRNMLNLOHLGFDA18CC,23,9.47,共有部分,鋼筋混凝土造,92年4月30日,六層,,
RPVNMLNLOHLGFBA38CC,51,31.61,住家用,鋼筋混凝土造,64年5月23日,五層,,
RPRNMLNLOHLGFDA18CC,23,52.42,共有部分,鋼筋混凝土造,92年4月30日,六層,,
RPRNMLOLOHLGFCA18CC,43,29.94,住家用,鋼筋混凝土造,72年1月11日,七層,,
RPRNMLOLOHLGFCA18CC,43,1.69,共有部分,鋼筋混凝土造,72年1月11日,七層,,
RPRNMLOLOHLGFCA18CC,43,4.10,共有部分,鋼筋混凝土造,72年1月11日,七層,,
RPRNMLOLOHLGFCA18CC,43,6.44,共有部分,鋼筋混凝土造,72年1月11日,七層,,
RPQNMLOLOHLGFEA28CC,57,24.00,住家用,加強磚造,58年6月16日,四層,,
RPRNMLNLOHLGFEA28CC,50,98.13,住家用,鋼筋混凝土造,65年9月11日,四層,,
RPPOMLOLOHLGFDA18CC,55,79.45,住家用,鋼筋混凝土造,59年12月4日,四層,,
RPSOMLNLOHLGFEA48CC,47,68.40,見使用執照,鋼筋混凝土造,68年6月11日,五層,,
RPXNMLPLOHLGFAA68CC,44,75.03,住家用,鋼筋混凝土造,70年12月23日,五層,,
RPXNMLPLOHLGFAA68CC,44,6.69,共有部分,鋼筋混凝土造,70年12月23日,五層,,
RPUNMLQLOHLGFBA58CC,30,13.71,商業用,鋼筋混凝土造,85年8月24日,九層,,
RPUNMLQLOHLGFBA58CC,30,5.99,共有部分,鋼筋混凝土造,85年8月24日,九層,,
RPUNMLQLOHLGFBA58CC,30,3.68,共有部分,鋼筋混凝土造,85年8月24日,九層,,
RPTOMLQLOHLGFDA78CC,52,90.45,住家用,鋼筋混凝土造,63年5月2日,四層,,
RPVQMLSKOHLGFDA66CC,57,73.40,住家用,加強磚造,58年4月17日,四層,,
RPRNMLNLOHLGFCA08CC,54,532.71,一層、二層：一般旅館業，（Ｂ４）旅館之客房部；三、四層：一般事務所－辦公室（Ｇ２）,鋼筋混凝土造,61年8月5日,四層,,
RPRNMLOLOHLGFBA08CC,46,117.18,住家用,鋼筋混凝土造,69年4月2日,五層,,
RPVNMLNLOHLGFCA48CC,45,88.00,住家用,鋼筋混凝土造,70年7月3日,十二層,,
RPVNMLNLOHLGFCA48CC,45,6.06,共有部分,鋼筋混凝土造,70年7月3日,十二層,,
RPVOMLQLOHLGFCA88CC,29,31.46,商業用,鋼筋混凝土造,86年8月12日,九層,,
RPVOMLQLOHLGFCA88CC,29,8.71,共有部分,鋼筋混凝土造,86年8月12日,九層,,
RPWNMLPLOHLGFDA88CC,41,109.14,住家用,鋼筋混凝土造,74年4月4日,五層,,
RPWNMLPLOHLGFDA88CC,41,12.87,共有部分,鋼筋混凝土造,74年4月4日,五層,,
RPPNMLQLOHLGFBA28EC,,173.32,商業用,磚造,,二層,,
RPPNMLTJOHLGFFA68DC,39,91.77,見使用執照,鋼筋混凝土造,76年3月3日,十二層,,
RPPNMLTJOHLGFFA68DC,39,28.41,共有部分,鋼筋混凝土造,76年3月3日,十二層,,
RPPOMLMLOHLGFFA18CC,48,39.56,住家用,鋼筋混凝土造,66年12月12日,十四層,,
RPPOMLMLOHLGFFA18CC,48,7.60,共有部分,鋼筋混凝土造,66年12月12日,十四層,,
RPTNMLNLOHLGFFA58CC,,56.56,,加強磚造,,四層,,
