鄉鎮市區,交易標的,土地位置建物門牌,土地移轉總面積平方公尺,都市土地使用分區,非都市土地使用分區,非都市土地使用編定,交易年月日,交易筆棟數,移轉層次,總樓層數,建物型態,主要用途,主要建材,建築完成年月,建物移轉總面積平方公尺,建物現況格局-房,建物現況格局-廳,建物現況格局-衛,建物現況格局-隔間,有無管理組織,總價元,單價元平方公尺,車位類別,車位移轉總面積平方公尺,車位總價元,備註,編號,主建物面積,附屬建物面積,陽台面積,電梯,移轉編號
The villages and towns urban district,transaction sign,land sector position building sector house number plate,land shifting total area square meter,the use zoning or compiles and checks,the non-metropolis land use district,non-metropolis land use,transaction year month and day,transaction pen number,shifting level,total floor number,building state,main use,main building materials,construction to complete the years,building shifting total area,Building present situation pattern - room,building present situation pattern - hall,building present situation pattern - health,building present situation pattern - compartmented,Whether there is manages the organization,total price NTD,the unit price (NTD / square meter),the berth category,berth shifting total area square meter,the berth total price NTD,the note,serial number,main building area,auxiliary building area,balcony area,elevator,transaction number
造橋鄉,房地(土地+建物),苗栗縣造橋鄉談文村５鄰育英二街７號二樓之十,20.11,,山坡地保育區,丙種建築用地,1150607,土地1建物1車位0,二層,三層,公寓(5樓含以下無電梯),住家用,鋼筋混凝土造,0920331,28.580000000000002,1,0,1,有,有,1200000,41987,,0.0,0,,RPPNMLSJOHLGFDK56DA,18.9,0.0,2.54,無,001
竹南鎮,土地,天聲段415地號,13.22,,,,1150604,土地1建物0車位0,,,其他,,,,0.0,0,0,0,無,無,500000,37821,,0.0,0,包含公共設施保留地用地；,RPTNMLKKOHLGFDK88DA,0.0,0.0,0.0,無,002
頭份市,房地(土地+建物),苗栗縣頭份市田寮里２４鄰華夏路８２巷１１弄１４號,23.59,住,,,1150604,土地1建物1車位0,一層,六層,華廈(10層含以下有電梯),住家用,鋼筋混凝土造,0820628,106.14,3,2,1,有,有,6280000,59167,,0.0,0,,RPPNMLKKOHLGFFK68DA,78.49,10.45,0.0,有,003
頭份市,房地(土地+建物),苗栗縣頭份市花園東路１００巷９８號二樓,41.82,,山坡地保育區,丙種建築用地,1150601,土地1建物1車位0,二層,七層,華廈(10層含以下有電梯),住家用,鋼筋混凝土造,1131122,89.91,2,2,1,有,有,6000000,66733,,0.0,0,,RPSNMLPKOHLGFFK86DA,56.75,0.0,4.09,有,
卓蘭鎮,土地,景山段401地號,334.28,,山坡地保育區,丙種建築用地,1150603,土地2建物0車位0,,,其他,,,,0.0,0,0,0,無,無,3030000,9064,,0.0,0,,RPSNMLNJOHLGFAK68DA,0.0,0.0,0.0,無,
頭屋鄉,土地,外獅潭段989-11地號,363.0,,山坡地保育區,丙種建築用地,1150606,土地1建物0車位0,,,其他,,,,0.0,0,0,0,無,無,400000,1102,,0.0,0,,RPSNMLPKOHLGFBK09DA,0.0,0.0,0.0,無,
頭屋鄉,土地,茄苳段1168-1地號,44.42,都市：其他:道路用地,,,1150603,土地1建物0車位0,,,其他,,,,0.0,0,0,0,無,無,1354665,30497,,0.0,0,協議價購；,RPTNMLPKOHLGFBK56DA,0.0,0.0,0.0,無,004
頭屋鄉,土地,茄苳段1169-2地號,14.57,都市：其他:道路用地,,,1150603,土地1建物0車位0,,,其他,,,,0.0,0,0,0,無,無,444356,30498,,0.0,0,協議價購；,SPTNMLPKOHLGFBK66DA,0.0,0.0,0.0,無,005
頭屋鄉,土地,茄苳段1184-1地號,5.0,都市：其他:道路用地,,,1150603,土地1建物0車位0,,,其他,,,,0.0,0,0,0,無,無,152558,30512,,0.0,0,協議價購；,TPTNMLPKOHLGFBK76DA,0.0,0.0,0.0,無,006
頭屋鄉,土地,茄苳段1185-1地號,16.21,都市：其他:道路用地,,,1150603,土地1建物0車位0,,,其他,,,,0.0,0,0,0,無,無,359646,22187,,0.0,0,協議價購；,UPTNMLPKOHLGFBK86DA,0.0,0.0,0.0,無,007
苑裡鎮,房地(土地+建物),苗栗縣苑裡鎮苑北里５鄰天下路２１７之１２號,122.83,住,,,1150601,土地1建物1車位0,全,三層,透天厝,住商用,鋼筋混凝土造,1071023,243.48,5,2,5,有,無,22640000,92985,,0.0,0,,RPSNMLOLOHLGFCK56DA,227.46,0.0,16.02,無,
竹南鎮,房地(土地+建物),苗栗縣竹南鎮大埔里２鄰大埔三街１９５巷８號,84.9,住,,,1150601,土地2建物1車位0,全,四層,透天厝,住家用,鋼筋混凝土造,1121208,183.84,5,2,3,有,無,15100000,82137,,0.0,0,,RPSNMLSJOHLGFDK86DA,160.47,0.0,23.37,無,008
竹南鎮,房地(土地+建物),苗栗縣竹南鎮佳興里１５鄰明禮街９４巷５號,84.28,住,,,1150602,土地2建物1車位0,全,二層,透天厝,住家用,加強磚造,0681127,78.48,5,2,2,有,無,6700000,85372,,0.0,0,頂樓加蓋；,RPOOMLSJOHLGFDK56DA,78.48,0.0,0.0,無,
竹南鎮,土地,公園段46地號,6.02,商,,,1150611,土地1建物0車位0,,,其他,,,,0.0,0,0,0,無,無,900000,149502,,0.0,0,共有人交易,RPPNMLNKOHLGFDK78DA,0.0,0.0,0.0,無,009
竹南鎮,土地,公園段46地號,5.01,商,,,1150610,土地1建物0車位0,,,其他,,,,0.0,0,0,0,無,無,700000,139721,,0.0,0,共有人買賣,RPSNMLSKOHLGFDK96DA,0.0,0.0,0.0,無,009
竹南鎮,土地,公園段46地號,5.01,商,,,1150610,土地1建物0車位0,,,其他,,,,0.0,0,0,0,無,無,700000,139721,,0.0,0,共有人買賣,RPTNMLSKOHLGFDK07DA,0.0,0.0,0.0,無,009
頭份市,土地,觀音段287-2地號,191.21,,一般農業區,甲種建築用地,1150612,土地3建物0車位0,,,其他,,,,0.0,0,0,0,無,無,1141161,5968,,0.0,0,親友、員工、共有人或其他特殊關係間之交易；,RPSNMLNLOHLGFFK76DA,0.0,0.0,0.0,無,
頭屋鄉,土地,茄苳段1168-1地號,44.42,都市：其他:道路用地,,,1150603,土地1建物0車位0,,,其他,,,,0.0,0,0,0,無,無,1354665,30497,,0.0,0,協議價購；,RPUNMLPKOHLGFBK66DA,0.0,0.0,0.0,無,004
頭屋鄉,土地,茄苳段1169-2地號,14.57,都市：其他:道路用地,,,1150603,土地1建物0車位0,,,其他,,,,0.0,0,0,0,無,無,444356,30498,,0.0,0,協議價購；,SPUNMLPKOHLGFBK76DA,0.0,0.0,0.0,無,005
頭屋鄉,土地,茄苳段1184-1地號,5.0,都市：其他:道路用地,,,1150603,土地1建物0車位0,,,其他,,,,0.0,0,0,0,無,無,152558,30512,,0.0,0,協議價購；,TPUNMLPKOHLGFBK86DA,0.0,0.0,0.0,無,006
頭屋鄉,土地,茄苳段1185-1地號,16.21,都市：其他:道路用地,,,1150603,土地1建物0車位0,,,其他,,,,0.0,0,0,0,無,無,359646,22187,,0.0,0,協議價購；,UPUNMLPKOHLGFBK96DA,0.0,0.0,0.0,無,007
頭屋鄉,土地,茄苳段702地號,22.13,都市：其他:道路用地,,,1150603,土地1建物0車位0,,,其他,,,,0.0,0,0,0,無,無,117289,5300,,0.0,0,協議價購；,RPXNMLPKOHLGFBK96DA,0.0,0.0,0.0,無,016
頭屋鄉,土地,茄苳段1185-1地號,16.21,都市：其他:道路用地,,,1150603,土地1建物0車位0,,,其他,,,,0.0,0,0,0,無,無,359646,22187,,0.0,0,協議價購；,SPXNMLPKOHLGFBK07DA,0.0,0.0,0.0,無,007
頭屋鄉,土地,茄苳段704地號,1.45,都市：其他:道路用地,,,1150603,土地1建物0車位0,,,其他,,,,0.0,0,0,0,無,無,44356,30590,,0.0,0,協議價購；,TPXNMLPKOHLGFBK17DA,0.0,0.0,0.0,無,018
頭屋鄉,土地,茄苳段705-2地號,1.61,都市：其他:道路用地,,,1150603,土地1建物0車位0,,,其他,,,,0.0,0,0,0,無,無,49149,30527,,0.0,0,協議價購；,UPXNMLPKOHLGFBK27DA,0.0,0.0,0.0,無,019
頭屋鄉,土地,茄苳段707-3地號,1.72,都市：其他:道路用地,,,1150603,土地1建物0車位0,,,其他,,,,0.0,0,0,0,無,無,52329,30424,,0.0,0,協議價購；,VPXNMLPKOHLGFBK37DA,0.0,0.0,0.0,無,020
頭屋鄉,土地,茄苳段782-2地號,0.44,都市：其他:道路用地,,,1150603,土地1建物0車位0,,,其他,,,,0.0,0,0,0,無,無,13289,0,,0.0,0,協議價購；,WPXNMLPKOHLGFBK47DA,0.0,0.0,0.0,無,021
頭屋鄉,土地,茄苳段1166-1地號,56.78,都市：其他:道路用地,,,1150603,土地1建物0車位0,,,其他,,,,0.0,0,0,0,無,無,1731001,30486,,0.0,0,協議價購；,XPXNMLPKOHLGFBK57DA,0.0,0.0,0.0,無,022
頭屋鄉,土地,茄苳段1168-1地號,44.42,都市：其他:道路用地,,,1150603,土地1建物0車位0,,,其他,,,,0.0,0,0,0,無,無,1354665,30497,,0.0,0,協議價購；,YPXNMLPKOHLGFBK67DA,0.0,0.0,0.0,無,004
頭屋鄉,土地,茄苳段1169-2地號,14.57,都市：其他:道路用地,,,1150603,土地1建物0車位0,,,其他,,,,0.0,0,0,0,無,無,444356,30498,,0.0,0,協議價購；,ZPXNMLPKOHLGFBK77DA,0.0,0.0,0.0,無,005
頭屋鄉,土地,茄苳段1184-1地號,5.0,都市：其他:道路用地,,,1150603,土地1建物0車位0,,,其他,,,,0.0,0,0,0,無,無,152558,30512,,0.0,0,協議價購；,QQXNMLPKOHLGFBK96DA,0.0,0.0,0.0,無,006
頭屋鄉,土地,茄苳段705-2地號,1.61,都市：其他:道路用地,,,1150603,土地1建物0車位0,,,其他,,,,0.0,0,0,0,無,無,49149,30527,,0.0,0,協議價購；,RPOOMLPKOHLGFBK78DA,0.0,0.0,0.0,無,019
頭屋鄉,土地,茄苳段707-3地號,1.72,都市：其他:道路用地,,,1150603,土地1建物0車位0,,,其他,,,,0.0,0,0,0,無,無,52329,30424,,0.0,0,協議價購；,SPOOMLPKOHLGFBK88DA,0.0,0.0,0.0,無,020
頭屋鄉,土地,茄苳段1166-1地號,85.17,都市：其他:道路用地,,,1150603,土地1建物0車位0,,,其他,,,,0.0,0,0,0,無,無,2596502,30486,,0.0,0,協議價購；,TPOOMLPKOHLGFBK98DA,0.0,0.0,0.0,無,022
頭屋鄉,土地,茄苳段1167地號,30.93,都市：其他:道路用地,,,1150603,土地1建物0車位0,,,其他,,,,0.0,0,0,0,無,無,943289,30498,,0.0,0,協議價購；,UPOOMLPKOHLGFBK09DA,0.0,0.0,0.0,無,029
頭屋鄉,土地,茄苳段690-1地號,21.47,都市：其他:道路用地,,,1150603,土地1建物0車位0,,,其他,,,,0.0,0,0,0,無,無,654835,30500,,0.0,0,協議價購；,RPPOMLPKOHLGFBK88DA,0.0,0.0,0.0,無,
頭屋鄉,土地,茄苳段1184-1地號,15.01,都市：其他:道路用地,,,1150603,土地1建物0車位0,,,其他,,,,0.0,0,0,0,無,無,457674,30491,,0.0,0,協議價購；,SPPOMLPKOHLGFBK98DA,0.0,0.0,0.0,無,006
頭屋鄉,土地,茄苳段1185-1地號,48.63,都市：其他:道路用地,,,1150603,土地1建物0車位0,,,其他,,,,0.0,0,0,0,無,無,1078939,22187,,0.0,0,協議價購；,TPPOMLPKOHLGFBK09DA,0.0,0.0,0.0,無,007
頭屋鄉,土地,茄苳段702地號,22.13,都市：其他:道路用地,,,1150603,土地1建物0車位0,,,其他,,,,0.0,0,0,0,無,無,117289,5300,,0.0,0,協議價購；,UPPOMLPKOHLGFBK56DA,0.0,0.0,0.0,無,016
頭屋鄉,土地,茄苳段704地號,1.45,都市：其他:道路用地,,,1150603,土地1建物0車位0,,,其他,,,,0.0,0,0,0,無,無,44356,30590,,0.0,0,協議價購；,VPPOMLPKOHLGFBK66DA,0.0,0.0,0.0,無,018
頭屋鄉,土地,茄苳段705-2地號,1.61,都市：其他:道路用地,,,1150603,土地1建物0車位0,,,其他,,,,0.0,0,0,0,無,無,49149,30527,,0.0,0,協議價購；,WPPOMLPKOHLGFBK76DA,0.0,0.0,0.0,無,019
頭屋鄉,土地,茄苳段707-3地號,1.72,都市：其他:道路用地,,,1150603,土地1建物0車位0,,,其他,,,,0.0,0,0,0,無,無,52329,30424,,0.0,0,協議價購；,XPPOMLPKOHLGFBK86DA,0.0,0.0,0.0,無,020
頭屋鄉,土地,茄苳段782-2地號,0.44,都市：其他:道路用地,,,1150603,土地1建物0車位0,,,其他,,,,0.0,0,0,0,無,無,13289,0,,0.0,0,協議價購；,YPPOMLPKOHLGFBK96DA,0.0,0.0,0.0,無,021
頭屋鄉,土地,茄苳段1167地號,61.85,都市：其他:道路用地,,,1150603,土地1建物0車位0,,,其他,,,,0.0,0,0,0,無,無,1886578,30502,,0.0,0,協議價購；,ZPPOMLPKOHLGFBK07DA,0.0,0.0,0.0,無,029
頭屋鄉,土地,茄苳段1168-1地號,133.25,都市：其他:道路用地,,,1150603,土地1建物0車位0,,,其他,,,,0.0,0,0,0,無,無,4063994,30499,,0.0,0,協議價購；,QQPOMLPKOHLGFBK88DA,0.0,0.0,0.0,無,004
頭屋鄉,土地,茄苳段1169-2地號,43.71,都市：其他:道路用地,,,1150603,土地1建物0車位0,,,其他,,,,0.0,0,0,0,無,無,1333068,30498,,0.0,0,協議價購；,RQPOMLPKOHLGFBK98DA,0.0,0.0,0.0,無,005
頭屋鄉,土地,茄苳段1166-1地號,85.17,都市：其他:道路用地,,,1150603,土地1建物0車位0,,,其他,,,,0.0,0,0,0,無,無,2596502,30486,,0.0,0,協議價購；,RPQOMLPKOHLGFBK98DA,0.0,0.0,0.0,無,022
頭屋鄉,土地,茄苳段1167地號,30.93,都市：其他:道路用地,,,1150603,土地1建物0車位0,,,其他,,,,0.0,0,0,0,無,無,943289,30498,,0.0,0,協議價購；,SPQOMLPKOHLGFBK09DA,0.0,0.0,0.0,無,029
頭屋鄉,土地,茄苳段702地號,22.13,都市：其他:道路用地,,,1150603,土地1建物0車位0,,,其他,,,,0.0,0,0,0,無,無,117289,5300,,0.0,0,協議價購；,RPROMLPKOHLGFBK09DA,0.0,0.0,0.0,無,016
頭屋鄉,土地,茄苳段704地號,1.45,都市：其他:道路用地,,,1150603,土地1建物0車位0,,,其他,,,,0.0,0,0,0,無,無,44356,30590,,0.0,0,協議價購；,SPROMLPKOHLGFBK56DA,0.0,0.0,0.0,無,018
頭屋鄉,土地,茄苳段705-2地號,1.61,都市：其他:道路用地,,,1150603,土地1建物0車位0,,,其他,,,,0.0,0,0,0,無,無,49149,30527,,0.0,0,協議價購；,TPROMLPKOHLGFBK66DA,0.0,0.0,0.0,無,019
頭屋鄉,土地,茄苳段707-3地號,1.72,都市：其他:道路用地,,,1150603,土地1建物0車位0,,,其他,,,,0.0,0,0,0,無,無,52329,30424,,0.0,0,協議價購；,UPROMLPKOHLGFBK76DA,0.0,0.0,0.0,無,020
頭屋鄉,土地,茄苳段782-2地號,0.44,都市：其他:道路用地,,,1150603,土地1建物0車位0,,,其他,,,,0.0,0,0,0,無,無,13289,0,,0.0,0,協議價購；,VPROMLPKOHLGFBK86DA,0.0,0.0,0.0,無,021
頭屋鄉,土地,茄苳段1168-1地號,133.25,都市：其他:道路用地,,,1150603,土地1建物0車位0,,,其他,,,,0.0,0,0,0,無,無,4063994,30499,,0.0,0,協議價購；,WPROMLPKOHLGFBK96DA,0.0,0.0,0.0,無,004
頭屋鄉,土地,茄苳段1169-2地號,43.71,都市：其他:道路用地,,,1150603,土地1建物0車位0,,,其他,,,,0.0,0,0,0,無,無,1333068,30498,,0.0,0,協議價購；,XPROMLPKOHLGFBK07DA,0.0,0.0,0.0,無,005
頭屋鄉,土地,茄苳段1184-1地號,15.01,都市：其他:道路用地,,,1150603,土地1建物0車位0,,,其他,,,,0.0,0,0,0,無,無,457674,30491,,0.0,0,協議價購；,YPROMLPKOHLGFBK17DA,0.0,0.0,0.0,無,006
頭屋鄉,土地,茄苳段1185-1地號,48.63,都市：其他:道路用地,,,1150603,土地1建物0車位0,,,其他,,,,0.0,0,0,0,無,無,1078939,22187,,0.0,0,協議價購；,ZPROMLPKOHLGFBK27DA,0.0,0.0,0.0,無,007
頭屋鄉,土地,茄苳段702地號,22.13,都市：其他:道路用地,,,1150603,土地1建物0車位0,,,其他,,,,0.0,0,0,0,無,無,117289,5300,,0.0,0,協議價購；,RPSOMLPKOHLGFBK56DA,0.0,0.0,0.0,無,016
頭屋鄉,土地,茄苳段704地號,1.45,都市：其他:道路用地,,,1150603,土地1建物0車位0,,,其他,,,,0.0,0,0,0,無,無,44356,30590,,0.0,0,協議價購；,SPSOMLPKOHLGFBK66DA,0.0,0.0,0.0,無,018
頭屋鄉,土地,茄苳段705-2地號,1.61,都市：其他:道路用地,,,1150603,土地1建物0車位0,,,其他,,,,0.0,0,0,0,無,無,49149,30527,,0.0,0,協議價購；,TPSOMLPKOHLGFBK76DA,0.0,0.0,0.0,無,019
頭屋鄉,土地,茄苳段707-3地號,1.72,都市：其他:道路用地,,,1150603,土地1建物0車位0,,,其他,,,,0.0,0,0,0,無,無,52329,30424,,0.0,0,協議價購；,UPSOMLPKOHLGFBK86DA,0.0,0.0,0.0,無,020
頭屋鄉,土地,茄苳段782-2地號,0.44,都市：其他:道路用地,,,1150603,土地1建物0車位0,,,其他,,,,0.0,0,0,0,無,無,13289,0,,0.0,0,協議價購；,VPSOMLPKOHLGFBK96DA,0.0,0.0,0.0,無,021
頭屋鄉,土地,茄苳段1168-1地號,133.25,都市：其他:道路用地,,,1150603,土地1建物0車位0,,,其他,,,,0.0,0,0,0,無,無,4063994,30499,,0.0,0,協議價購；,WPSOMLPKOHLGFBK07DA,0.0,0.0,0.0,無,004
頭屋鄉,土地,茄苳段1169-2地號,43.71,都市：其他:道路用地,,,1150603,土地1建物0車位0,,,其他,,,,0.0,0,0,0,無,無,1333068,30498,,0.0,0,協議價購；,XPSOMLPKOHLGFBK17DA,0.0,0.0,0.0,無,005
頭屋鄉,土地,茄苳段1184-1地號,15.01,都市：其他:道路用地,,,1150603,土地1建物0車位0,,,其他,,,,0.0,0,0,0,無,無,457674,30491,,0.0,0,協議價購；,YPSOMLPKOHLGFBK27DA,0.0,0.0,0.0,無,006
頭屋鄉,土地,茄苳段1185-1地號,48.63,都市：其他:道路用地,,,1150603,土地1建物0車位0,,,其他,,,,0.0,0,0,0,無,無,1078939,22187,,0.0,0,協議價購；,ZPSOMLPKOHLGFBK37DA,0.0,0.0,0.0,無,007
頭屋鄉,土地,茄苳段702地號,11.06,都市：其他:道路用地,,,1150603,土地1建物0車位0,,,其他,,,,0.0,0,0,0,無,無,58645,5302,,0.0,0,協議價購；,RPTOMLPKOHLGFBK66DA,0.0,0.0,0.0,無,016
頭屋鄉,土地,茄苳段704地號,0.73,都市：其他:道路用地,,,1150603,土地1建物0車位0,,,其他,,,,0.0,0,0,0,無,無,22178,0,,0.0,0,協議價購；,SPTOMLPKOHLGFBK76DA,0.0,0.0,0.0,無,018
頭屋鄉,土地,茄苳段705-2地號,0.81,都市：其他:道路用地,,,1150603,土地1建物0車位0,,,其他,,,,0.0,0,0,0,無,無,24574,0,,0.0,0,協議價購；,TPTOMLPKOHLGFBK86DA,0.0,0.0,0.0,無,019
頭屋鄉,土地,茄苳段707-3地號,0.86,都市：其他:道路用地,,,1150603,土地1建物0車位0,,,其他,,,,0.0,0,0,0,無,無,26165,0,,0.0,0,協議價購；,UPTOMLPKOHLGFBK96DA,0.0,0.0,0.0,無,020
頭屋鄉,土地,茄苳段782-2地號,0.22,都市：其他:道路用地,,,1150603,土地1建物0車位0,,,其他,,,,0.0,0,0,0,無,無,6645,0,,0.0,0,協議價購；,VPTOMLPKOHLGFBK07DA,0.0,0.0,0.0,無,021
頭屋鄉,土地,茄苳段1171-1地號,9.41,都市：其他:道路用地,,,1150603,土地1建物0車位0,,,其他,,,,0.0,0,0,0,無,無,287005,30500,,0.0,0,協議價購；,WPTOMLPKOHLGFBK17DA,0.0,0.0,0.0,無,
頭屋鄉,土地,茄苳段1172-1地號,6.67,都市：其他:道路用地,,,1150603,土地1建物0車位0,,,其他,,,,0.0,0,0,0,無,無,203588,30523,,0.0,0,協議價購；,XPTOMLPKOHLGFBK27DA,0.0,0.0,0.0,無,
頭屋鄉,土地,茄苳段1168-1地號,44.42,都市：其他:道路用地,,,1150603,土地1建物0車位0,,,其他,,,,0.0,0,0,0,無,無,1354665,30497,,0.0,0,協議價購；,RPUOMLPKOHLGFBK76DA,0.0,0.0,0.0,無,004
頭屋鄉,土地,茄苳段1169-2地號,14.57,都市：其他:道路用地,,,1150603,土地1建物0車位0,,,其他,,,,0.0,0,0,0,無,無,444356,30498,,0.0,0,協議價購；,SPUOMLPKOHLGFBK86DA,0.0,0.0,0.0,無,005
頭屋鄉,土地,茄苳段1184-1地號,5.0,都市：其他:道路用地,,,1150603,土地1建物0車位0,,,其他,,,,0.0,0,0,0,無,無,152558,30512,,0.0,0,協議價購；,TPUOMLPKOHLGFBK96DA,0.0,0.0,0.0,無,006
頭屋鄉,土地,茄苳段1185-1地號,16.21,都市：其他:道路用地,,,1150603,土地1建物0車位0,,,其他,,,,0.0,0,0,0,無,無,359646,22187,,0.0,0,協議價購；,UPUOMLPKOHLGFBK07DA,0.0,0.0,0.0,無,007
頭屋鄉,土地,茄苳段707-3地號,0.57,都市：其他:道路用地,,,1150603,土地1建物0車位0,,,其他,,,,0.0,0,0,0,無,無,17443,0,,0.0,0,協議價購；,RPVOMLPKOHLGFBK86DA,0.0,0.0,0.0,無,020
頭屋鄉,土地,茄苳段782-2地號,0.44,都市：其他:道路用地,,,1150603,土地1建物0車位0,,,其他,,,,0.0,0,0,0,無,無,13289,0,,0.0,0,協議價購；,SPVOMLPKOHLGFBK96DA,0.0,0.0,0.0,無,021
頭屋鄉,土地,茄苳段1168-1地號,44.42,都市：其他:道路用地,,,1150603,土地1建物0車位0,,,其他,,,,0.0,0,0,0,無,無,1354665,30497,,0.0,0,協議價購；,TPVOMLPKOHLGFBK07DA,0.0,0.0,0.0,無,004
頭屋鄉,土地,茄苳段1169-2地號,14.57,都市：其他:道路用地,,,1150603,土地1建物0車位0,,,其他,,,,0.0,0,0,0,無,無,444356,30498,,0.0,0,協議價購；,UPVOMLPKOHLGFBK17DA,0.0,0.0,0.0,無,005
頭屋鄉,土地,茄苳段1184-1地號,5.0,都市：其他:道路用地,,,1150603,土地1建物0車位0,,,其他,,,,0.0,0,0,0,無,無,152558,30512,,0.0,0,協議價購；,VPVOMLPKOHLGFBK27DA,0.0,0.0,0.0,無,006
頭屋鄉,土地,茄苳段1185-1地號,16.21,都市：其他:道路用地,,,1150603,土地1建物0車位0,,,其他,,,,0.0,0,0,0,無,無,359646,22187,,0.0,0,協議價購；,WPVOMLPKOHLGFBK37DA,0.0,0.0,0.0,無,007
頭屋鄉,土地,茄苳段707-3地號,0.57,都市：其他:道路用地,,,1150603,土地1建物0車位0,,,其他,,,,0.0,0,0,0,無,無,17443,0,,0.0,0,協議價購；,RPWOMLPKOHLGFBK96DA,0.0,0.0,0.0,無,020
頭屋鄉,土地,茄苳段1168-1地號,44.42,都市：其他:道路用地,,,1150603,土地1建物0車位0,,,其他,,,,0.0,0,0,0,無,無,1354665,30497,,0.0,0,協議價購；,SPWOMLPKOHLGFBK07DA,0.0,0.0,0.0,無,004
頭屋鄉,土地,茄苳段1184-1地號,5.0,都市：其他:道路用地,,,1150603,土地1建物0車位0,,,其他,,,,0.0,0,0,0,無,無,152558,30512,,0.0,0,協議價購；,TPWOMLPKOHLGFBK17DA,0.0,0.0,0.0,無,006
頭屋鄉,土地,茄苳段1185-1地號,16.21,都市：其他:道路用地,,,1150603,土地1建物0車位0,,,其他,,,,0.0,0,0,0,無,無,359646,22187,,0.0,0,協議價購；,UPWOMLPKOHLGFBK27DA,0.0,0.0,0.0,無,007
竹南鎮,房地(土地+建物)+車位,苗栗縣竹南鎮大埔里１鄰科學路１８２號七樓之三,17.66,都市：其他:科技商務專用區,,,1150602,土地1建物1車位2,七層,十四層,住宅大樓(11層含以上有電梯),辦公用,鋼筋混凝土造,1141128,184.78,3,2,2,有,無,15000000,81178,坡道平面,58.92,0,,RPPNMLNJOHLGFDK68DA,74.54,0.0,7.89,有,079
竹南鎮,房地(土地+建物),苗栗縣竹南鎮中英里１５鄰公地７７之２６號,108.93,農,,,1150604,土地2建物1車位0,全,三層,透天厝,住家用,鋼筋混凝土造,1120525,193.66,3,2,3,有,有,12980000,67025,,0.0,0,其他增建；,RPPNMLOJOHLGFDK78DA,179.56,0.0,14.1,有,080
三義鄉,土地,八股段181地號,79.67,都市：其他:道路用地,,,1150613,土地2建物0車位0,,,其他,,,,0.0,0,0,0,無,無,200000,2510,,0.0,0,道路用地包含公共設施保留地用地；,RPPNMLPKOHLGFEK09DA,0.0,0.0,0.0,無,
三灣鄉,土地,內灣段16地號,1538.5,,河川區,農牧用地,1150612,土地1建物0車位0,,,其他,,,,0.0,0,0,0,無,無,500000,325,,0.0,0,,RPPNMLRKOHLGFFK76DA,0.0,0.0,0.0,無,
頭份市,房地(土地+建物)+車位,苗栗縣頭份市自強路華泰巷１１號四樓之一,31.03,住,,,1150610,土地2建物1車位1,四層,五層,華廈(10層含以下有電梯),住家用,鋼筋混凝土造,0860306,110.27,3,1,2,有,有,6200000,56226,一樓平面,0.0,0,,RPQOMLMLOHLGFFK56DA,68.36,0.0,9.71,有,
卓蘭鎮,房地(土地+建物),苗栗縣卓蘭鎮７鄰豐田９２之１號,125.8,,鄉村區,乙種建築用地,1150606,土地1建物1車位0,全,三層,透天厝,住家用,鋼筋混凝土造,0871119,173.28,8,2,3,有,無,6200000,35780,,0.0,0,其他增建；,RPRNMLMLOHLGFAK68DA,156.42,5.62,11.24,無,
頭屋鄉,土地,茄苳段707-3地號,0.57,都市：其他:道路用地,,,1150603,土地1建物0車位0,,,其他,,,,0.0,0,0,0,無,無,17443,0,,0.0,0,協議價購；,RPXOMLPKOHLGFBK07DA,0.0,0.0,0.0,無,
頭屋鄉,土地,茄苳段1168-1地號,44.42,都市：其他:道路用地,,,1150603,土地1建物0車位0,,,其他,,,,0.0,0,0,0,無,無,1354665,30497,,0.0,0,協議價購；,SPXOMLPKOHLGFBK17DA,0.0,0.0,0.0,無,
頭屋鄉,土地,茄苳段1169-2地號,14.57,都市：其他:道路用地,,,1150603,土地1建物0車位0,,,其他,,,,0.0,0,0,0,無,無,444356,30498,,0.0,0,協議價購；,TPXOMLPKOHLGFBK27DA,0.0,0.0,0.0,無,
頭屋鄉,土地,茄苳段1184-1地號,5.0,都市：其他:道路用地,,,1150603,土地1建物0車位0,,,其他,,,,0.0,0,0,0,無,無,152558,30512,,0.0,0,協議價購；,UPXOMLPKOHLGFBK37DA,0.0,0.0,0.0,無,
頭屋鄉,土地,茄苳段1185-1地號,16.21,都市：其他:道路用地,,,1150603,土地1建物0車位0,,,其他,,,,0.0,0,0,0,無,無,359646,22187,,0.0,0,協議價購；,VPXOMLPKOHLGFBK47DA,0.0,0.0,0.0,無,
頭屋鄉,土地,茄苳段702地號,22.13,都市：其他:道路用地,,,1150603,土地1建物0車位0,,,其他,,,,0.0,0,0,0,無,無,117289,5300,,0.0,0,協議價購；,RPOPMLPKOHLGFBK88DA,0.0,0.0,0.0,無,
頭屋鄉,土地,茄苳段704地號,1.45,都市：其他:道路用地,,,1150603,土地1建物0車位0,,,其他,,,,0.0,0,0,0,無,無,44356,30590,,0.0,0,協議價購；,SPOPMLPKOHLGFBK98DA,0.0,0.0,0.0,無,
頭屋鄉,土地,茄苳段782-2地號,0.44,都市：其他:道路用地,,,1150603,土地1建物0車位0,,,其他,,,,0.0,0,0,0,無,無,13289,0,,0.0,0,協議價購；,TPOPMLPKOHLGFBK09DA,0.0,0.0,0.0,無,
頭屋鄉,土地,茄苳段1168-1地號,133.25,都市：其他:道路用地,,,1150603,土地1建物0車位0,,,其他,,,,0.0,0,0,0,無,無,4063994,30499,,0.0,0,協議價購；,UPOPMLPKOHLGFBK56DA,0.0,0.0,0.0,無,
頭屋鄉,土地,茄苳段1169-2地號,43.71,都市：其他:道路用地,,,1150603,土地1建物0車位0,,,其他,,,,0.0,0,0,0,無,無,1333068,30498,,0.0,0,協議價購；,VPOPMLPKOHLGFBK66DA,0.0,0.0,0.0,無,
頭屋鄉,土地,茄苳段1184-1地號,15.01,都市：其他:道路用地,,,1150603,土地1建物0車位0,,,其他,,,,0.0,0,0,0,無,無,457674,30491,,0.0,0,協議價購；,WPOPMLPKOHLGFBK76DA,0.0,0.0,0.0,無,
頭屋鄉,土地,茄苳段1185-1地號,48.63,都市：其他:道路用地,,,1150603,土地1建物0車位0,,,其他,,,,0.0,0,0,0,無,無,1078939,22187,,0.0,0,協議價購；,XPOPMLPKOHLGFBK86DA,0.0,0.0,0.0,無,
造橋鄉,土地,潭內段422地號,828.42,,山坡地保育區,農牧用地,1150606,土地5建物0車位0,,,其他,,,,0.0,0,0,0,無,無,501200,605,,0.0,0,,RPQNMLMLOHLGFDK88DA,0.0,0.0,0.0,無,
竹南鎮,房地(土地+建物)+車位,苗栗縣竹南鎮大埔里１鄰大埔一街９１號七樓之一,47.4,住,,,1150604,土地1建物1車位1,七層,九層,華廈(10層含以下有電梯),住家用,鋼筋混凝土造,1051012,154.95,3,2,2,有,有,9500000,61310,坡道平面,21.02,0,,RPVNMLMLOHLGFDK76DA,86.25,0.0,9.33,有,
三義鄉,土地,鯉魚段457地號,50.58,,特定農業區,甲種建築用地,1150622,土地1建物0車位0,,,其他,,,,0.0,0,0,0,無,無,450000,8897,,0.0,0,親友、員工、共有人或其他特殊關係間之交易；未登記建物；,RPPNMLMLOHLGFEK88DA,0.0,0.0,0.0,無,
頭份市,房地(土地+建物),苗栗縣頭份市山下里１１鄰八德二路３５７巷１３號,52.2,住,,,1150601,土地1建物1車位0,全,二層,透天厝,住家用,加強磚造,0670715,68.16,4,2,2,有,無,5300000,77758,,0.0,0,陽台外推；頂樓加蓋；其他增建；,RPQNMLTJOHLGFFK96DA,68.16,0.0,0.0,無,
南庄鄉,土地,南江段934地號,918.01,,山坡地保育區,林業用地,1150609,土地1建物0車位0,,,其他,,,,0.0,0,0,0,無,無,800000,871,,0.0,0,未登記建物；,RPVNMLPKOHLGFFK17DA,0.0,0.0,0.0,無,
頭屋鄉,土地,新二岡坪段91地號,600.21,,一般農業區,農牧用地,1150528,土地1建物0車位0,,,其他,,,,0.0,0,0,0,無,無,1100000,1833,,0.0,0,,RPSNMLRLNHLGFBK66DA,0.0,0.0,0.0,無,
苗栗市,土地,大倫段825地號,799.55,,特定農業區,農牧用地,1150522,土地1建物0車位0,,,其他,,,,0.0,0,0,0,無,無,4840000,6053,,0.0,0,親友、員工、共有人或其他特殊關係間之交易；,RPQNMLPKOHLGFBK88DA,0.0,0.0,0.0,無,081
苗栗市,房地(土地+建物),苗栗縣苗栗市清華里２３鄰國華路７３號六樓,12.82,住,,,1150507,土地1建物1車位0,六層,十三層,住宅大樓(11層含以上有電梯),住家用,鋼筋混凝土造,0840502,118.38999999999999,3,2,2,有,有,5150000,43500,,0.0,0,,RPPNMLQKOHLGFBK88DA,72.71,2.38,9.79,有,
後龍鎮,土地,苦苓腳段1445-11地號,441.0,,特定農業區,甲種建築用地,1150531,土地1建物0車位0,,,其他,,,,0.0,0,0,0,無,無,4000000,9070,,0.0,0,土地未臨接道路瑕疵物件；,RPPOMLLKOHLGFDK68DA,0.0,0.0,0.0,無,
造橋鄉,房地(土地+建物),苗栗縣造橋鄉錦水村２鄰錦水７之１８號,76.12,,山坡地保育區,丙種建築用地,1150516,土地1建物1車位0,全,二層,透天厝,住家用,鋼筋混凝土造,0691226,97.0,4,2,2,有,無,2800000,28866,,0.0,0,頂樓加蓋；其他增建；,RPQOMLLKOHLGFDK78DA,97.0,0.0,0.0,無,
竹南鎮,房地(土地+建物)+車位,苗栗縣竹南鎮營盤里１１鄰建國路１８２號三樓之一,32.2,住,,,1150501,土地2建物1車位1,三層,五層,華廈(10層含以下有電梯),住家用,鋼筋混凝土造,1040917,108.25,2,2,1,有,有,7500000,69284,一樓平面,28.08,0,車位為共有約定專用,RPTNMLMKOHLGFDK09DA,57.46,0.0,6.18,有,
後龍鎮,土地,龍南段236-1地號,28.0,住,,,1150508,土地1建物0車位0,,,其他,,,,0.0,0,0,0,無,無,934080,33360,,0.0,0,政府機關標讓售；,RPQNMLQKOHLGFDK56DA,0.0,0.0,0.0,無,
頭份市,土地,蘆竹段294地號,89.25,工,,,1150519,土地1建物0車位0,,,其他,,,,0.0,0,0,0,無,無,1720000,19272,,0.0,0,親友、員工、共有人或其他特殊關係間之交易；未登記建物；,RPQNMLKKOHLGFFK78DA,0.0,0.0,0.0,無,
銅鑼鄉,土地,盛隆段925地號,440.4,,山坡地保育區,農牧用地,1150502,土地3建物0車位0,,,其他,,,,0.0,0,0,0,無,無,150000,341,,0.0,0,親友、員工、共有人或其他特殊關係間之交易；,RPPNMLRKOHLGFEK76EA,0.0,0.0,0.0,無,082
苗栗市,房地(土地+建物),苗栗縣苗栗市新苗里１鄰文昌街９號,47.0,商,,,1150501,土地1建物1車位0,全,二層,透天厝,商業用,木造,,81.9,3,0,1,有,無,4300000,52503,,0.0,0,,RPPNMLMKNHLGFBK38DA,81.9,0.0,0.0,無,
苗栗市,房地(土地+建物),苗栗縣苗栗市建功里４鄰建功街４７號,23.09,住,,,1150526,土地1建物1車位0,全,三層,透天厝,住家用,加強磚造,,56.36,5,2,3,有,無,1080000,19163,,0.0,0,二親等之間的買賣親友、員工、共有人或其他特殊關係間之交易；,RPRNMLRLNHLGFBK56DA,56.36,0.0,0.0,無,
苗栗市,房地(土地+建物)+車位,苗栗縣苗栗市福麗里９鄰至公路３５１巷１３號五樓,65.95,住,,,1150525,土地2建物1車位1,五層,七層,華廈(10層含以下有電梯),住家用,鋼筋混凝土造,1090316,197.5,3,2,2,有,有,14500000,73418,坡道平面,15.23,0,其他增建:遮雨棚。其他增建；,RPRNMLKKOHLGFBK48DA,116.52,0.0,11.31,有,
通霄鎮,房地(土地+建物),苗栗縣通霄鎮褔源里１０鄰北勢窩路１１２巷８弄３號,111.0,,山坡地保育區,丙種建築用地,1150519,土地2建物1車位0,全,四層,透天厝,住家用,鋼筋混凝土造,0841024,127.99,3,2,2,有,有,5350000,41800,,0.0,0,其他增建；,RPQNMLTLNHLGFCK76DA,115.99,0.0,12.0,無,
苑裡鎮,房地(土地+建物),苗栗縣苑裡鎮上里１０鄰上１９２之５號,410.84,,特定農業區,農牧用地,1150524,土地1建物1車位0,全,二層,透天厝,農業用,鋼筋混凝土造,0990129,85.58,1,1,1,有,無,5460000,63800,,0.0,0,親友、員工、共有人或其他特殊關係間之交易；,RPPNMLOJOHLGFCK68DA,85.58,0.0,0.0,無,
竹南鎮,房地(土地+建物),苗栗縣竹南鎮大埔里２鄰大埔五街３２８號,95.69,住,,,1150515,土地1建物1車位0,全,四層,透天厝,住家用,鋼筋混凝土造,1131206,243.34,4,2,6,有,有,26800000,110134,,0.0,0,其他增建；,RPPNMLLJOHLGFDK48DA,224.23,0.0,19.11,有,
造橋鄉,房地(土地+建物),苗栗縣造橋鄉談文村５鄰學府路１２６號,51.75,,山坡地保育區,丙種建築用地,1150510,土地1建物1車位0,一層,三層,公寓(5樓含以下無電梯),住家用,鋼筋混凝土造,0900629,53.65,1,1,1,有,有,3300000,61510,,0.0,0,其他增建；,RPUOMLMJOHLGFDK56DA,43.65,8.4,0.0,無,
銅鑼鄉,土地,天神段406-1地號,46.27,,特定農業區,農牧用地,1150512,土地1建物0車位0,,,其他,,,,0.0,0,0,0,無,無,100000,2161,,0.0,0,親友、員工、共有人或其他特殊關係間之交易；,RPPNMLRKOHLGFEK66DA,0.0,0.0,0.0,無,
頭份市,房地(土地+建物),苗栗縣頭份市興隆里３鄰興隆路一段４５號,102.0,農,,,1150518,土地1建物1車位0,全,二層,透天厝,住家用,鋼筋混凝土造,0730101,186.56,7,0,7,有,無,6000000,32161,,0.0,0,,RPUNMLLLNHLGFFK66DA,182.32,0.0,4.24,無,
頭份市,房地(土地+建物),苗栗縣頭份市珊湖里２鄰學府路１０５巷８弄９號三樓,66.61,,山坡地保育區,丙種建築用地,1150524,土地2建物1車位0,三層,四層,華廈(10層含以下有電梯),住家用,鋼筋混凝土造,0871209,141.79999999999998,4,2,2,有,有,2990000,21086,,0.0,0,,RPQNMLLJOHLGFFK78DA,115.35,0.0,12.42,有,
銅鑼鄉,土地,盛隆段925地號,440.4,,山坡地保育區,農牧用地,1150502,土地3建物0車位0,,,其他,,,,0.0,0,0,0,無,無,200000,454,,0.0,0,親友、員工、共有人或其他特殊關係間之交易；,RPQNMLRKOHLGFEK86EA,0.0,0.0,0.0,無,082
銅鑼鄉,土地,盛隆段925地號,440.4,,山坡地保育區,農牧用地,1150502,土地3建物0車位0,,,其他,,,,0.0,0,0,0,無,無,150000,341,,0.0,0,親友、員工、共有人或其他特殊關係間之交易；,RPRNMLRKOHLGFEK96EA,0.0,0.0,0.0,無,082
卓蘭鎮,土地,西坪段51-2地號,3185.89,,一般農業區,農牧用地,1150524,土地3建物0車位0,,,其他,,,,0.0,0,0,0,無,無,7000000,2197,,0.0,0,農業設施；,RPQNMLOJOHLGFAK58DA,0.0,0.0,0.0,無,
公館鄉,土地,鶴崗段512-15地號,211.92,農,,,1150526,土地2建物0車位0,,,其他,,,,0.0,0,0,0,無,無,2100000,9909,,0.0,0,買方代償債務親友、員工、共有人或其他特殊關係間之交易；,RPQNMLSJOHLGFBK09DA,0.0,0.0,0.0,無,085
通霄鎮,房地(土地+建物),苗栗縣通霄鎮通西里２２鄰福德路５２號,76.98,住,,,1150526,土地2建物1車位0,全,二層,透天厝,住商用,加強磚造,0641015,137.8,3,2,2,有,無,7980000,57910,,0.0,0,簽約人與登記人不同。頂樓加蓋；其他增建；,RPPNMLQKOHLGFCK98DA,137.8,0.0,0.0,無,
竹南鎮,土地,營盤邊段山寮小段559地號,638.0,,特定農業區,農牧用地,1150505,土地1建物0車位0,,,其他,,,,0.0,0,0,0,無,無,3280915,5143,,0.0,0,,RPRNMLPLNHLGFDK56DA,0.0,0.0,0.0,無,
後龍鎮,土地,外埔段1225-1地號,1210.0,農,,,1150525,土地1建物0車位0,,,其他,,,,0.0,0,0,0,無,無,2000000,1653,,0.0,0,,RPQNMLSJOHLGFDK66DA,0.0,0.0,0.0,無,
銅鑼鄉,土地,竹圍段346-284地號,551.0,,山坡地保育區,丙種建築用地,1150529,土地1建物0車位0,,,其他,,,,0.0,0,0,0,無,無,700000,1270,,0.0,0,,RPSNMLQKOHLGFEK86DA,0.0,0.0,0.0,無,086
銅鑼鄉,房地(土地+建物),苗栗縣銅鑼鄉中平村２６鄰中興一街６之６號四樓,23.33,,工業區,丁種建築用地,1150514,土地1建物1車位0,四層,五層,公寓(5樓含以下無電梯),住家用,鋼筋混凝土造,0850507,97.06,3,2,1,有,無,3000000,30909,,0.0,0,親友交易,RPPNMLSKOHLGFEK76DA,74.78,3.16,7.71,無,
頭份市,土地,信義段276-3地號,371.55,農,,,1150526,土地2建物0車位0,,,其他,,,,0.0,0,0,0,無,無,3000000,8074,,0.0,0,,RPQNMLNJOHLGFFK98DA,0.0,0.0,0.0,無,
頭份市,房地(土地+建物)+車位,苗栗縣頭份市昌隆一街３６２號五樓,26.76,住,,,1150501,土地1建物1車位1,五層,十四層,住宅大樓(11層含以上有電梯),住家用,鋼筋混凝土造,1061115,147.57999999999998,3,2,2,有,有,12000000,81312,坡道平面,33.91,0,,RPRNMLQKOHLGFFK86DA,72.58,0.0,4.03,有,087
頭份市,房地(土地+建物),苗栗縣頭份市田寮里１鄰東田街４０巷３８號,91.13,住,,,1150518,土地1建物1車位0,全,三層,透天厝,住工用,鋼筋混凝土造,0791218,174.27,4,2,3,有,無,2301725,13208,,0.0,0,依遺贈稅法同意免除親友、員工、共有人或其他特殊關係間之交易；,RPTNMLSKOHLGFFK27DA,161.27,8.75,4.25,無,
銅鑼鄉,土地,盛隆段926地號,42.02,,山坡地保育區,農牧用地,1150502,土地1建物0車位0,,,其他,,,,0.0,0,0,0,無,無,30000,714,,0.0,0,親友、員工、共有人或其他特殊關係間之交易；,RPSNMLRKOHLGFEK07EA,0.0,0.0,0.0,無,082
三義鄉,土地,雙潭段833地號,2006.51,,山坡地保育區,農牧用地,1150517,土地2建物0車位0,,,其他,,,,0.0,0,0,0,無,無,5462730,2723,,0.0,0,,RPPNMLSKOHLGFEK86EA,0.0,0.0,0.0,無,
獅潭鄉,土地,八角林段360-47地號,1170.0,,山坡地保育區,林業用地,1150501,土地1建物0車位0,,,其他,,,,0.0,0,0,0,無,無,2000000,1709,,0.0,0,,RPRNMLPJNHLGFAK68DA,0.0,0.0,0.0,無,089
苗栗市,土地,南勢坑段上南勢坑小段56-5地號,1934.0,,山坡地保育區,農牧用地,1150520,土地1建物0車位0,,,其他,,,,0.0,0,0,0,無,無,3100000,1603,,0.0,0,,RPQNMLTJOHLGFBK56DA,0.0,0.0,0.0,無,
苗栗市,房地(土地+建物),苗栗縣苗栗市新苗里９鄰新苗街９０號,71.74,商,,,1150516,土地2建物1車位0,全,二層,透天厝,住商用,加強磚造,,88.87,4,3,3,有,無,8000000,90019,,0.0,0,親友、員工、共有人或其他特殊關係間之交易；頂樓加蓋；,RPXOMLSKOHLGFBK37DA,88.87,0.0,0.0,無,
苗栗市,房地(土地+建物)+車位,苗栗縣苗栗市福星里３２鄰嘉福街８８號二樓之一,32.89,住,,,1150517,土地1建物1車位1,二層,五層,華廈(10層含以下有電梯),住家用,鋼筋混凝土造,1100303,105.76,2,2,1,有,有,7330000,69308,一樓平面,0.0,0,,RPTNMLMLOHLGFBK98DA,64.24,0.0,5.43,有,090
苑裡鎮,土地,田心段244-3地號,19.56,,特定農業區,農牧用地,1150514,土地1建物0車位0,,,其他,,,,0.0,0,0,0,無,無,100000,5112,,0.0,0,,RPSNMLSKNHLGFCK76DA,0.0,0.0,0.0,無,091
苑裡鎮,房地(土地+建物),苗栗縣苑裡鎮田心里８鄰田心８１之３０號,83.08,,特定農業區,甲種建築用地,1150514,土地2建物1車位0,全,三層,透天厝,住家用,鋼筋混凝土造,1140401,162.13,4,2,3,有,無,10800000,66613,,0.0,0,,RPUNMLSKNHLGFCK96DA,162.13,0.0,0.0,無,
通霄鎮,土地,福興段517-30地號,3764.0,,山坡地保育區,農牧用地,1150514,土地2建物0車位0,,,其他,,,,0.0,0,0,0,無,無,3000000,797,,0.0,0,土地增值稅新台幣48208元整由買方繳納親友、員工、共有人或其他特殊關係間之交易；未登記建物；,RPPNMLOLOHLGFCK88DA,0.0,0.0,0.0,無,
通霄鎮,土地,北梅段380-3地號,2936.69,,山坡地保育區,農牧用地,1150519,土地2建物0車位0,,,其他,,,,0.0,0,0,0,無,無,2380000,810,,0.0,0,,RPQNMLOLOHLGFCK98DA,0.0,0.0,0.0,無,
竹南鎮,土地,后厝段176地號,18.63,住,,,1150514,土地1建物0車位0,,,其他,,,,0.0,0,0,0,無,無,1452022,77940,,0.0,0,政府機關標讓售；,RPWNMLQKOHLGFDK17DA,0.0,0.0,0.0,無,
南庄鄉,土地,北獅里興段北獅里興小段1024地號,9550.0,,山坡地保育區,農牧用地,1150505,土地2建物0車位0,,,其他,,,,0.0,0,0,0,無,無,3600000,377,,0.0,0,,RPUNMLPKOHLGFFK07DA,0.0,0.0,0.0,無,
南庄鄉,土地,仙山段71-12地號,24017.41,,森林區,林業用地,1150520,土地11建物0車位0,,,其他,,,,0.0,0,0,0,無,無,950000,40,,0.0,0,親友、員工、共有人或其他特殊關係間之交易；,RPQNMLQKOHLGFFK76DA,0.0,0.0,0.0,無,
頭份市,房地(土地+建物)+車位,苗栗縣頭份市文化里１５鄰八德二路２００巷２６號四樓,44.59,都市：其他:住宅區,,,1150505,土地4建物1車位1,四層,五層,華廈(10層含以下有電梯),住家用,鋼筋混凝土造,1061031,125.91,2,2,2,有,有,10100000,80216,一樓平面,0.0,0,,RPVNMLRKOHLGFFK37DA,81.96,0.0,9.9,有,092
苗栗市,房地(土地+建物),苗栗縣苗栗市文山里９鄰文和街９８號,99.26,住,,,1150522,土地1建物1車位0,全,三層,透天厝,住家用,鋼筋混凝土造,0880714,201.51,5,2,4,有,無,11100000,55084,,0.0,0,其他增建；,RPRNMLNLOHLGFBK88DA,190.0,0.0,11.51,無,
竹南鎮,房地(土地+建物)+車位,苗栗縣竹南鎮中華里３鄰新生路２４５巷３３號二樓之一,40.35,住,,,1150504,土地1建物1車位1,二層,五層,華廈(10層含以下有電梯),住家用,鋼筋混凝土造,1040422,120.9,3,2,2,有,無,9150000,75682,坡道平面,0.0,0,陽台外推；,RPPNMLNKNHLGFDK68DA,81.15,0.0,6.44,有,093
竹南鎮,房地(土地+建物),苗栗縣竹南鎮大厝里２鄰南大路２３２巷２之１號,50.84,住,,,1150509,土地1建物1車位0,二層,二層,公寓(5樓含以下無電梯),住家用,鋼筋混凝土造,0690903,109.24000000000001,4,2,2,有,無,3700000,33867,,0.0,0,,RPXNMLTJOHLGFDK47DA,100.92,0.0,0.0,無,
後龍鎮,土地,龍北段429-1地號,1.0,住,,,1150511,土地1建物0車位0,,,其他,,,,0.0,0,0,0,無,無,52670,0,,0.0,0,政府機關標讓售；,RPQNMLTKOHLGFDK86DA,0.0,0.0,0.0,無,
後龍鎮,土地,龍北段429地號,25.0,住,,,1150511,土地1建物0車位0,,,其他,,,,0.0,0,0,0,無,無,1316750,52670,,0.0,0,政府機關標讓售；,RPRNMLTKOHLGFDK96DA,0.0,0.0,0.0,無,
銅鑼鄉,房地(土地+建物),苗栗縣銅鑼鄉雙峰路文峰巷６弄１１號,160.51,,山坡地保育區,丙種建築用地,1150528,土地2建物1車位0,全,三層,透天厝,住家用,ＲＣ造,1080807,153.1,4,2,3,有,無,11000000,71848,,0.0,0,,RPPNMLNJOHLGFEK78DA,143.32,0.0,9.78,無,094
三義鄉,土地,西湖段976-1地號,7.36,,山坡地保育區,丙種建築用地,1150503,土地1建物0車位0,,,其他,,,,0.0,0,0,0,無,無,100747,13688,,0.0,0,購買住家後方畸零地親友、員工、共有人或其他特殊關係間之交易；,RPPNMLQKOHLGFEK56DA,0.0,0.0,0.0,無,
三義鄉,土地,西湖段976-6地號,44.08,,山坡地保育區,丙種建築用地,1150503,土地1建物0車位0,,,其他,,,,0.0,0,0,0,無,無,603386,13688,,0.0,0,購買住家後方畸零地親友、員工、共有人或其他特殊關係間之交易；,RPQNMLQKOHLGFEK66DA,0.0,0.0,0.0,無,
三義鄉,土地,西湖段976-8地號,66.33,,山坡地保育區,丙種建築用地,1150503,土地1建物0車位0,,,其他,,,,0.0,0,0,0,無,無,907953,13688,,0.0,0,購買住家後方畸零地親友、員工、共有人或其他特殊關係間之交易；,RPRNMLQKOHLGFEK76DA,0.0,0.0,0.0,無,
頭份市,房地(土地+建物),苗栗縣頭份市流東里１１鄰老崎４之３１號,80.98,,山坡地保育區,丙種建築用地,1150530,土地1建物1車位0,全,二層,透天厝,住家用,加強磚造,0690326,135.6,7,2,3,有,無,5950000,43879,,0.0,0,其他增建；,RPPNMLPJOHLGFFK09DA,135.6,0.0,0.0,無,095
頭份市,房地(土地+建物),苗栗縣頭份市仁愛里４鄰銀河路３６－２號四樓,3.28,商,,,1150525,土地1建物1車位0,四層,十層,華廈(10層含以下有電梯),住家用,鋼筋混凝土造,0871202,30.709999999999997,1,1,1,有,有,1000000,32563,,0.0,0,親友、員工、共有人或其他特殊關係間之交易；,RPPNMLPKOHLGFFK56DA,22.56,0.0,2.52,有,096
卓蘭鎮,土地,大坪林段536地號,9693.8,,山坡地保育區,農牧用地,1150531,土地10建物0車位0,,,其他,,,,0.0,0,0,0,無,無,4806496,496,,0.0,0,,RPQNMLMLOHLGFAK58DA,0.0,0.0,0.0,無,
頭屋鄉,土地,茄苳段1166-1地號,56.78,都市：其他:道路用地,,,1150526,土地1建物0車位0,,,其他,,,,0.0,0,0,0,無,無,1731001,30486,,0.0,0,協議價購；,RPVNMLPKOHLGFBK76DA,0.0,0.0,0.0,無,022
頭屋鄉,土地,茄苳段1168-1地號,44.42,都市：其他:道路用地,,,1150526,土地1建物0車位0,,,其他,,,,0.0,0,0,0,無,無,1354665,30497,,0.0,0,協議價購；,SPVNMLPKOHLGFBK86DA,0.0,0.0,0.0,無,004
頭屋鄉,土地,茄苳段1169-2地號,14.57,都市：其他:道路用地,,,1150526,土地1建物0車位0,,,其他,,,,0.0,0,0,0,無,無,444356,30498,,0.0,0,協議價購；,TPVNMLPKOHLGFBK96DA,0.0,0.0,0.0,無,005
頭屋鄉,土地,茄苳段1184-1地號,5.0,都市：其他:道路用地,,,1150526,土地1建物0車位0,,,其他,,,,0.0,0,0,0,無,無,152558,30512,,0.0,0,協議價購；,UPVNMLPKOHLGFBK07DA,0.0,0.0,0.0,無,006
頭屋鄉,土地,茄苳段1185-1地號,16.21,都市：其他:道路用地,,,1150526,土地1建物0車位0,,,其他,,,,0.0,0,0,0,無,無,359646,22187,,0.0,0,協議價購；,VPVNMLPKOHLGFBK17DA,0.0,0.0,0.0,無,007
頭屋鄉,土地,茄苳段1166-1地號,56.78,都市：其他:道路用地,,,1150526,土地1建物0車位0,,,其他,,,,0.0,0,0,0,無,無,1731001,30486,,0.0,0,協議價購；,RPWNMLPKOHLGFBK86DA,0.0,0.0,0.0,無,022
頭屋鄉,土地,茄苳段1168-1地號,44.42,都市：其他:道路用地,,,1150526,土地1建物0車位0,,,其他,,,,0.0,0,0,0,無,無,1354665,30497,,0.0,0,協議價購；,SPWNMLPKOHLGFBK96DA,0.0,0.0,0.0,無,004
頭屋鄉,土地,茄苳段1169-2地號,14.57,都市：其他:道路用地,,,1150526,土地1建物0車位0,,,其他,,,,0.0,0,0,0,無,無,444356,30498,,0.0,0,協議價購；,TPWNMLPKOHLGFBK07DA,0.0,0.0,0.0,無,005
頭屋鄉,土地,茄苳段1184-1地號,5.0,都市：其他:道路用地,,,1150526,土地1建物0車位0,,,其他,,,,0.0,0,0,0,無,無,152558,30512,,0.0,0,協議價購；,UPWNMLPKOHLGFBK17DA,0.0,0.0,0.0,無,006
頭屋鄉,土地,茄苳段1185-1地號,16.21,都市：其他:道路用地,,,1150526,土地1建物0車位0,,,其他,,,,0.0,0,0,0,無,無,359646,22187,,0.0,0,協議價購；,VPWNMLPKOHLGFBK27DA,0.0,0.0,0.0,無,007
苗栗市,房地(土地+建物),苗栗縣苗栗市福安里２１鄰中華路６２３號,86.86,住,,,1150503,土地2建物1車位0,全,二層,透天厝,住家用,加強磚造,0700402,97.86,3,2,2,有,無,6200000,63356,,0.0,0,頂樓加蓋；其他增建；,RPWOMLSKOHLGFBK27DA,97.86,0.0,0.0,無,
通霄鎮,房地(土地+建物),苗栗縣通霄鎮白東里１７鄰福泰路１０４巷２６號,82.69,,山坡地保育區,丙種建築用地,1150521,土地1建物1車位0,全,二層,透天厝,住家用,加強磚造,0720628,96.82,0,0,0,無,無,1700000,17558,,0.0,0,,RPRNMLTJOHLGFCK76DA,96.82,0.0,0.0,無,
苑裡鎮,房地(土地+建物)+車位,苗栗縣苑裡鎮西平里９鄰介壽路２００號八樓之１,33.76,住,,,1150513,土地1建物1車位1,八層,八層,華廈(10層含以下有電梯),住家用,鋼筋混凝土造,1080220,132.82,3,2,2,有,有,8100000,60985,坡道平面,0.0,0,,RPQNMLKKOHLGFCK48DA,71.89,0.0,4.23,有,107
苑裡鎮,房地(土地+建物),苗栗縣苑裡鎮房裡里１３鄰北房６之６號,98.1,住,,,1150507,土地3建物1車位0,全,三層,透天厝,住商用,鋼筋混凝土造,0821104,190.28,3,2,3,有,無,5300000,27854,,0.0,0,壹樓空地增建,RPPNMLMLOHLGFCK68DA,190.28,0.0,0.0,無,
苑裡鎮,土地,致民段211地號,117.33,,特定農業區,農牧用地,1150505,土地1建物0車位0,,,其他,,,,0.0,0,0,0,無,無,2600000,22160,,0.0,0,未登記建物；,RPTNMLPLOHLGFCK76DA,0.0,0.0,0.0,無,
後龍鎮,房地(土地+建物),苗栗縣後龍鎮豐富里１６鄰高鐵五路３１巷１號,76.61,住,,,1150525,土地3建物1車位0,全,四層,透天厝,住家用,鋼筋混凝土造,1131016,187.23,4,2,5,有,無,14680000,78406,,0.0,0,土地交易總價：新台幣4404000元；建物交易總價：新台幣10276000元,RPQNMLPLNHLGFDK09DA,179.45,0.0,7.69,無,
竹南鎮,房地(土地+建物),苗栗縣竹南鎮竹南里１２鄰民權街５１巷４號十六樓,10.18,商,,,1150520,土地1建物1車位0,十六層,十六層,住宅大樓(11層含以上有電梯),住家用,鋼筋混凝土造,0841108,130.54,3,2,2,有,有,9300000,71243,,0.0,0,,RPUNMLSJOHLGFDK07DA,92.55,6.01,0.0,有,
三義鄉,房地(土地+建物),苗栗縣三義鄉廣盛村５鄰廣盛９之１５號,98.85,工,,,1150510,土地1建物1車位0,全,三層,透天厝,商辦用,鋼筋混凝土造,0960912,177.53,3,2,3,有,無,13100000,73790,,0.0,0,,RPQNMLOKNHLGFEK98DA,157.28,6.75,13.5,無,108
西湖鄉,土地,新五湖段48地號,14632.51,,山坡地保育區,農牧用地,1150502,土地8建物0車位0,,,其他,,,,0.0,0,0,0,無,無,1500000,103,,0.0,0,出賣人持分皆為公同共有親戚間買賣，鄉下土地，位置偏僻不易利用，共有人眾多,RPPNMLLKOHLGFEK68DA,0.0,0.0,0.0,無,
銅鑼鄉,房地(土地+建物),苗栗縣銅鑼鄉中平村２７鄰中興一街３０號,96.5,,工業區,丁種建築用地,1150517,土地2建物1車位0,全,四層,透天厝,住家用,鋼筋混凝土造,0830924,170.26,4,2,3,有,無,5400000,31716,,0.0,0,頂樓加蓋；其他增建；,RPPNMLOLOHLGFEK09DA,151.9,11.23,7.13,無,
頭份市,房地(土地+建物)+車位,苗栗縣頭份市文化里１６鄰八德二路１８９巷２１號七樓,33.08,住,,,1150502,土地1建物1車位1,七層,十一層,住宅大樓(11層含以上有電梯),住家用,鋼筋混凝土造,1120217,167.54,3,2,2,有,有,14900000,88934,坡道平面,27.15,0,,RPRNMLSJOHLGFFK96DA,87.35,0.0,8.25,有,109
苗栗市,房地(土地+建物),苗栗縣苗栗市南勢里１７鄰坪頂東１６之１０號,104.62,,鄉村區,乙種建築用地,1150502,土地2建物1車位0,全,二層,透天厝,住家用,加強磚造,,122.16,3,1,2,有,無,3000000,24558,,0.0,0,增建鐵皮，客廳騎樓外推增建其他增建；,RPPNMLPLOHLGFBK98EA,122.16,0.0,0.0,無,
大湖鄉,土地,大湖段1898地號,1144.0,,山坡地保育區,農牧用地,1150515,土地2建物0車位0,,,其他,,,,0.0,0,0,0,無,無,818126,715,,0.0,0,,RPPNMLPJOHLGFAK58DA,0.0,0.0,0.0,無,
大湖鄉,土地,富興段5-1地號,661.22,,特定農業區,農牧用地,1150528,土地1建物0車位0,,,其他,,,,0.0,0,0,0,無,無,7100000,10738,,0.0,0,,RPPNMLRKOHLGFAK88DA,0.0,0.0,0.0,無,
竹南鎮,房地(土地+建物),苗栗縣竹南鎮大埔里１鄰科專五路５１８巷７號,94.71,住,,,1150520,土地3建物1車位0,全,四層,透天厝,住家用,鋼筋混凝土造,1131126,235.15,3,2,3,有,無,24580000,104529,,0.0,0,,RPSNMLPLNHLGFDK66DA,215.4,0.0,19.75,有,
造橋鄉,土地,大桃坪段917-55地號,42146.0,,特定專用區,特定目的事業用地,1150512,土地5建物0車位0,,,其他,,,,0.0,0,0,0,無,無,42140000,1000,,0.0,0,,RPWNMLMJOHLGFDK66DA,0.0,0.0,0.0,無,
竹南鎮,土地,海口段海口小段1317地號,19762.0,,特定農業區,特定目的事業用地,1150529,土地10建物0車位0,,,其他,,,,0.0,0,0,0,無,無,255127420,12910,,0.0,0,政府機關標讓售；,RPQNMLLKOHLGFDK68DA,0.0,0.0,0.0,無,
竹南鎮,房地(土地+建物),苗栗縣竹南鎮港墘里２鄰仁德路２５８號,145.91,住,,,1150504,土地2建物1車位0,全,二層,透天厝,住家用,鋼筋混凝土造,0700417,171.42,6,2,3,有,無,9000000,52503,,0.0,0,包含公共設施保留地用地；,RPSNMLMLOHLGFDK09DA,171.42,0.0,0.0,無,
竹南鎮,土地,藝文段97地號,231.83,商,,,1150522,土地1建物0車位0,,,其他,,,,0.0,0,0,0,無,無,38688000,166881,,0.0,0,,RPPNMLOLOHLGFDK98DA,0.0,0.0,0.0,無,
後龍鎮,房地(土地+建物),苗栗縣後龍鎮大庄里５鄰大庄１０之１６號四樓,32.0,住,,,1150510,土地1建物1車位0,四層,四層,華廈(10層含以下有電梯),住家用,鋼筋混凝土造,1131017,85.03999999999999,3,2,2,有,無,8000000,94073,,0.0,0,其他增建；,RPWNMLOLOHLGFDK07DA,59.74,0.0,4.15,有,
公館鄉,土地,館聖段297地號,7.25,都市：其他:道路用地,,,1150430,土地1建物0車位0,,,其他,,,,0.0,0,0,0,無,無,231700,31959,,0.0,0,協議價購；,RPQNMLLJOHLGFBK38DA,0.0,0.0,0.0,無,110
竹南鎮,房地(土地+建物),苗栗縣竹南鎮大埔里２鄰大埔五街１１５號,139.81,住,,,1150402,土地2建物1車位0,全,四層,透天厝,住商用,鋼筋混凝土造,1040410,320.23,10,2,10,有,無,31500000,98367,,0.0,0,遮雨棚其他增建；,RPSNMLSJNHLGFDK76DA,268.54,9.79,41.9,有,111
頭份市,土地,湳湖段1179地號,3156.13,工,,,1150413,土地14建物0車位0,,,其他,,,,0.0,0,0,0,無,無,162657000,51537,,0.0,0,包含公共設施保留地用地；,RPSNMLSKNHLGFFK07DA,0.0,0.0,0.0,無,112
頭份市,房地(土地+建物)+車位,苗栗縣頭份市後庄里２１鄰公園七街５５號六樓,13.85,商,,,1150406,土地1建物1車位1,六層,十四層,住宅大樓(11層含以上有電梯),住家用,鋼筋混凝土造,1091016,138.54000000000002,3,2,2,有,有,12500000,90227,坡道平面,32.88,0,,RPTNMLKKOHLGFFK09DA,64.34,0.0,7.89,有,113
苑裡鎮,房地(土地+建物),苗栗縣苑裡鎮社苓里２鄰社苓２１之１號,122.0,,特定農業區,農牧用地,1150430,土地1建物1車位0,全,一層,透天厝,農業用,鋼筋混凝土造,0711114,82.36,3,3,2,有,無,5150000,62530,,0.0,0,未登記建物；,RPPNMLSKOHLGFCK56DA,82.36,0.0,0.0,無,114
頭份市,房地(土地+建物)+車位,苗栗縣頭份市文化里１６鄰八德二路１８９巷５號二樓,29.46,住,,,1150414,土地1建物1車位1,二層,十一層,住宅大樓(11層含以上有電梯),住家用,鋼筋混凝土造,1120217,167.3,3,2,2,有,有,15450000,92349,坡道平面,31.26,0,,RPQNMLSLMHLGFFK86DA,77.23,0.0,7.8,有,
三灣鄉,土地,崁頂寮段741地號,265.0,,山坡地保育區,農牧用地,1150402,土地1建物0車位0,,,其他,,,,0.0,0,0,0,無,無,654550,2470,,0.0,0,政府機關標讓售；,RPQNMLRKOHLGFFK86DA,0.0,0.0,0.0,無,
公館鄉,房地(土地+建物)+車位,苗栗縣公館鄉大坑村６鄰大坑１７７之２號,304.44,,山坡地保育區,農牧用地,1150419,土地1建物1車位1,全,三層,透天厝,農業用,鋼筋混凝土造,1061129,62.65,3,2,2,有,無,4350000,69433,坡道平面,0.0,0,農業設施；,RPRNMLRKNHLGFBK09DA,62.65,0.0,0.0,無,115
公館鄉,土地,大坑段248-3地號,86.5,,山坡地保育區,農牧用地,1150419,土地1建物0車位0,,,其他,,,,0.0,0,0,0,無,無,325000,3757,,0.0,0,,SPRNMLRKNHLGFBK56DA,0.0,0.0,0.0,無,116
公館鄉,土地,大坑段696-6地號,6.61,,山坡地保育區,林業用地,1150419,土地1建物0車位0,,,其他,,,,0.0,0,0,0,無,無,25000,3782,,0.0,0,,TPRNMLRKNHLGFBK66DA,0.0,0.0,0.0,無,117
通霄鎮,土地,城南段933地號,732.94,,一般農業區,農牧用地,1150415,土地1建物0車位0,,,其他,,,,0.0,0,0,0,無,無,2000000,2729,,0.0,0,,RPPNMLNLOHLGFCK78DA,0.0,0.0,0.0,無,
竹南鎮,房地(土地+建物),苗栗縣竹南鎮大厝里６鄰開元路１４８號,101.37,住,,,1150425,土地4建物1車位0,全,四層,透天厝,住家用,鋼筋混凝土造,0950517,223.44,4,2,4,有,無,21000000,93985,,0.0,0,,RPUNMLQJNHLGFDK76DA,200.06,11.79,11.59,無,
後龍鎮,土地,新港段校寄埧小段265地號,1461.0,農,,,1150424,土地1建物0車位0,,,其他,,,,0.0,0,0,0,無,無,15760000,10787,,0.0,0,,RPTNMLQKOHLGFDK86DA,0.0,0.0,0.0,無,
西湖鄉,土地,鴨母坑段1217-1地號,21048.0,,山坡地保育區,農牧用地,1150428,土地1建物0車位0,,,其他,,,,0.0,0,0,0,無,無,6600000,314,,0.0,0,,RPRNMLLJOHLGFEK78DA,0.0,0.0,0.0,無,
銅鑼鄉,土地,新雞隆段1863-1地號,16678.0,,山坡地保育區,農牧用地,1150419,土地28建物0車位0,,,其他,,,,0.0,0,0,0,無,無,5500000,330,,0.0,0,未登記建物；農作物；,RPPNMLOKOHLGFEK98DA,0.0,0.0,0.0,無,
苗栗市,房地(土地+建物)+車位,苗栗縣苗栗市福麗里３９鄰國華路１１３８巷２８號五樓之一,34.61,住,,,1150429,土地1建物1車位1,五層,十二層,住宅大樓(11層含以上有電梯),住家用,鋼筋混凝土造,1141229,168.3,3,2,2,有,有,12750000,75758,坡道平面,30.02,0,,RPSNMLNJOHLGFBK78DA,89.43,0.0,9.87,有,118
竹南鎮,房地(土地+建物)+車位,苗栗縣竹南鎮新南里２３鄰維新路３１０號十四樓之五,24.02,住,,,1150429,土地1建物1車位1,十四層,十四層,住宅大樓(11層含以上有電梯),住家用,鋼筋混凝土造,1150504,154.2,3,2,2,有,有,16190000,121837,坡道平面,34.86,1650000,含裝潢費840000元；預售屋、或土地及建物分件登記案件；,RPQOMLPKOHLGFDK56DA,72.76,0.0,6.13,有,
頭份市,房地(土地+建物),苗栗縣頭份市文化街２７１巷３２弄１號,119.86,住,,,1150419,土地2建物1車位0,全,四層,透天厝,住家用,鋼筋混凝土造,0841215,225.88,5,3,3,有,無,14580000,64548,,0.0,0,其他增建；,RPTNMLRJNHLGFFK96DA,198.48,10.25,17.15,無,
頭屋鄉,土地,外獅潭段1333地號,940.0,農,,,1150430,土地2建物0車位0,,,其他,,,,0.0,0,0,0,無,無,10606255,11283,,0.0,0,,RPPNMLTKOHLGFBK56DA,0.0,0.0,0.0,無,119
通霄鎮,土地,白沙段560地號,4.11,,一般農業區,農牧用地,1150422,土地1建物0車位0,,,其他,,,,0.0,0,0,0,無,無,8220,2000,,0.0,0,,RPRNMLOLOHLGFCK09DA,0.0,0.0,0.0,無,
後龍鎮,房地(土地+建物),苗栗縣後龍鎮東明里９鄰下浮尾１２３之２１號,146.0,,特定農業區,甲種建築用地,1150425,土地2建物1車位0,全,三層,透天厝,住家用,鋼筋混凝土加強磚造,1061002,200.45,5,3,4,有,無,12500000,62360,,0.0,0,,RPOOMLKMMHLGFDK48DA,198.45,0.0,2.0,無,120
後龍鎮,房地(土地+建物),北龍里３鄰田心３３號,123.0,住,,,1150425,土地1建物1車位0,一層，二層，屋頂突出物，騎樓,二層,其他,住家用,鋼筋混凝土造,0690926,163.36,3,2,2,有,無,6500000,39789,,0.0,0,,RPRNMLSKOHLGFDK86DA,163.36,0.0,0.0,無,
後龍鎮,房地(土地+建物),北龍里３鄰田心３５號,134.0,住,,,1150425,土地1建物1車位0,一層，二層，屋頂突出物，騎樓,二層,其他,住家用,鋼筋混凝土造,0690926,163.36,3,2,2,有,無,6500000,39789,,0.0,0,,SPRNMLSKOHLGFDK96DA,163.36,0.0,0.0,無,
南庄鄉,土地,四灣段266地號,4906.0,,山坡地保育區,農牧用地,1150421,土地5建物0車位0,,,其他,,,,0.0,0,0,0,無,無,3800000,775,,0.0,0,,RPTNMLPKOHLGFFK96DA,0.0,0.0,0.0,無,
苗栗市,房地(土地+建物),苗栗縣苗栗市福安里３０鄰富域街２３０號,153.2,工,,,1150429,土地2建物1車位0,全,三層,透天厝,辦公用,鋼筋混凝土造,1001201,166.18,5,1,4,有,有,9500000,57167,,0.0,0,親友、員工、共有人或其他特殊關係間之交易；,RPRNMLMKNHLGFBK58DA,160.38,3.78,2.02,無,
苗栗市,房地(土地+建物)+車位,苗栗縣苗栗市文山里１９鄰自由街５號二樓之一,38.97,住,,,1150430,土地1建物1車位1,二層,五層,華廈(10層含以下有電梯),住家用,鋼骨混凝土造,1140401,124.66,3,2,2,有,有,11000000,88240,一樓平面,0.0,0,,RPQNMLNLOHLGFBK78DA,85.29,0.0,8.45,有,
竹南鎮,房地(土地+建物),苗栗縣竹南鎮竹興里４鄰勤興街１１巷１之３號,26.15,住,,,1150419,土地2建物1車位0,四層,四層,公寓(5樓含以下無電梯),住家用,鋼筋混凝土造,0721213,77.94,3,2,1,有,無,3700000,47472,,0.0,0,,RPRNMLRLMHLGFDK66DA,65.26,0.0,8.2,無,121
三義鄉,房地(土地+建物),苗栗縣三義鄉勝興村歐香新城５號,122.33,,山坡地保育區,丙種建築用地,1150402,土地1建物1車位0,全,三層,透天厝,住家用,鋼筋混凝土造,0830112,196.36,4,1,3,有,無,6600000,33612,,0.0,0,,RPPNMLNLOHLGFEK98DA,182.68,13.68,0.0,無,
頭份市,房地(土地+建物)+車位,苗栗縣頭份市蟠桃里１７鄰中興路２４２號四樓,127.86,工,,,1150428,土地1建物1車位2,四層,五層,華廈(10層含以下有電梯),其他,鋼筋混凝土造,1140110,477.83000000000004,0,0,0,無,有,39580000,90929,坡道平面,68.94,2400000,,RPWNMLRKOHLGFFK47DA,226.0,0.0,44.18,有,
卓蘭鎮,土地,山下段762地號,145.76,住,,,1150424,土地3建物0車位0,,,其他,,,,0.0,0,0,0,無,無,1600000,10977,,0.0,0,親友、員工、共有人或其他特殊關係間之交易；,RPPNMLPLNHLGFAK68DA,0.0,0.0,0.0,無,
卓蘭鎮,房地(土地+建物),苗栗縣卓蘭鎮新厝里４鄰中正西路８８號,164.39,農,,,1150410,土地1建物1車位0,全,二層,透天厝,住商用,加強磚造,0661103,145.32,8,2,3,有,無,9500000,65373,,0.0,0,其他增建；,RPPNMLPLOHLGFAK78DA,145.32,0.0,0.0,無,
苗栗市,房地(土地+建物)+車位,苗栗縣苗栗市恭敬里１１鄰中正路１１７０巷２０號三樓之一,56.79,住,,,1150426,土地1建物1車位1,三層,五層,華廈(10層含以下有電梯),住家用,鋼筋混凝土造,1061020,175.5,3,2,2,有,有,11800000,67236,一樓平面,0.0,0,,RPUNMLMLOHLGFBK09DA,112.35,0.0,14.98,有,
頭份市,土地,東庄段1700地號,172.14,住,,,1150404,土地2建物0車位0,,,其他,,,,0.0,0,0,0,無,無,4165600,24199,,0.0,0,土地法34條之1,RPUNMLMKNHLGFFK66DA,0.0,0.0,0.0,無,
頭份市,房地(土地+建物)+車位,苗栗縣頭份市後庄里２３鄰公園一街７３號四樓,14.37,商,,,1150426,土地1建物1車位1,四層,二十三層,住宅大樓(11層含以上有電梯),住家用,鋼筋混凝土造,1140122,171.26,3,2,2,有,有,15500000,90506,坡道平面,29.42,0,總價含竹南鎮藝文段土地移轉面積1.07平方公尺.,RPPNMLMKOHLGFFK88DA,86.76,0.0,7.32,有,
卓蘭鎮,土地,大坪林段262-26地號,31.0,,山坡地保育區,農牧用地,1150329,土地1建物0車位0,,,其他,,,,0.0,0,0,0,無,無,50000,1613,,0.0,0,,RPPNMLSJOHLGFAK88DA,0.0,0.0,0.0,無,
頭屋鄉,土地,仁隆段383-9地號,15.0,,山坡地保育區,交通用地,1150318,土地1建物0車位0,,,其他,,,,0.0,0,0,0,無,無,72000,4800,,0.0,0,協議價購；,RPSNMLKLNHLGFBK58DA,0.0,0.0,0.0,無,122
頭屋鄉,土地,仁隆段383-13地號,4.0,,山坡地保育區,交通用地,1150318,土地1建物0車位0,,,其他,,,,0.0,0,0,0,無,無,17200,4300,,0.0,0,協議價購；,SPSNMLKLNHLGFBK68DA,0.0,0.0,0.0,無,123
頭屋鄉,土地,仁隆段383-20地號,5.17,,山坡地保育區,交通用地,1150318,土地1建物0車位0,,,其他,,,,0.0,0,0,0,無,無,24800,4797,,0.0,0,協議價購；,TPSNMLKLNHLGFBK78DA,0.0,0.0,0.0,無,124
頭屋鄉,土地,仁隆段414-2地號,0.08,,山坡地保育區,交通用地,1150318,土地1建物0車位0,,,其他,,,,0.0,0,0,0,無,無,392,0,,0.0,0,協議價購；,RPUNMLKLNHLGFBK78DA,0.0,0.0,0.0,無,125
頭屋鄉,土地,仁隆段414-6地號,0.27,,山坡地保育區,交通用地,1150318,土地1建物0車位0,,,其他,,,,0.0,0,0,0,無,無,1300,0,,0.0,0,協議價購；,SPUNMLKLNHLGFBK88DA,0.0,0.0,0.0,無,126
頭屋鄉,土地,仁隆段798-11地號,0.62,,山坡地保育區,交通用地,1150318,土地1建物0車位0,,,其他,,,,0.0,0,0,0,無,無,3028,0,,0.0,0,協議價購；,TPUNMLKLNHLGFBK98DA,0.0,0.0,0.0,無,127
頭屋鄉,土地,仁隆段885-23地號,1.47,,山坡地保育區,交通用地,1150318,土地1建物0車位0,,,其他,,,,0.0,0,0,0,無,無,7033,4784,,0.0,0,協議價購；,UPUNMLKLNHLGFBK09DA,0.0,0.0,0.0,無,128
頭屋鄉,土地,仁隆段414-6地號,0.43,,山坡地保育區,交通用地,1150318,土地1建物0車位0,,,其他,,,,0.0,0,0,0,無,無,2080,0,,0.0,0,協議價購；,RPVNMLKLNHLGFBK88DA,0.0,0.0,0.0,無,126
頭屋鄉,土地,仁隆段414-2地號,0.13,,山坡地保育區,交通用地,1150318,土地1建物0車位0,,,其他,,,,0.0,0,0,0,無,無,627,0,,0.0,0,協議價購；,SPVNMLKLNHLGFBK98DA,0.0,0.0,0.0,無,125
頭屋鄉,土地,仁隆段798-11地號,0.99,,山坡地保育區,交通用地,1150318,土地1建物0車位0,,,其他,,,,0.0,0,0,0,無,無,4846,0,,0.0,0,協議價購；,TPVNMLKLNHLGFBK09DA,0.0,0.0,0.0,無,127
頭屋鄉,土地,仁隆段885-23地號,2.34,,山坡地保育區,交通用地,1150318,土地1建物0車位0,,,其他,,,,0.0,0,0,0,無,無,11253,4809,,0.0,0,協議價購；,UPVNMLKLNHLGFBK56DA,0.0,0.0,0.0,無,128
頭屋鄉,土地,仁隆段414-2地號,0.5,,山坡地保育區,交通用地,1150318,土地1建物0車位0,,,其他,,,,0.0,0,0,0,無,無,2350,0,,0.0,0,協議價購；,RPOOMLKLNHLGFBK28DA,0.0,0.0,0.0,無,125
頭屋鄉,土地,仁隆段414-6地號,1.62,,山坡地保育區,交通用地,1150318,土地1建物0車位0,,,其他,,,,0.0,0,0,0,無,無,7800,4815,,0.0,0,協議價購；,SPOOMLKLNHLGFBK38DA,0.0,0.0,0.0,無,126
頭屋鄉,土地,仁隆段798-11地號,3.71,,山坡地保育區,交通用地,1150318,土地1建物0車位0,,,其他,,,,0.0,0,0,0,無,無,18171,4898,,0.0,0,協議價購；,TPOOMLKLNHLGFBK48DA,0.0,0.0,0.0,無,127
頭屋鄉,土地,仁隆段885-23地號,8.79,,山坡地保育區,交通用地,1150318,土地1建物0車位0,,,其他,,,,0.0,0,0,0,無,無,42200,4801,,0.0,0,協議價購；,UPOOMLKLNHLGFBK58DA,0.0,0.0,0.0,無,128
頭屋鄉,土地,仁隆段885-23地號,0.98,,山坡地保育區,交通用地,1150318,土地1建物0車位0,,,其他,,,,0.0,0,0,0,無,無,4689,0,,0.0,0,協議價購；,RPPOMLKLNHLGFBK38DA,0.0,0.0,0.0,無,128
頭屋鄉,土地,仁隆段414-2地號,0.13,,山坡地保育區,交通用地,1150318,土地1建物0車位0,,,其他,,,,0.0,0,0,0,無,無,627,0,,0.0,0,協議價購；,RPSOMLKLNHLGFBK68DA,0.0,0.0,0.0,無,125
頭屋鄉,土地,仁隆段414-6地號,0.43,,山坡地保育區,交通用地,1150318,土地1建物0車位0,,,其他,,,,0.0,0,0,0,無,無,2080,0,,0.0,0,協議價購；,SPSOMLKLNHLGFBK78DA,0.0,0.0,0.0,無,126
頭屋鄉,土地,仁隆段798-11地號,0.99,,山坡地保育區,交通用地,1150318,土地1建物0車位0,,,其他,,,,0.0,0,0,0,無,無,4846,0,,0.0,0,協議價購；,TPSOMLKLNHLGFBK88DA,0.0,0.0,0.0,無,127
頭屋鄉,土地,仁隆段885-23地號,2.34,,山坡地保育區,交通用地,1150318,土地1建物0車位0,,,其他,,,,0.0,0,0,0,無,無,11253,4809,,0.0,0,協議價購；,UPSOMLKLNHLGFBK98DA,0.0,0.0,0.0,無,128
頭屋鄉,土地,茄苳段510地號,39.83,都市：其他:道路用地,,,1150318,土地1建物0車位0,,,其他,,,,0.0,0,0,0,無,無,211099,5300,,0.0,0,協議價購；,RPPNMLLLNHLGFBK38DA,0.0,0.0,0.0,無,142
頭屋鄉,土地,茄苳段605-1地號,13.98,都市：其他:道路用地,,,1150306,土地1建物0車位0,,,其他,,,,0.0,0,0,0,無,無,74112,5301,,0.0,0,協議價購；,RPQNMLNLNHLGFBK68DA,0.0,0.0,0.0,無,143
頭屋鄉,土地,茄苳段605-2地號,0.64,都市：其他:道路用地,,,1150306,土地1建物0車位0,,,其他,,,,0.0,0,0,0,無,無,3417,0,,0.0,0,協議價購；,SPQNMLNLNHLGFBK78DA,0.0,0.0,0.0,無,144
頭屋鄉,土地,茄苳段606-1地號,1.34,都市：其他:道路用地,,,1150306,土地1建物0車位0,,,其他,,,,0.0,0,0,0,無,無,7077,5281,,0.0,0,協議價購；,TPQNMLNLNHLGFBK88DA,0.0,0.0,0.0,無,145
頭屋鄉,土地,茄苳段607-1地號,0.8,都市：其他:道路用地,,,1150306,土地1建物0車位0,,,其他,,,,0.0,0,0,0,無,無,4258,0,,0.0,0,協議價購；,UPQNMLNLNHLGFBK98DA,0.0,0.0,0.0,無,146
頭屋鄉,土地,茄苳段608地號,0.14,都市：其他:道路用地,,,1150306,土地1建物0車位0,,,其他,,,,0.0,0,0,0,無,無,753,0,,0.0,0,協議價購；,VPQNMLNLNHLGFBK09DA,0.0,0.0,0.0,無,147
頭屋鄉,土地,茄苳段609地號,1.83,都市：其他:道路用地,,,1150306,土地1建物0車位0,,,其他,,,,0.0,0,0,0,無,無,9678,5289,,0.0,0,協議價購；,WPQNMLNLNHLGFBK56DA,0.0,0.0,0.0,無,148
頭屋鄉,土地,茄苳段610地號,13.07,都市：其他:道路用地,,,1150306,土地1建物0車位0,,,其他,,,,0.0,0,0,0,無,無,69267,5300,,0.0,0,協議價購；,XPQNMLNLNHLGFBK66DA,0.0,0.0,0.0,無,149
頭屋鄉,土地,茄苳段611-1地號,50.38,都市：其他:道路用地,,,1150306,土地1建物0車位0,,,其他,,,,0.0,0,0,0,無,無,266993,5300,,0.0,0,協議價購；,YPQNMLNLNHLGFBK76DA,0.0,0.0,0.0,無,150
頭屋鄉,土地,茄苳段616-1地號,0.35,都市：其他:道路用地,,,1150306,土地1建物0車位0,,,其他,,,,0.0,0,0,0,無,無,1855,0,,0.0,0,協議價購；,ZPQNMLNLNHLGFBK86DA,0.0,0.0,0.0,無,151
頭屋鄉,土地,茄苳段616-2地號,0.01,都市：其他:道路用地,,,1150306,土地1建物0車位0,,,其他,,,,0.0,0,0,0,無,無,78,0,,0.0,0,協議價購；,QQQNMLNLNHLGFBK68DA,0.0,0.0,0.0,無,152
頭屋鄉,土地,茄苳段617-1地號,44.88,都市：其他:道路用地,,,1150306,土地1建物0車位0,,,其他,,,,0.0,0,0,0,無,無,237885,5300,,0.0,0,協議價購；,RQQNMLNLNHLGFBK78DA,0.0,0.0,0.0,無,153
頭屋鄉,土地,茄苳段618-1地號,31.38,都市：其他:道路用地,,,1150306,土地1建物0車位0,,,其他,,,,0.0,0,0,0,無,無,166318,5300,,0.0,0,協議價購；,SQQNMLNLNHLGFBK88DA,0.0,0.0,0.0,無,154
頭屋鄉,土地,茄苳段619-1地號,3.17,都市：其他:道路用地,,,1150306,土地1建物0車位0,,,其他,,,,0.0,0,0,0,無,無,16783,5294,,0.0,0,協議價購；,TQQNMLNLNHLGFBK98DA,0.0,0.0,0.0,無,155
頭屋鄉,土地,茄苳段620-1地號,0.47,都市：其他:道路用地,,,1150306,土地1建物0車位0,,,其他,,,,0.0,0,0,0,無,無,2495,0,,0.0,0,協議價購；,UQQNMLNLNHLGFBK09DA,0.0,0.0,0.0,無,156
頭屋鄉,土地,茄苳段622-1地號,1.0,都市：其他:道路用地,,,1150306,土地1建物0車位0,,,其他,,,,0.0,0,0,0,無,無,5289,0,,0.0,0,協議價購；,VQQNMLNLNHLGFBK56DA,0.0,0.0,0.0,無,157
頭屋鄉,土地,茄苳段637-1地號,0.71,都市：其他:道路用地,,,1150306,土地1建物0車位0,,,其他,,,,0.0,0,0,0,無,無,3784,0,,0.0,0,協議價購；,WQQNMLNLNHLGFBK66DA,0.0,0.0,0.0,無,158
頭屋鄉,土地,茄苳段605-1地號,41.95,都市：其他:道路用地,,,1150306,土地1建物0車位0,,,其他,,,,0.0,0,0,0,無,無,222335,5300,,0.0,0,協議價購；,RPTNMLNLNHLGFBK98DA,0.0,0.0,0.0,無,143
頭屋鄉,土地,茄苳段605-2地號,1.93,都市：其他:道路用地,,,1150306,土地1建物0車位0,,,其他,,,,0.0,0,0,0,無,無,10250,5311,,0.0,0,協議價購；,SPTNMLNLNHLGFBK09DA,0.0,0.0,0.0,無,144
頭屋鄉,土地,茄苳段606-1地號,4.01,都市：其他:道路用地,,,1150306,土地1建物0車位0,,,其他,,,,0.0,0,0,0,無,無,21232,5295,,0.0,0,協議價購；,TPTNMLNLNHLGFBK56DA,0.0,0.0,0.0,無,145
頭屋鄉,土地,茄苳段607-1地號,2.41,都市：其他:道路用地,,,1150306,土地1建物0車位0,,,其他,,,,0.0,0,0,0,無,無,12773,5300,,0.0,0,協議價購；,UPTNMLNLNHLGFBK66DA,0.0,0.0,0.0,無,146
頭屋鄉,土地,茄苳段608地號,0.43,都市：其他:道路用地,,,1150306,土地1建物0車位0,,,其他,,,,0.0,0,0,0,無,無,2258,0,,0.0,0,協議價購；,VPTNMLNLNHLGFBK76DA,0.0,0.0,0.0,無,147
頭屋鄉,土地,茄苳段609地號,5.48,都市：其他:道路用地,,,1150306,土地1建物0車位0,,,其他,,,,0.0,0,0,0,無,無,29033,5298,,0.0,0,協議價購；,WPTNMLNLNHLGFBK86DA,0.0,0.0,0.0,無,148
頭屋鄉,土地,茄苳段610地號,39.21,都市：其他:道路用地,,,1150306,土地1建物0車位0,,,其他,,,,0.0,0,0,0,無,無,207802,5300,,0.0,0,協議價購；,XPTNMLNLNHLGFBK96DA,0.0,0.0,0.0,無,149
頭屋鄉,土地,茄苳段611-1地號,151.13,都市：其他:道路用地,,,1150306,土地1建物0車位0,,,其他,,,,0.0,0,0,0,無,無,800978,5300,,0.0,0,協議價購；,YPTNMLNLNHLGFBK07DA,0.0,0.0,0.0,無,150
頭屋鄉,土地,茄苳段616-1地號,1.05,都市：其他:道路用地,,,1150306,土地1建物0車位0,,,其他,,,,0.0,0,0,0,無,無,5565,5300,,0.0,0,協議價購；,ZPTNMLNLNHLGFBK17DA,0.0,0.0,0.0,無,151
頭屋鄉,土地,茄苳段616-2地號,0.04,都市：其他:道路用地,,,1150306,土地1建物0車位0,,,其他,,,,0.0,0,0,0,無,無,233,0,,0.0,0,協議價購；,QQTNMLNLNHLGFBK98DA,0.0,0.0,0.0,無,152
頭屋鄉,土地,茄苳段617-1地號,134.65,都市：其他:道路用地,,,1150306,土地1建物0車位0,,,其他,,,,0.0,0,0,0,無,無,713656,5300,,0.0,0,協議價購；,RQTNMLNLNHLGFBK09DA,0.0,0.0,0.0,無,153
頭屋鄉,土地,茄苳段618-1地號,94.14,都市：其他:道路用地,,,1150306,土地1建物0車位0,,,其他,,,,0.0,0,0,0,無,無,498953,5300,,0.0,0,協議價購；,SQTNMLNLNHLGFBK56DA,0.0,0.0,0.0,無,154
頭屋鄉,土地,茄苳段619-1地號,9.5,都市：其他:道路用地,,,1150306,土地1建物0車位0,,,其他,,,,0.0,0,0,0,無,無,50350,5300,,0.0,0,協議價購；,TQTNMLNLNHLGFBK66DA,0.0,0.0,0.0,無,155
頭屋鄉,土地,茄苳段620-1地號,1.41,都市：其他:道路用地,,,1150306,土地1建物0車位0,,,其他,,,,0.0,0,0,0,無,無,7484,5308,,0.0,0,協議價購；,UQTNMLNLNHLGFBK76DA,0.0,0.0,0.0,無,156
頭屋鄉,土地,茄苳段622-1地號,2.99,都市：其他:道路用地,,,1150306,土地1建物0車位0,,,其他,,,,0.0,0,0,0,無,無,15868,5307,,0.0,0,協議價購；,VQTNMLNLNHLGFBK86DA,0.0,0.0,0.0,無,157
頭屋鄉,土地,茄苳段637-1地號,2.14,都市：其他:道路用地,,,1150306,土地1建物0車位0,,,其他,,,,0.0,0,0,0,無,無,11353,5305,,0.0,0,協議價購；,WQTNMLNLNHLGFBK96DA,0.0,0.0,0.0,無,158
頭屋鄉,土地,茄苳段605-1地號,13.98,都市：其他:道路用地,,,1150306,土地1建物0車位0,,,其他,,,,0.0,0,0,0,無,無,74112,5301,,0.0,0,協議價購；,RPVNMLNLNHLGFBK56DA,0.0,0.0,0.0,無,143
頭屋鄉,土地,茄苳段605-2地號,0.64,都市：其他:道路用地,,,1150306,土地1建物0車位0,,,其他,,,,0.0,0,0,0,無,無,3417,0,,0.0,0,協議價購；,SPVNMLNLNHLGFBK66DA,0.0,0.0,0.0,無,144
頭屋鄉,土地,茄苳段606-1地號,1.34,都市：其他:道路用地,,,1150306,土地1建物0車位0,,,其他,,,,0.0,0,0,0,無,無,7077,5281,,0.0,0,協議價購；,TPVNMLNLNHLGFBK76DA,0.0,0.0,0.0,無,145
頭屋鄉,土地,茄苳段607-1地號,0.8,都市：其他:道路用地,,,1150306,土地1建物0車位0,,,其他,,,,0.0,0,0,0,無,無,4258,0,,0.0,0,協議價購；,UPVNMLNLNHLGFBK86DA,0.0,0.0,0.0,無,146
頭屋鄉,土地,茄苳段608地號,0.14,都市：其他:道路用地,,,1150306,土地1建物0車位0,,,其他,,,,0.0,0,0,0,無,無,753,0,,0.0,0,協議價購；,VPVNMLNLNHLGFBK96DA,0.0,0.0,0.0,無,147
頭屋鄉,土地,茄苳段609地號,1.83,都市：其他:道路用地,,,1150306,土地1建物0車位0,,,其他,,,,0.0,0,0,0,無,無,9678,5289,,0.0,0,協議價購；,WPVNMLNLNHLGFBK07DA,0.0,0.0,0.0,無,148
頭屋鄉,土地,茄苳段610地號,13.07,都市：其他:道路用地,,,1150306,土地1建物0車位0,,,其他,,,,0.0,0,0,0,無,無,69267,5300,,0.0,0,協議價購；,XPVNMLNLNHLGFBK17DA,0.0,0.0,0.0,無,149
頭屋鄉,土地,茄苳段611-1地號,50.38,都市：其他:道路用地,,,1150306,土地1建物0車位0,,,其他,,,,0.0,0,0,0,無,無,266993,5300,,0.0,0,協議價購；,YPVNMLNLNHLGFBK27DA,0.0,0.0,0.0,無,150
頭屋鄉,土地,茄苳段616-1地號,0.35,都市：其他:道路用地,,,1150306,土地1建物0車位0,,,其他,,,,0.0,0,0,0,無,無,1855,0,,0.0,0,協議價購；,ZPVNMLNLNHLGFBK37DA,0.0,0.0,0.0,無,151
頭屋鄉,土地,茄苳段616-2地號,0.01,都市：其他:道路用地,,,1150306,土地1建物0車位0,,,其他,,,,0.0,0,0,0,無,無,78,0,,0.0,0,協議價購；,QQVNMLNLNHLGFBK56DA,0.0,0.0,0.0,無,152
頭屋鄉,土地,茄苳段617-1地號,44.88,都市：其他:道路用地,,,1150306,土地1建物0車位0,,,其他,,,,0.0,0,0,0,無,無,237885,5300,,0.0,0,協議價購；,RQVNMLNLNHLGFBK66DA,0.0,0.0,0.0,無,153
頭屋鄉,土地,茄苳段618-1地號,31.38,都市：其他:道路用地,,,1150306,土地1建物0車位0,,,其他,,,,0.0,0,0,0,無,無,166318,5300,,0.0,0,協議價購；,SQVNMLNLNHLGFBK76DA,0.0,0.0,0.0,無,154
頭屋鄉,土地,茄苳段619-1地號,3.17,都市：其他:道路用地,,,1150306,土地1建物0車位0,,,其他,,,,0.0,0,0,0,無,無,16783,5294,,0.0,0,協議價購；,TQVNMLNLNHLGFBK86DA,0.0,0.0,0.0,無,155
頭屋鄉,土地,茄苳段620-1地號,0.47,都市：其他:道路用地,,,1150306,土地1建物0車位0,,,其他,,,,0.0,0,0,0,無,無,2495,0,,0.0,0,協議價購；,UQVNMLNLNHLGFBK96DA,0.0,0.0,0.0,無,156
頭屋鄉,土地,茄苳段622-1地號,1.0,都市：其他:道路用地,,,1150306,土地1建物0車位0,,,其他,,,,0.0,0,0,0,無,無,5289,0,,0.0,0,協議價購；,VQVNMLNLNHLGFBK07DA,0.0,0.0,0.0,無,157
頭屋鄉,土地,茄苳段637-1地號,0.71,都市：其他:道路用地,,,1150306,土地1建物0車位0,,,其他,,,,0.0,0,0,0,無,無,3784,0,,0.0,0,協議價購；,WQVNMLNLNHLGFBK17DA,0.0,0.0,0.0,無,158
頭屋鄉,土地,茄苳段605-1地號,41.95,都市：其他:道路用地,,,1150306,土地1建物0車位0,,,其他,,,,0.0,0,0,0,無,無,222335,5300,,0.0,0,協議價購；,RPWNMLNLNHLGFBK66DA,0.0,0.0,0.0,無,143
頭屋鄉,土地,茄苳段605-2地號,1.93,都市：其他:道路用地,,,1150306,土地1建物0車位0,,,其他,,,,0.0,0,0,0,無,無,10250,5311,,0.0,0,協議價購；,SPWNMLNLNHLGFBK76DA,0.0,0.0,0.0,無,144
頭屋鄉,土地,茄苳段606-1地號,4.01,都市：其他:道路用地,,,1150306,土地1建物0車位0,,,其他,,,,0.0,0,0,0,無,無,21232,5295,,0.0,0,協議價購；,TPWNMLNLNHLGFBK86DA,0.0,0.0,0.0,無,145
頭屋鄉,土地,茄苳段607-1地號,2.41,都市：其他:道路用地,,,1150306,土地1建物0車位0,,,其他,,,,0.0,0,0,0,無,無,12773,5300,,0.0,0,協議價購；,UPWNMLNLNHLGFBK96DA,0.0,0.0,0.0,無,146
頭屋鄉,土地,茄苳段608地號,0.43,都市：其他:道路用地,,,1150306,土地1建物0車位0,,,其他,,,,0.0,0,0,0,無,無,2258,0,,0.0,0,協議價購；,VPWNMLNLNHLGFBK07DA,0.0,0.0,0.0,無,147
頭屋鄉,土地,茄苳段609地號,5.48,都市：其他:道路用地,,,1150306,土地1建物0車位0,,,其他,,,,0.0,0,0,0,無,無,29033,5298,,0.0,0,協議價購；,WPWNMLNLNHLGFBK17DA,0.0,0.0,0.0,無,148
頭屋鄉,土地,茄苳段610地號,19.6,都市：其他:道路用地,,,1150306,土地1建物0車位0,,,其他,,,,0.0,0,0,0,無,無,103901,5301,,0.0,0,協議價購；,XPWNMLNLNHLGFBK27DA,0.0,0.0,0.0,無,149
頭屋鄉,土地,茄苳段611-1地號,151.13,都市：其他:道路用地,,,1150306,土地1建物0車位0,,,其他,,,,0.0,0,0,0,無,無,800978,5300,,0.0,0,協議價購；,YPWNMLNLNHLGFBK37DA,0.0,0.0,0.0,無,150
頭屋鄉,土地,茄苳段616-1地號,1.05,都市：其他:道路用地,,,1150306,土地1建物0車位0,,,其他,,,,0.0,0,0,0,無,無,5565,5300,,0.0,0,協議價購；,ZPWNMLNLNHLGFBK47DA,0.0,0.0,0.0,無,151
頭屋鄉,土地,茄苳段616-2地號,0.04,都市：其他:道路用地,,,1150306,土地1建物0車位0,,,其他,,,,0.0,0,0,0,無,無,233,0,,0.0,0,協議價購；,QQWNMLNLNHLGFBK66DA,0.0,0.0,0.0,無,152
頭屋鄉,土地,茄苳段617-1地號,134.65,都市：其他:道路用地,,,1150306,土地1建物0車位0,,,其他,,,,0.0,0,0,0,無,無,713656,5300,,0.0,0,協議價購；,RQWNMLNLNHLGFBK76DA,0.0,0.0,0.0,無,153
頭屋鄉,土地,茄苳段618-1地號,94.14,都市：其他:道路用地,,,1150306,土地1建物0車位0,,,其他,,,,0.0,0,0,0,無,無,498953,5300,,0.0,0,協議價購；,SQWNMLNLNHLGFBK86DA,0.0,0.0,0.0,無,154
頭屋鄉,土地,茄苳段619-1地號,9.5,都市：其他:道路用地,,,1150306,土地1建物0車位0,,,其他,,,,0.0,0,0,0,無,無,50350,5300,,0.0,0,協議價購；,TQWNMLNLNHLGFBK96DA,0.0,0.0,0.0,無,155
頭屋鄉,土地,茄苳段620-1地號,1.41,都市：其他:道路用地,,,1150306,土地1建物0車位0,,,其他,,,,0.0,0,0,0,無,無,7484,5308,,0.0,0,協議價購；,UQWNMLNLNHLGFBK07DA,0.0,0.0,0.0,無,156
頭屋鄉,土地,茄苳段622-1地號,2.99,都市：其他:道路用地,,,1150306,土地1建物0車位0,,,其他,,,,0.0,0,0,0,無,無,15868,5307,,0.0,0,協議價購；,VQWNMLNLNHLGFBK17DA,0.0,0.0,0.0,無,157
頭屋鄉,土地,茄苳段637-1地號,2.14,都市：其他:道路用地,,,1150306,土地1建物0車位0,,,其他,,,,0.0,0,0,0,無,無,11353,5305,,0.0,0,協議價購；,WQWNMLNLNHLGFBK27DA,0.0,0.0,0.0,無,158
頭屋鄉,土地,仁隆段885-23地號,0.98,,山坡地保育區,交通用地,1150318,土地1建物0車位0,,,其他,,,,0.0,0,0,0,無,無,4689,0,,0.0,0,協議價購；,RPPOMLPLNHLGFBK88DA,0.0,0.0,0.0,無,128
頭屋鄉,土地,茄苳段610地號,9.8,都市：其他:道路用地,,,1150306,土地1建物0車位0,,,其他,,,,0.0,0,0,0,無,無,51951,5301,,0.0,0,協議價購；,RPWOMLPLNHLGFBK96DA,0.0,0.0,0.0,無,149
頭屋鄉,土地,茄苳段610地號,9.8,都市：其他:道路用地,,,1150306,土地1建物0車位0,,,其他,,,,0.0,0,0,0,無,無,51951,5301,,0.0,0,協議價購；,RPXOMLPLNHLGFBK07DA,0.0,0.0,0.0,無,149
頭屋鄉,土地,茄苳段554-1地號,1.39,都市：其他:道路用地,,,1150306,土地1建物0車位0,,,其他,,,,0.0,0,0,0,無,無,7341,5281,,0.0,0,協議價購；,RPRPMLPLNHLGFBK56DA,0.0,0.0,0.0,無,210
頭屋鄉,土地,茄苳段555地號,113.95,都市：其他:道路用地,,,1150306,土地1建物0車位0,,,其他,,,,0.0,0,0,0,無,無,603935,5300,,0.0,0,協議價購；,SPRPMLPLNHLGFBK66DA,0.0,0.0,0.0,無,211
頭屋鄉,土地,茄苳段556地號,29.5,都市：其他:道路用地,,,1150306,土地1建物0車位0,,,其他,,,,0.0,0,0,0,無,無,156324,5299,,0.0,0,協議價購；,TPRPMLPLNHLGFBK76DA,0.0,0.0,0.0,無,212
頭屋鄉,土地,茄苳段559地號,294.81,都市：其他:道路用地,,,1150306,土地1建物0車位0,,,其他,,,,0.0,0,0,0,無,無,1562467,5300,,0.0,0,協議價購；,UPRPMLPLNHLGFBK86DA,0.0,0.0,0.0,無,213
頭屋鄉,土地,茄苳段560地號,43.83,都市：其他:道路用地,,,1150306,土地1建物0車位0,,,其他,,,,0.0,0,0,0,無,無,232299,5300,,0.0,0,協議價購；,VPRPMLPLNHLGFBK96DA,0.0,0.0,0.0,無,214
頭屋鄉,土地,茄苳段599-1地號,633.51,都市：其他:道路用地,,,1150306,土地1建物0車位0,,,其他,,,,0.0,0,0,0,無,無,3357603,5300,,0.0,0,協議價購；,WPRPMLPLNHLGFBK07DA,0.0,0.0,0.0,無,215
頭屋鄉,土地,茄苳段599-2地號,44.38,都市：其他:道路用地,,,1150306,土地1建物0車位0,,,其他,,,,0.0,0,0,0,無,無,235214,5300,,0.0,0,協議價購；,XPRPMLPLNHLGFBK17DA,0.0,0.0,0.0,無,216
頭屋鄉,土地,茄苳段600-1地號,64.6,都市：其他:道路用地,,,1150306,土地1建物0車位0,,,其他,,,,0.0,0,0,0,無,無,342380,5300,,0.0,0,協議價購；,YPRPMLPLNHLGFBK27DA,0.0,0.0,0.0,無,217
頭屋鄉,土地,茄苳段601地號,82.52,都市：其他:道路用地,,,1150306,土地1建物0車位0,,,其他,,,,0.0,0,0,0,無,無,437330,5300,,0.0,0,協議價購；,ZPRPMLPLNHLGFBK37DA,0.0,0.0,0.0,無,218
頭屋鄉,土地,茄苳段602-1地號,93.25,都市：其他:道路用地,,,1150306,土地1建物0車位0,,,其他,,,,0.0,0,0,0,無,無,494252,5300,,0.0,0,協議價購；,QQRPMLPLNHLGFBK56DA,0.0,0.0,0.0,無,219
頭屋鄉,土地,茄苳段1294-1地號,10.61,都市：其他:道路用地,,,1150306,土地1建物0車位0,,,其他,,,,0.0,0,0,0,無,無,56207,5298,,0.0,0,協議價購；,RQRPMLPLNHLGFBK66DA,0.0,0.0,0.0,無,220
頭屋鄉,土地,茄苳段462-2地號,105.21,都市：其他:道路用地,,,1150306,土地1建物0車位0,,,其他,,,,0.0,0,0,0,無,無,557604,5300,,0.0,0,協議價購；,RPTPMLPLNHLGFBK76DA,0.0,0.0,0.0,無,221
頭屋鄉,土地,茄苳段463-2地號,15.73,都市：其他:道路用地,,,1150306,土地1建物0車位0,,,其他,,,,0.0,0,0,0,無,無,83369,5300,,0.0,0,協議價購；,SPTPMLPLNHLGFBK86DA,0.0,0.0,0.0,無,222
頭屋鄉,土地,茄苳段511-2地號,4.57,都市：其他:道路用地,,,1150306,土地1建物0車位0,,,其他,,,,0.0,0,0,0,無,無,24239,5304,,0.0,0,協議價購；,TPTPMLPLNHLGFBK96DA,0.0,0.0,0.0,無,223
頭屋鄉,土地,茄苳段462-2地號,315.62,都市：其他:道路用地,,,1150306,土地1建物0車位0,,,其他,,,,0.0,0,0,0,無,無,1672813,5300,,0.0,0,協議價購；,RPQQMLPLNHLGFBK56DA,0.0,0.0,0.0,無,221
頭屋鄉,土地,茄苳段463-2地號,47.19,都市：其他:道路用地,,,1150306,土地1建物0車位0,,,其他,,,,0.0,0,0,0,無,無,250107,5300,,0.0,0,協議價購；,SPQQMLPLNHLGFBK66DA,0.0,0.0,0.0,無,222
頭屋鄉,土地,茄苳段511-2地號,13.72,都市：其他:道路用地,,,1150306,土地1建物0車位0,,,其他,,,,0.0,0,0,0,無,無,72716,5300,,0.0,0,協議價購；,TPQQMLPLNHLGFBK76DA,0.0,0.0,0.0,無,223
頭屋鄉,土地,仁隆段414-2地號,0.08,,山坡地保育區,交通用地,1150318,土地1建物0車位0,,,其他,,,,0.0,0,0,0,無,無,392,0,,0.0,0,協議價購；,RPQNMLKLNHLGFBK38DA,0.0,0.0,0.0,無,125
頭屋鄉,土地,仁隆段414-6地號,0.27,,山坡地保育區,交通用地,1150318,土地1建物0車位0,,,其他,,,,0.0,0,0,0,無,無,1300,0,,0.0,0,協議價購；,SPQNMLKLNHLGFBK48DA,0.0,0.0,0.0,無,126
頭屋鄉,土地,仁隆段798-11地號,0.62,,山坡地保育區,交通用地,1150318,土地1建物0車位0,,,其他,,,,0.0,0,0,0,無,無,3028,0,,0.0,0,協議價購；,TPQNMLKLNHLGFBK58DA,0.0,0.0,0.0,無,127
頭屋鄉,土地,仁隆段885-23地號,1.47,,山坡地保育區,交通用地,1150318,土地1建物0車位0,,,其他,,,,0.0,0,0,0,無,無,7033,4784,,0.0,0,協議價購；,UPQNMLKLNHLGFBK68DA,0.0,0.0,0.0,無,128
頭屋鄉,土地,茄苳段702地號,22.13,都市：其他:道路用地,,,1150318,土地1建物0車位0,,,其他,,,,0.0,0,0,0,無,無,117289,5300,,0.0,0,協議價購；,RPRNMLKLNHLGFBK48DA,0.0,0.0,0.0,無,016
頭屋鄉,土地,茄苳段704地號,1.45,都市：其他:道路用地,,,1150318,土地1建物0車位0,,,其他,,,,0.0,0,0,0,無,無,44356,30590,,0.0,0,協議價購；,SPRNMLKLNHLGFBK58DA,0.0,0.0,0.0,無,018
頭屋鄉,土地,茄苳段705-2地號,1.61,都市：其他:道路用地,,,1150318,土地1建物0車位0,,,其他,,,,0.0,0,0,0,無,無,49149,30527,,0.0,0,協議價購；,TPRNMLKLNHLGFBK68DA,0.0,0.0,0.0,無,019
頭屋鄉,土地,茄苳段1169-2地號,14.57,都市：其他:道路用地,,,1150318,土地1建物0車位0,,,其他,,,,0.0,0,0,0,無,無,444356,30498,,0.0,0,協議價購；,UPRNMLKLNHLGFBK78DA,0.0,0.0,0.0,無,005
頭屋鄉,土地,仁隆段414-6地號,0.43,,山坡地保育區,交通用地,1150318,土地1建物0車位0,,,其他,,,,0.0,0,0,0,無,無,2080,0,,0.0,0,協議價購；,RPQOMLKLNHLGFBK48DA,0.0,0.0,0.0,無,126
頭屋鄉,土地,仁隆段414-2地號,0.13,,山坡地保育區,交通用地,1150318,土地1建物0車位0,,,其他,,,,0.0,0,0,0,無,無,627,0,,0.0,0,協議價購；,SPQOMLKLNHLGFBK58DA,0.0,0.0,0.0,無,125
頭屋鄉,土地,仁隆段798-11地號,0.99,,山坡地保育區,交通用地,1150318,土地1建物0車位0,,,其他,,,,0.0,0,0,0,無,無,4846,0,,0.0,0,協議價購；,TPQOMLKLNHLGFBK68DA,0.0,0.0,0.0,無,127
頭屋鄉,土地,仁隆段885-23地號,2.34,,山坡地保育區,交通用地,1150318,土地1建物0車位0,,,其他,,,,0.0,0,0,0,無,無,11253,4809,,0.0,0,協議價購；,UPQOMLKLNHLGFBK78DA,0.0,0.0,0.0,無,128
頭屋鄉,土地,仁隆段383-20地號,1.72,,山坡地保育區,交通用地,1150318,土地1建物0車位0,,,其他,,,,0.0,0,0,0,無,無,8267,4806,,0.0,0,協議價購；,RPROMLKLNHLGFBK58DA,0.0,0.0,0.0,無,124
頭屋鄉,土地,仁隆段414-6地號,0.11,,山坡地保育區,交通用地,1150318,土地1建物0車位0,,,其他,,,,0.0,0,0,0,無,無,520,0,,0.0,0,協議價購；,RPVOMLKLNHLGFBK98DA,0.0,0.0,0.0,無,126
頭屋鄉,土地,仁隆段414-2地號,0.03,,山坡地保育區,交通用地,1150318,土地1建物0車位0,,,其他,,,,0.0,0,0,0,無,無,157,0,,0.0,0,協議價購；,SPVOMLKLNHLGFBK09DA,0.0,0.0,0.0,無,125
頭屋鄉,土地,仁隆段798-11地號,0.25,,山坡地保育區,交通用地,1150318,土地1建物0車位0,,,其他,,,,0.0,0,0,0,無,無,1211,0,,0.0,0,協議價購；,TPVOMLKLNHLGFBK56DA,0.0,0.0,0.0,無,127
頭屋鄉,土地,仁隆段885-23地號,0.59,,山坡地保育區,交通用地,1150318,土地1建物0車位0,,,其他,,,,0.0,0,0,0,無,無,2813,0,,0.0,0,協議價購；,UPVOMLKLNHLGFBK66DA,0.0,0.0,0.0,無,128
頭屋鄉,土地,仁隆段383-20地號,2.58,,山坡地保育區,交通用地,1150318,土地1建物0車位0,,,其他,,,,0.0,0,0,0,無,無,12400,4806,,0.0,0,協議價購；,RPWOMLKLNHLGFBK09DA,0.0,0.0,0.0,無,124
頭屋鄉,土地,茄苳段605-1地號,41.95,都市：其他:道路用地,,,1150306,土地1建物0車位0,,,其他,,,,0.0,0,0,0,無,無,222335,5300,,0.0,0,協議價購；,RPRNMLNLNHLGFBK78DA,0.0,0.0,0.0,無,143
頭屋鄉,土地,茄苳段605-2地號,1.93,都市：其他:道路用地,,,1150306,土地1建物0車位0,,,其他,,,,0.0,0,0,0,無,無,10250,5311,,0.0,0,協議價購；,SPRNMLNLNHLGFBK88DA,0.0,0.0,0.0,無,144
頭屋鄉,土地,茄苳段606-1地號,4.01,都市：其他:道路用地,,,1150306,土地1建物0車位0,,,其他,,,,0.0,0,0,0,無,無,21232,5295,,0.0,0,協議價購；,TPRNMLNLNHLGFBK98DA,0.0,0.0,0.0,無,145
頭屋鄉,土地,茄苳段607-1地號,2.41,都市：其他:道路用地,,,1150306,土地1建物0車位0,,,其他,,,,0.0,0,0,0,無,無,12773,5300,,0.0,0,協議價購；,UPRNMLNLNHLGFBK09DA,0.0,0.0,0.0,無,146
頭屋鄉,土地,茄苳段608地號,0.43,都市：其他:道路用地,,,1150306,土地1建物0車位0,,,其他,,,,0.0,0,0,0,無,無,2258,0,,0.0,0,協議價購；,VPRNMLNLNHLGFBK56DA,0.0,0.0,0.0,無,147
頭屋鄉,土地,茄苳段609地號,5.48,都市：其他:道路用地,,,1150306,土地1建物0車位0,,,其他,,,,0.0,0,0,0,無,無,29033,5298,,0.0,0,協議價購；,WPRNMLNLNHLGFBK66DA,0.0,0.0,0.0,無,148
頭屋鄉,土地,茄苳段610地號,39.21,都市：其他:道路用地,,,1150306,土地1建物0車位0,,,其他,,,,0.0,0,0,0,無,無,207802,5300,,0.0,0,協議價購；,XPRNMLNLNHLGFBK76DA,0.0,0.0,0.0,無,149
頭屋鄉,土地,茄苳段611-1地號,151.13,都市：其他:道路用地,,,1150306,土地1建物0車位0,,,其他,,,,0.0,0,0,0,無,無,800978,5300,,0.0,0,協議價購；,YPRNMLNLNHLGFBK86DA,0.0,0.0,0.0,無,150
頭屋鄉,土地,茄苳段616-1地號,1.05,都市：其他:道路用地,,,1150306,土地1建物0車位0,,,其他,,,,0.0,0,0,0,無,無,5565,5300,,0.0,0,協議價購；,ZPRNMLNLNHLGFBK96DA,0.0,0.0,0.0,無,151
頭屋鄉,土地,茄苳段616-2地號,0.04,都市：其他:道路用地,,,1150306,土地1建物0車位0,,,其他,,,,0.0,0,0,0,無,無,233,0,,0.0,0,協議價購；,QQRNMLNLNHLGFBK78DA,0.0,0.0,0.0,無,152
頭屋鄉,土地,茄苳段617-1地號,134.65,都市：其他:道路用地,,,1150306,土地1建物0車位0,,,其他,,,,0.0,0,0,0,無,無,713656,5300,,0.0,0,協議價購；,RQRNMLNLNHLGFBK88DA,0.0,0.0,0.0,無,153
頭屋鄉,土地,茄苳段618-1地號,94.14,都市：其他:道路用地,,,1150306,土地1建物0車位0,,,其他,,,,0.0,0,0,0,無,無,498953,5300,,0.0,0,協議價購；,SQRNMLNLNHLGFBK98DA,0.0,0.0,0.0,無,154
頭屋鄉,土地,茄苳段619-1地號,9.5,都市：其他:道路用地,,,1150306,土地1建物0車位0,,,其他,,,,0.0,0,0,0,無,無,50350,5300,,0.0,0,協議價購；,TQRNMLNLNHLGFBK09DA,0.0,0.0,0.0,無,155
頭屋鄉,土地,茄苳段620-1地號,1.41,都市：其他:道路用地,,,1150306,土地1建物0車位0,,,其他,,,,0.0,0,0,0,無,無,7484,5308,,0.0,0,協議價購；,UQRNMLNLNHLGFBK56DA,0.0,0.0,0.0,無,156
頭屋鄉,土地,茄苳段622-1地號,2.99,都市：其他:道路用地,,,1150306,土地1建物0車位0,,,其他,,,,0.0,0,0,0,無,無,15868,5307,,0.0,0,協議價購；,VQRNMLNLNHLGFBK66DA,0.0,0.0,0.0,無,157
頭屋鄉,土地,茄苳段637-1地號,2.14,都市：其他:道路用地,,,1150306,土地1建物0車位0,,,其他,,,,0.0,0,0,0,無,無,11353,5305,,0.0,0,協議價購；,WQRNMLNLNHLGFBK76DA,0.0,0.0,0.0,無,158
頭屋鄉,土地,茄苳段605-1地號,13.98,都市：其他:道路用地,,,1150306,土地1建物0車位0,,,其他,,,,0.0,0,0,0,無,無,74112,5301,,0.0,0,協議價購；,RPUNMLNLNHLGFBK09DA,0.0,0.0,0.0,無,143
頭屋鄉,土地,茄苳段605-2地號,0.64,都市：其他:道路用地,,,1150306,土地1建物0車位0,,,其他,,,,0.0,0,0,0,無,無,3417,0,,0.0,0,協議價購；,SPUNMLNLNHLGFBK56DA,0.0,0.0,0.0,無,144
頭屋鄉,土地,茄苳段606-1地號,1.34,都市：其他:道路用地,,,1150306,土地1建物0車位0,,,其他,,,,0.0,0,0,0,無,無,7077,5281,,0.0,0,協議價購；,TPUNMLNLNHLGFBK66DA,0.0,0.0,0.0,無,145
頭屋鄉,土地,茄苳段607-1地號,0.8,都市：其他:道路用地,,,1150306,土地1建物0車位0,,,其他,,,,0.0,0,0,0,無,無,4258,0,,0.0,0,協議價購；,UPUNMLNLNHLGFBK76DA,0.0,0.0,0.0,無,146
頭屋鄉,土地,茄苳段608地號,0.14,都市：其他:道路用地,,,1150306,土地1建物0車位0,,,其他,,,,0.0,0,0,0,無,無,753,0,,0.0,0,協議價購；,VPUNMLNLNHLGFBK86DA,0.0,0.0,0.0,無,147
頭屋鄉,土地,茄苳段609地號,1.83,都市：其他:道路用地,,,1150306,土地1建物0車位0,,,其他,,,,0.0,0,0,0,無,無,9678,5289,,0.0,0,協議價購；,WPUNMLNLNHLGFBK96DA,0.0,0.0,0.0,無,148
頭屋鄉,土地,茄苳段610地號,13.07,都市：其他:道路用地,,,1150306,土地1建物0車位0,,,其他,,,,0.0,0,0,0,無,無,69267,5300,,0.0,0,協議價購；,XPUNMLNLNHLGFBK07DA,0.0,0.0,0.0,無,149
頭屋鄉,土地,茄苳段611-1地號,50.38,都市：其他:道路用地,,,1150306,土地1建物0車位0,,,其他,,,,0.0,0,0,0,無,無,266993,5300,,0.0,0,協議價購；,YPUNMLNLNHLGFBK17DA,0.0,0.0,0.0,無,150
頭屋鄉,土地,茄苳段616-1地號,0.35,都市：其他:道路用地,,,1150306,土地1建物0車位0,,,其他,,,,0.0,0,0,0,無,無,1855,0,,0.0,0,協議價購；,ZPUNMLNLNHLGFBK27DA,0.0,0.0,0.0,無,151
頭屋鄉,土地,茄苳段616-2地號,0.01,都市：其他:道路用地,,,1150306,土地1建物0車位0,,,其他,,,,0.0,0,0,0,無,無,78,0,,0.0,0,協議價購；,QQUNMLNLNHLGFBK09DA,0.0,0.0,0.0,無,152
頭屋鄉,土地,茄苳段617-1地號,44.88,都市：其他:道路用地,,,1150306,土地1建物0車位0,,,其他,,,,0.0,0,0,0,無,無,237885,5300,,0.0,0,協議價購；,RQUNMLNLNHLGFBK56DA,0.0,0.0,0.0,無,153
頭屋鄉,土地,茄苳段618-1地號,31.38,都市：其他:道路用地,,,1150306,土地1建物0車位0,,,其他,,,,0.0,0,0,0,無,無,166318,5300,,0.0,0,協議價購；,SQUNMLNLNHLGFBK66DA,0.0,0.0,0.0,無,154
頭屋鄉,土地,茄苳段619-1地號,3.17,都市：其他:道路用地,,,1150306,土地1建物0車位0,,,其他,,,,0.0,0,0,0,無,無,16783,5294,,0.0,0,協議價購；,TQUNMLNLNHLGFBK76DA,0.0,0.0,0.0,無,155
頭屋鄉,土地,茄苳段620-1地號,0.47,都市：其他:道路用地,,,1150306,土地1建物0車位0,,,其他,,,,0.0,0,0,0,無,無,2495,0,,0.0,0,協議價購；,UQUNMLNLNHLGFBK86DA,0.0,0.0,0.0,無,156
頭屋鄉,土地,茄苳段622-1地號,1.0,都市：其他:道路用地,,,1150306,土地1建物0車位0,,,其他,,,,0.0,0,0,0,無,無,5289,0,,0.0,0,協議價購；,VQUNMLNLNHLGFBK96DA,0.0,0.0,0.0,無,157
頭屋鄉,土地,茄苳段637-1地號,0.71,都市：其他:道路用地,,,1150306,土地1建物0車位0,,,其他,,,,0.0,0,0,0,無,無,3784,0,,0.0,0,協議價購；,WQUNMLNLNHLGFBK07DA,0.0,0.0,0.0,無,158
頭屋鄉,土地,仁隆段414-2地號,0.27,,山坡地保育區,交通用地,1150318,土地1建物0車位0,,,其他,,,,0.0,0,0,0,無,無,1253,0,,0.0,0,協議價購；,RPOOMLPLNHLGFBK78DA,0.0,0.0,0.0,無,125
頭屋鄉,土地,仁隆段383-20地號,1.72,,山坡地保育區,交通用地,1150318,土地1建物0車位0,,,其他,,,,0.0,0,0,0,無,無,8267,4806,,0.0,0,協議價購；,RPQOMLPLNHLGFBK98DA,0.0,0.0,0.0,無,124
頭屋鄉,土地,仁隆段383-20地號,2.58,,山坡地保育區,交通用地,1150318,土地1建物0車位0,,,其他,,,,0.0,0,0,0,無,無,12400,4806,,0.0,0,協議價購；,RPSOMLPLNHLGFBK56DA,0.0,0.0,0.0,無,124
頭屋鄉,土地,茄苳段1155-1地號,2.89,都市：其他:道路用地,,,1150306,土地1建物0車位0,,,其他,,,,0.0,0,0,0,無,無,88145,30500,,0.0,0,協議價購；,RPUOMLPLNHLGFBK76DA,0.0,0.0,0.0,無,
頭屋鄉,土地,茄苳段1215地號,77.56,都市：其他:道路用地,,,1150306,土地1建物0車位0,,,其他,,,,0.0,0,0,0,無,無,2350068,30300,,0.0,0,協議價購；,RPVOMLPLNHLGFBK86DA,0.0,0.0,0.0,無,
頭屋鄉,土地,仁隆段794-22地號,304.0,都市：其他:河川區兼供道路使用,,,1150306,土地1建物0車位0,,,其他,,,,0.0,0,0,0,無,無,1580800,5200,,0.0,0,協議價購；,RPSPMLPLNHLGFBK66DA,0.0,0.0,0.0,無,
頭屋鄉,土地,仁隆段794-38地號,205.0,都市：其他:河川區兼供道路使用,,,1150306,土地1建物0車位0,,,其他,,,,0.0,0,0,0,無,無,1066000,5200,,0.0,0,協議價購；,SPSPMLPLNHLGFBK76DA,0.0,0.0,0.0,無,
頭屋鄉,土地,茄苳段646-1地號,32.74,都市：其他:道路用地,,,1150306,土地1建物0車位0,,,其他,,,,0.0,0,0,0,無,無,173549,5301,,0.0,0,協議價購；,RPUPMLPLNHLGFBK86DA,0.0,0.0,0.0,無,280
頭屋鄉,土地,茄苳段647地號,84.48,都市：其他:道路用地,,,1150306,土地1建物0車位0,,,其他,,,,0.0,0,0,0,無,無,447771,5300,,0.0,0,協議價購；,SPUPMLPLNHLGFBK96DA,0.0,0.0,0.0,無,281
頭屋鄉,土地,茄苳段648-1地號,0.45,都市：其他:道路用地,,,1150306,土地1建物0車位0,,,其他,,,,0.0,0,0,0,無,無,2359,0,,0.0,0,協議價購；,TPUPMLPLNHLGFBK07DA,0.0,0.0,0.0,無,282
頭屋鄉,土地,茄苳段462-2地號,105.21,都市：其他:道路用地,,,1150306,土地1建物0車位0,,,其他,,,,0.0,0,0,0,無,無,557604,5300,,0.0,0,協議價購；,RPVPMLPLNHLGFBK96DA,0.0,0.0,0.0,無,221
頭屋鄉,土地,茄苳段463-2地號,15.73,都市：其他:道路用地,,,1150306,土地1建物0車位0,,,其他,,,,0.0,0,0,0,無,無,83369,5300,,0.0,0,協議價購；,SPVPMLPLNHLGFBK07DA,0.0,0.0,0.0,無,222
頭屋鄉,土地,茄苳段511-2地號,4.57,都市：其他:道路用地,,,1150306,土地1建物0車位0,,,其他,,,,0.0,0,0,0,無,無,24239,5304,,0.0,0,協議價購；,TPVPMLPLNHLGFBK17DA,0.0,0.0,0.0,無,223
頭屋鄉,土地,茄苳段646-1地號,32.74,都市：其他:道路用地,,,1150306,土地1建物0車位0,,,其他,,,,0.0,0,0,0,無,無,173549,5301,,0.0,0,協議價購；,RPXPMLPLNHLGFBK17DA,0.0,0.0,0.0,無,280
頭屋鄉,土地,茄苳段647地號,84.48,都市：其他:道路用地,,,1150306,土地1建物0車位0,,,其他,,,,0.0,0,0,0,無,無,447771,5300,,0.0,0,協議價購；,SPXPMLPLNHLGFBK27DA,0.0,0.0,0.0,無,281
頭屋鄉,土地,茄苳段648-1地號,0.45,都市：其他:道路用地,,,1150306,土地1建物0車位0,,,其他,,,,0.0,0,0,0,無,無,2359,0,,0.0,0,協議價購；,TPXPMLPLNHLGFBK37DA,0.0,0.0,0.0,無,282
頭屋鄉,土地,茄苳段628-1地號,25.34,都市：其他:道路用地,,,1150306,土地1建物0車位0,,,其他,,,,0.0,0,0,0,無,無,134302,5300,,0.0,0,協議價購；,RPOQMLPLNHLGFBK98DA,0.0,0.0,0.0,無,289
頭屋鄉,土地,茄苳段632-1地號,445.64,都市：其他:道路用地,,,1150306,土地1建物0車位0,,,其他,,,,0.0,0,0,0,無,無,2361919,5300,,0.0,0,協議價購；,SPOQMLPLNHLGFBK09DA,0.0,0.0,0.0,無,290
頭屋鄉,土地,茄苳段633地號,56.34,都市：其他:道路用地,,,1150306,土地1建物0車位0,,,其他,,,,0.0,0,0,0,無,無,298576,5300,,0.0,0,協議價購；,TPOQMLPLNHLGFBK56DA,0.0,0.0,0.0,無,291
頭屋鄉,土地,茄苳段634地號,7.28,都市：其他:道路用地,,,1150306,土地1建物0車位0,,,其他,,,,0.0,0,0,0,無,無,38584,5300,,0.0,0,協議價購；,UPOQMLPLNHLGFBK66DA,0.0,0.0,0.0,無,292
頭屋鄉,土地,茄苳段635地號,86.8,都市：其他:道路用地,,,1150306,土地1建物0車位0,,,其他,,,,0.0,0,0,0,無,無,460014,5300,,0.0,0,協議價購；,VPOQMLPLNHLGFBK76DA,0.0,0.0,0.0,無,293
頭屋鄉,土地,茄苳段636-1地號,45.2,都市：其他:道路用地,,,1150306,土地1建物0車位0,,,其他,,,,0.0,0,0,0,無,無,239587,5301,,0.0,0,協議價購；,WPOQMLPLNHLGFBK86DA,0.0,0.0,0.0,無,294
頭屋鄉,土地,茄苳段643-1地號,17.27,都市：其他:道路用地,,,1150306,土地1建物0車位0,,,其他,,,,0.0,0,0,0,無,無,91505,5298,,0.0,0,協議價購；,XPOQMLPLNHLGFBK96DA,0.0,0.0,0.0,無,295
頭屋鄉,土地,茄苳段644-1地號,0.02,都市：其他:道路用地,,,1150306,土地1建物0車位0,,,其他,,,,0.0,0,0,0,無,無,106,0,,0.0,0,協議價購；,YPOQMLPLNHLGFBK07DA,0.0,0.0,0.0,無,296
頭屋鄉,土地,茄苳段645-1地號,48.59,都市：其他:道路用地,,,1150306,土地1建物0車位0,,,其他,,,,0.0,0,0,0,無,無,257501,5299,,0.0,0,協議價購；,ZPOQMLPLNHLGFBK17DA,0.0,0.0,0.0,無,297
頭屋鄉,土地,茄苳段462-2地號,105.21,都市：其他:道路用地,,,1150306,土地1建物0車位0,,,其他,,,,0.0,0,0,0,無,無,557604,5300,,0.0,0,協議價購；,RPPQMLPLNHLGFBK09DA,0.0,0.0,0.0,無,221
頭屋鄉,土地,茄苳段463-2地號,15.73,都市：其他:道路用地,,,1150306,土地1建物0車位0,,,其他,,,,0.0,0,0,0,無,無,83369,5300,,0.0,0,協議價購；,SPPQMLPLNHLGFBK56DA,0.0,0.0,0.0,無,222
頭屋鄉,土地,茄苳段511-2地號,4.57,都市：其他:道路用地,,,1150306,土地1建物0車位0,,,其他,,,,0.0,0,0,0,無,無,24239,5304,,0.0,0,協議價購；,TPPQMLPLNHLGFBK66DA,0.0,0.0,0.0,無,223
頭屋鄉,土地,茄苳段628-1地號,25.34,都市：其他:道路用地,,,1150306,土地1建物0車位0,,,其他,,,,0.0,0,0,0,無,無,134302,5300,,0.0,0,協議價購；,RPTQMLPLNHLGFBK86DA,0.0,0.0,0.0,無,289
頭屋鄉,土地,茄苳段632-1地號,445.64,都市：其他:道路用地,,,1150306,土地1建物0車位0,,,其他,,,,0.0,0,0,0,無,無,2361919,5300,,0.0,0,協議價購；,SPTQMLPLNHLGFBK96DA,0.0,0.0,0.0,無,290
頭屋鄉,土地,茄苳段633地號,56.34,都市：其他:道路用地,,,1150306,土地1建物0車位0,,,其他,,,,0.0,0,0,0,無,無,298576,5300,,0.0,0,協議價購；,TPTQMLPLNHLGFBK07DA,0.0,0.0,0.0,無,291
頭屋鄉,土地,茄苳段634地號,7.28,都市：其他:道路用地,,,1150306,土地1建物0車位0,,,其他,,,,0.0,0,0,0,無,無,38584,5300,,0.0,0,協議價購；,UPTQMLPLNHLGFBK17DA,0.0,0.0,0.0,無,292
頭屋鄉,土地,茄苳段635地號,86.8,都市：其他:道路用地,,,1150306,土地1建物0車位0,,,其他,,,,0.0,0,0,0,無,無,460014,5300,,0.0,0,協議價購；,VPTQMLPLNHLGFBK27DA,0.0,0.0,0.0,無,293
頭屋鄉,土地,茄苳段636-1地號,45.2,都市：其他:道路用地,,,1150306,土地1建物0車位0,,,其他,,,,0.0,0,0,0,無,無,239587,5301,,0.0,0,協議價購；,WPTQMLPLNHLGFBK37DA,0.0,0.0,0.0,無,294
頭屋鄉,土地,茄苳段643-1地號,17.27,都市：其他:道路用地,,,1150306,土地1建物0車位0,,,其他,,,,0.0,0,0,0,無,無,91505,5298,,0.0,0,協議價購；,XPTQMLPLNHLGFBK47DA,0.0,0.0,0.0,無,295
頭屋鄉,土地,茄苳段644-1地號,0.02,都市：其他:道路用地,,,1150306,土地1建物0車位0,,,其他,,,,0.0,0,0,0,無,無,106,0,,0.0,0,協議價購；,YPTQMLPLNHLGFBK57DA,0.0,0.0,0.0,無,296
頭屋鄉,土地,茄苳段645-1地號,48.59,都市：其他:道路用地,,,1150306,土地1建物0車位0,,,其他,,,,0.0,0,0,0,無,無,257501,5299,,0.0,0,協議價購；,ZPTQMLPLNHLGFBK67DA,0.0,0.0,0.0,無,297
頭屋鄉,土地,仁隆段379-1地號,86.0,,河川區,交通用地,1150306,土地1建物0車位0,,,其他,,,,0.0,0,0,0,無,無,412800,4800,,0.0,0,協議價購；,RPRNMLQLNHLGFBK09DA,0.0,0.0,0.0,無,
頭屋鄉,土地,仁隆段379-5地號,105.0,,山坡地保育區,農牧用地,1150306,土地1建物0車位0,,,其他,,,,0.0,0,0,0,無,無,546000,5200,,0.0,0,協議價購；,SPRNMLQLNHLGFBK56DA,0.0,0.0,0.0,無,
頭屋鄉,土地,仁隆段524-1地號,1.0,,山坡地保育區,農牧用地,1150306,土地1建物0車位0,,,其他,,,,0.0,0,0,0,無,無,5200,0,,0.0,0,協議價購；,TPRNMLQLNHLGFBK66DA,0.0,0.0,0.0,無,
頭屋鄉,土地,仁隆段794-18地號,103.0,,山坡地保育區,交通用地,1150306,土地1建物0車位0,,,其他,,,,0.0,0,0,0,無,無,494400,4800,,0.0,0,協議價購；,UPRNMLQLNHLGFBK76DA,0.0,0.0,0.0,無,
頭屋鄉,土地,仁隆段794-43地號,218.0,,山坡地保育區,農牧用地,1150306,土地1建物0車位0,,,其他,,,,0.0,0,0,0,無,無,1133600,5200,,0.0,0,協議價購；,VPRNMLQLNHLGFBK86DA,0.0,0.0,0.0,無,
頭屋鄉,土地,仁隆段794-37地號,68.0,都市：其他:河川區兼供道路使用,,,1150306,土地1建物0車位0,,,其他,,,,0.0,0,0,0,無,無,353600,5200,,0.0,0,協議價購；,WPRNMLQLNHLGFBK96DA,0.0,0.0,0.0,無,
頭屋鄉,土地,茄苳段646-1地號,32.74,都市：其他:道路用地,,,1150306,土地1建物0車位0,,,其他,,,,0.0,0,0,0,無,無,173549,5301,,0.0,0,協議價購；,RPPNMLLKOHLGFBK38DA,0.0,0.0,0.0,無,280
頭屋鄉,土地,茄苳段648-1地號,0.45,都市：其他:道路用地,,,1150306,土地1建物0車位0,,,其他,,,,0.0,0,0,0,無,無,2359,0,,0.0,0,協議價購；,SPPNMLLKOHLGFBK48DA,0.0,0.0,0.0,無,282
頭屋鄉,土地,茄苳段646-1地號,32.74,都市：其他:道路用地,,,1150306,土地1建物0車位0,,,其他,,,,0.0,0,0,0,無,無,173549,5301,,0.0,0,協議價購；,RPQNMLLKOHLGFBK48DA,0.0,0.0,0.0,無,280
頭屋鄉,土地,茄苳段648-1地號,0.45,都市：其他:道路用地,,,1150306,土地1建物0車位0,,,其他,,,,0.0,0,0,0,無,無,2359,0,,0.0,0,協議價購；,SPQNMLLKOHLGFBK58DA,0.0,0.0,0.0,無,282
公館鄉,房地(土地+建物),苗栗縣公館鄉玉泉村１鄰玉泉４８號,114.68,工,,,1150307,土地1建物1車位0,全,二層,透天厝,工業用,加強磚造,0791026,176.35,5,3,3,有,無,7800000,44230,,0.0,0,,RPTOMLPKNHLGFBK56DA,172.54,0.0,3.81,無,
通霄鎮,土地,通南段645地號,3211.08,,山坡地保育區,農牧用地,1150330,土地3建物0車位0,,,其他,,,,0.0,0,0,0,無,無,3972000,1237,,0.0,0,,RPQNMLMKOHLGFCK68DA,0.0,0.0,0.0,無,
頭份市,房地(土地+建物),苗栗縣頭份市自強里１３鄰中華路１０９１之６號,20.07,商,,,1150327,土地2建物1車位0,一層，二層,七層,公寓(5樓含以下無電梯),住商用,鋼筋混凝土造,0771219,102.28,2,1,1,有,無,5150000,50352,,0.0,0,,RPPNMLNJMHLGFFK68DA,90.22,0.0,5.65,無,
頭份市,房地(土地+建物)+車位,苗栗縣頭份市後庄里２３鄰公園一街７７號十六樓,10.39,商,,,1150321,土地1建物1車位1,十六層,二十三層,住宅大樓(11層含以上有電梯),住家用,鋼筋混凝土造,1140122,131.45,2,2,2,有,有,12500000,95093,坡道平面,29.42,0,跨所案件另有基地竹南鎮藝文段13地號,RPUNMLKMMHLGFFK56DA,64.27,0.0,3.4,有,314
竹南鎮,房地(土地+建物)+車位,苗栗縣竹南鎮中華里３鄰新生路２４５巷３９號三樓之三,44.66,住,,,1150328,土地1建物1車位1,三層,五層,華廈(10層含以下有電梯),住家用,鋼筋混凝土造,1141128,142.24,3,2,2,有,有,13200000,92801,一樓平面,0.0,0,買賣價格分算如下:土地價款:5544000元整建物價款:7656000元整,RPOOMLKKOHLGFDK48DA,87.85,0.0,13.78,有,
竹南鎮,房地(土地+建物),苗栗縣竹南鎮中美里１１鄰西門２６號,97.12,住,,,1150326,土地2建物1車位0,全,二層,透天厝,住家用,加強磚造,0720201,123.93,3,3,2,有,無,4500000,36311,,0.0,0,其他增建；,RPOOMLLJOHLGFDK48DA,123.93,0.0,0.0,無,315
竹南鎮,房地(土地+建物)+車位,苗栗縣竹南鎮中華里３鄰新生路２４５巷３９號四樓之三,44.66,住,,,1150312,土地1建物1車位1,四層,五層,華廈(10層含以下有電梯),住家用,鋼筋混凝土造,1141128,142.24,3,2,2,有,有,14000000,98425,一樓平面,0.0,0,買賣價格分算如下:土地價款:5880000元整建物價款:8120000元整,RPSNMLQKOHLGFDK76DA,87.85,0.0,13.78,有,
獅潭鄉,房地(土地+建物),苗栗縣獅潭鄉新店村１５鄰大東勢２０之５號,4068.0,,山坡地保育區,農牧用地,1150313,土地6建物1車位0,全,一層,透天厝,住家用,鋼鐵造有牆,1060824,102.0,5,1,4,有,無,13200000,129412,,0.0,0,獅潭段新店小段351建號，成交價為新台幣260萬元整。獅潭段新店小段158-326地號，成交價為新台幣69萬元整。獅潭段新店小段263-7地號，成交價為新台幣355萬元整。獅潭段大東勢小段111地號，成交價為新台幣19萬元整。獅潭段大東勢小段114地號，成交價為新台幣38萬元整。獅潭段大東勢小段115地號，成交價為新台幣560萬元整。獅潭段大東勢小段116地號，成交價為新台幣19萬元。未登記建物；,RPPNMLQKOHLGFAK78DA,102.0,0.0,0.0,無,
苗栗市,房地(土地+建物),苗栗縣苗栗市北苗里９鄰國華路５３９巷４５弄３８號,117.05,工,,,1150328,土地2建物1車位0,全,三層,透天厝,辦公用,鋼筋混凝土造,0961030,220.74,4,2,4,有,有,14500000,65688,,0.0,0,頂樓加蓋；其他增建；,RPRNMLNKMHLGFBK58DA,199.0,0.0,21.74,無,316
苗栗市,房地(土地+建物),苗栗縣苗栗市福星里５鄰國華路３０１號十樓之五,7.94,住,,,1150225,土地4建物1車位0,十層,十七層,住宅大樓(11層含以上有電梯),住家用,鋼筋混凝土造,0800929,81.87,1,1,1,有,有,2660000,32491,,0.0,0,,RPRNMLSJOHLGFBK56DA,40.12,0.0,8.15,有,
公館鄉,房地(土地+建物),苗栗縣公館鄉福德村４鄰福德３６之２１號,4069.0,,山坡地保育區,農牧用地,1150121,土地2建物1車位0,全,二層,透天厝,農業用,木造,0950118,124.1,3,1,3,有,無,9000000,72522,,0.0,0,,RPQNMLQJNHLGFBK78DA,124.1,0.0,0.0,無,
竹南鎮,房地(土地+建物)+車位,苗栗縣竹南鎮中華里３鄰新生路２４５巷３９號二樓之五,44.66,住,,,1150128,土地1建物1車位1,二層,五層,華廈(10層含以下有電梯),住家用,鋼筋混凝土造,1141128,142.24,3,2,2,有,有,12580000,88442,一樓平面,0.0,0,買賣價格分算如下:土地價款:5283600元整建物價款:7296400元整,RPUNMLKKOHLGFDK98DA,87.85,0.0,13.78,有,
竹南鎮,房地(土地+建物)+車位,苗栗縣竹南鎮新南里２３鄰維新路３１０號十樓之三,17.57,住,,,1150114,土地1建物1車位1,十層,十四層,住宅大樓(11層含以上有電梯),住家用,鋼筋混凝土造,1150504,122.16,2,2,2,有,有,12450000,124857,坡道平面,34.86,1550000,預售屋、或土地及建物分件登記案件；,RPPPMLKKOHLGFDK68DA,53.65,0.0,4.04,有,
竹南鎮,房地(土地+建物)+車位,苗栗縣竹南鎮新南里２３鄰維新路３１０號十三樓之三,17.57,住,,,1150130,土地1建物1車位1,十三層,十四層,住宅大樓(11層含以上有電梯),住家用,鋼筋混凝土造,1150504,122.16,2,2,2,有,有,12350000,123711,坡道平面,34.86,1550000,預售屋、或土地及建物分件登記案件；,RPPOMLPKOHLGFDK09DA,53.65,0.0,4.04,有,
竹南鎮,房地(土地+建物)+車位,苗栗縣竹南鎮中華里３鄰新生路２４５巷３９號五樓之五,44.66,住,,,1150106,土地1建物1車位1,五層,五層,華廈(10層含以下有電梯),住家用,鋼筋混凝土造,1141128,142.24,3,2,2,有,有,14580000,102503,一樓平面,0.0,0,買賣價格分算如下:土地價款:6123600元整建物價款:8456400元整,RPTOMLKKOHLGFDK98DA,87.85,0.0,13.78,有,
通霄鎮,土地,南和段563-4地號,11278.0,,山坡地保育區,農牧用地,1150116,土地2建物0車位0,,,其他,,,,0.0,0,0,0,無,無,5600000,497,,0.0,0,,RPQNMLQLNHLGFCK09DA,0.0,0.0,0.0,無,
竹南鎮,房地(土地+建物)+車位,苗栗縣竹南鎮中華里３鄰新生路２４５巷３９號三樓之一,44.66,住,,,1141211,土地1建物1車位1,三層,五層,華廈(10層含以下有電梯),住家用,鋼筋混凝土造,1141128,142.24,3,2,2,有,有,14180000,99691,一樓平面,0.0,0,買賣價格分算如下:土地價款:5955600元整建物價款:8224400元整,RPVNMLKKOHLGFDK09DA,87.85,0.0,13.78,有,
竹南鎮,房地(土地+建物)+車位,苗栗縣竹南鎮中華里３鄰新生路２４５巷３９號三樓之二,44.66,住,,,1141218,土地1建物1車位1,三層,五層,華廈(10層含以下有電梯),住家用,鋼筋混凝土造,1141128,142.23000000000002,3,2,2,有,有,13980000,98291,一樓平面,0.0,0,買賣價格分算如下:土地價款:5871600元整建物價款:8108400元整,RPUOMLKKOHLGFDK09DA,87.85,0.0,13.77,有,
竹南鎮,房地(土地+建物)+車位,苗栗縣竹南鎮新南里２３鄰維新路３１０號十四樓之二,17.57,住,,,1141227,土地1建物1車位1,十四層,十四層,住宅大樓(11層含以上有電梯),住家用,鋼筋混凝土造,1150504,120.99,2,2,2,有,有,12200000,122566,坡道平面,33.69,1500000,預售屋、或土地及建物分件登記案件；,RPOOMLPKOHLGFDK98DA,53.65,0.0,4.04,有,
竹南鎮,房地(土地+建物)+車位,苗栗縣竹南鎮中華里３鄰新生路２４５巷３９號五樓之二,44.66,住,,,1141217,土地1建物1車位1,五層,五層,華廈(10層含以下有電梯),住家用,鋼筋混凝土造,1141128,142.23000000000002,3,2,2,有,有,14480000,101807,一樓平面,0.0,0,買賣價格分算如下:土地價款:6081600元整建物價款:8398400元整,RPVOMLKKOHLGFDK56DA,87.85,0.0,13.77,有,
竹南鎮,房地(土地+建物)+車位,苗栗縣竹南鎮中華里３鄰新生路２４５巷３９號五樓之三,44.66,住,,,1141223,土地1建物1車位1,五層,五層,華廈(10層含以下有電梯),住家用,鋼筋混凝土造,1141128,142.24,3,2,2,有,有,14580000,102503,一樓平面,0.0,0,買賣價格分算如下:土地價款:6123600元整建物價款:8456400元整親友、員工、共有人或其他特殊關係間之交易；,RPWOMLKKOHLGFDK66DA,87.85,0.0,13.78,有,
三灣鄉,土地,中山段807地號,3482.22,農,,,1141224,土地5建物0車位0,,,其他,,,,0.0,0,0,0,無,無,8779636,2521,,0.0,0,,RPTNMLMLOHLGFFK76DA,0.0,0.0,0.0,無,
後龍鎮,土地,水尾子段2187地號,951.0,,特定農業區,農牧用地,1141110,土地3建物0車位0,,,其他,,,,0.0,0,0,0,無,無,1438388,1513,,0.0,0,買賣雙方未簽訂私契。親友、員工、共有人或其他特殊關係間之交易；,RPSNMLKKJIKGFDK28DA,0.0,0.0,0.0,無,317
竹南鎮,土地,慈裕段43地號,23.87,住,,,1141029,土地1建物0車位0,,,其他,,,,0.0,0,0,0,無,無,1029069,43111,,0.0,0,親友、員工、共有人或其他特殊關係間之交易；,RPPNMLKKOHLGFDK58EA,0.0,0.0,0.0,無,
竹南鎮,房地(土地+建物)+車位,苗栗縣竹南鎮新南里２３鄰維新路３１０號七樓之三,17.57,住,,,1140915,土地1建物1車位1,七層,十四層,住宅大樓(11層含以上有電梯),住家用,鋼筋混凝土造,1150504,122.16,2,2,2,有,有,12620000,125659,坡道平面,34.86,1650000,預售屋、或土地及建物分件登記案件；,RPOPMLKKOHLGFDK58DA,53.65,0.0,4.04,有,
竹南鎮,房地(土地+建物)+車位,苗栗縣竹南鎮光復路４８２號十四樓之一,24.34,住,,,1130726,土地1建物1車位1,十四層,十四層,住宅大樓(11層含以上有電梯),住家用,鋼筋混凝土造,1141229,147.16000000000003,3,2,2,有,有,17250000,130376,坡道平面,27.89,1700000,預售屋、或土地及建物分件登記案件；,RPPNMLSKOHLGFDK66DA,69.64,0.0,9.73,有,
竹南鎮,房地(土地+建物)+車位,苗栗縣竹南鎮光復路４８２號十一樓之七,24.34,住,,,1130517,土地1建物1車位1,十一層,十四層,住宅大樓(11層含以上有電梯),住家用,鋼筋混凝土造,1141229,147.16000000000003,3,2,2,有,有,12130000,87700,坡道平面,27.89,1670000,預售屋、或土地及建物分件登記案件；,RPRNMLMKNHLGFDK78DA,69.56,0.0,9.73,有,
竹南鎮,房地(土地+建物)+車位,苗栗縣竹南鎮光復路４８６號四樓之八,18.98,住,,,1130223,土地1建物1車位1,四層,十四層,住宅大樓(11層含以上有電梯),住家用,鋼筋混凝土造,1141229,122.25,2,2,1,有,有,10950000,100999,坡道平面,29.18,1550000,預售屋、或土地及建物分件登記案件；,RPPOMLKKOHLGFDK58DA,52.66,0.0,9.26,有,
竹南鎮,房地(土地+建物)+車位,苗栗縣竹南鎮光復路４８０號十一樓之三,17.15,住,,,1130226,土地1建物1車位1,十一層,十四層,住宅大樓(11層含以上有電梯),住家用,鋼筋混凝土造,1141229,112.06,2,2,2,有,有,10450000,103956,坡道平面,27.89,1700000,預售屋、或土地及建物分件登記案件；,RPROMLKKOHLGFDK78DA,51.04,0.0,4.89,有,
竹南鎮,房地(土地+建物)+車位,苗栗縣竹南鎮光復路４８０號九樓之六,19.14,住,,,1121223,土地1建物1車位1,九層,十四層,住宅大樓(11層含以上有電梯),住家用,鋼筋混凝土造,1141229,121.85,2,2,2,有,有,10530000,97169,坡道平面,27.89,1400000,預售屋、或土地及建物分件登記案件；,RPWNMLLKLHLGFDK98DA,57.6,0.0,4.88,有,
竹南鎮,房地(土地+建物)+車位,苗栗縣竹南鎮大埔里１鄰科學路１８０號八樓之二,12.51,都市：其他:科技商務專用區,,,1121006,土地1建物1車位1,八層,十四層,住宅大樓(11層含以上有電梯),辦公用,鋼筋混凝土造,1141128,118.26,2,1,1,有,無,10320000,100450,坡道平面,29.46,1400000,預售屋、或土地及建物分件登記案件；,RPVNMLNLOHLGFDK86DA,53.36,0.0,4.63,有,
