鄉鎮市區,交易標的,土地位置建物門牌,土地移轉總面積平方公尺,都市土地使用分區,非都市土地使用分區,非都市土地使用編定,交易年月日,交易筆棟數,移轉層次,總樓層數,建物型態,主要用途,主要建材,建築完成年月,建物移轉總面積平方公尺,建物現況格局-房,建物現況格局-廳,建物現況格局-衛,建物現況格局-隔間,有無管理組織,總價元,單價元平方公尺,車位類別,車位移轉總面積平方公尺,車位總價元,備註,編號,建案名稱,棟及號,解約情形
The villages and towns urban district,transaction sign,land sector position building sector house number plate,land shifting total area square meter,the use zoning or compiles and checks,the non-metropolis land use district,non-metropolis land use,transaction year month and day,transaction pen number,shifting level,total floor number,building state,main use,main building materials,construction to complete the years,building shifting total area,Building present situation pattern - room,building present situation pattern - hall,building present situation pattern - health,building present situation pattern - compartmented,Whether there is manages the organization,total price NTD,the unit price (NTD / square meter),the berth category,berth shifting total area square meter,the berth total price NTD,the note,serial number,build case,buildings,termination type
頭份市,房地(土地+建物)+車位,苗栗縣頭份市永忠街,14.96,商,,,1150211,土地1建物1車位1,四層,14,住宅大樓(11層含以上有電梯),住家用,鋼筋混凝土造,,140.05,2,2,1,有,無,15130000,120573,坡道平面,29.08,1750000,,RPQNMLNKKHLGFFK68CB,創麒城曦,4F-C號,
頭份市,房地(土地+建物)+車位,苗栗縣頭份市永忠街,14.45,商,,,1150212,土地1建物1車位1,六層,14,住宅大樓(11層含以上有電梯),住家用,鋼筋混凝土造,,136.2,2,2,1,有,無,15130000,124907,坡道平面,29.08,1750000,,RPRNMLNKKHLGFFK78CB,創麒城曦,6F-D號,
頭份市,房地(土地+建物)+車位,苗栗縣頭份市信六街與立德街102巷交叉口,20.21,住,,,1150211,土地1建物1車位1,十二層,14,住宅大樓(11層含以上有電梯),住家用,鋼筋混凝土造,,122.59,2,2,1,有,無,12500000,114717,坡道平面,29.23,1790000,,RPSNMLNKKHLGFFK88CB,誠佳?學,B棟B2-12F號,
公館鄉,房地(土地+建物)+車位,苗栗縣公館鄉近大同路館華巷,39.69,住,,,1150211,土地1建物1車位1,四層,5,華廈(10層含以下有電梯),住家用,鋼筋混凝土造,,108.71,3,2,2,有,無,8600000,79110,一樓平面,14.98,0,,RPPNMLNLKHLGFBK28CB,花田囍事,D棟4號,
通霄鎮,房地(土地+建物)+車位,苗栗縣通霄鎮海濱路81號對面,36.16,住,,,1150222,土地1建物1車位1,四層,5,華廈(10層含以下有電梯),住家用,鋼筋混凝土造,,113.35,3,2,2,有,無,8780000,77459,一樓平面,12.89,0,,RPPNMLOLKHLGFCK48CB,陽光雅庭,A4號,
頭份市,房地(土地+建物)+車位,苗栗縣頭份市大同路,37.87,住,,,1150213,土地1建物1車位1,四層,5,華廈(10層含以下有電梯),住家用,鋼筋混凝土造,,119.22,3,2,2,有,無,13280000,116668,一樓平面,18.25,1500000,,RPPNMLOLKHLGFFK78CB,榮九翡翠NO.13,E棟4F號,
苗栗市,房地(土地+建物)+車位,苗栗縣苗栗市自治路353號,33.13,住,,,1150213,土地1建物1車位1,五層,5,華廈(10層含以下有電梯),住家用,鋼筋混凝土造,,120.41,3,2,2,有,無,13280000,114873,一樓平面,15.25,1200000,,RPPNMLQLKHLGFBK58CB,凱旋6,A5號,
頭份市,房地(土地+建物)+車位,苗栗縣頭份市光華段1238地號,11.05,商,,,1150212,土地1建物1車位1,八層,19,住宅大樓(11層含以上有電梯),住家用,鋼筋混凝土造,,129.11,2,2,2,有,無,14460000,122527,坡道平面,24.97,1700000,,RPPNMLMJLHLGFFK48CB,富麗賀,A3棟8F號,
頭份市,房地(土地+建物)+車位,苗栗縣頭份市光華段1238地號,18.47,商,,,1150222,土地1建物1車位1,十層,19,住宅大樓(11層含以上有電梯),住家用,鋼筋混凝土造,,198.84,4,2,2,有,無,22620000,118882,坡道平面,24.97,1950000,,RPRNMLMJLHLGFFK68CB,富麗賀,B2棟10F號,
公館鄉,房地(土地+建物)+車位,苗栗縣公館鄉近大同路館華巷,22.85,住,,,1150223,土地1建物1車位1,二層,5,華廈(10層含以下有電梯),住家用,鋼筋混凝土造,,68.86,2,2,1,有,無,5300000,76968,一樓平面,14.98,0,,RPQNMLNJLHLGFBK28CB,花田囍事,B棟2號,
後龍鎮,房地(土地+建物)+車位,苗栗縣後龍鎮新港一路及高鐵六路交叉路口,29.53,住,,,1150222,土地1建物1車位1,四層,7,華廈(10層含以下有電梯),住家用,鋼筋混凝土造,,110.74,2,2,2,有,無,8830000,87732,坡道平面,26.62,1450000,,RPPNMLNJLHLGFDK38CB,綻高鐵,F棟F4-4F號,
後龍鎮,房地(土地+建物)+車位,苗栗縣後龍鎮新港一路及高鐵六路交叉路口,24.29,住,,,1150212,土地1建物1車位1,七層,7,華廈(10層含以下有電梯),住家用,鋼筋混凝土造,,88.87,2,1,1,有,無,6980000,86504,坡道機械,19.74,1000000,,RPQNMLNJLHLGFDK48CB,綻高鐵,F棟F2-7F號,
後龍鎮,房地(土地+建物)+車位,苗栗縣後龍鎮新港一路及高鐵六路交叉路口,45.88,住,,,1150211,土地1建物1車位1,二層,7,華廈(10層含以下有電梯),住家用,鋼筋混凝土造,,157.18,3,2,2,有,無,12270000,82108,坡道平面,26.62,1550000,,RPRNMLNJLHLGFDK58CB,綻高鐵,B棟B3-2F號,
銅鑼鄉,房地(土地+建物),苗栗縣銅鑼鄉新興路,25.92,住,,,1150223,土地2建物1車位0,五層,7,華廈(10層含以下有電梯),住家用,鋼筋混凝土造,,92.45,2,2,2,有,無,9980000,107950,,0.0,0,,RPQNMLNJLHLGFEK58CB,御鼎六期,A棟5號,
頭份市,房地(土地+建物)+車位,苗栗縣頭份市信六街與立德街102巷交叉口,27.13,住,,,1150225,土地1建物1車位1,六層,14,住宅大樓(11層含以上有電梯),住家用,鋼筋混凝土造,,154.44,3,2,2,有,無,15200000,107100,坡道平面,29.23,1790000,,RPPNMLNJLHLGFFK58CB,誠佳?學,A棟A5-6F號,
頭份市,房地(土地+建物)+車位,苗栗縣頭份市信六街與立德街102巷交叉口,27.13,住,,,1150223,土地1建物1車位2,五層,14,住宅大樓(11層含以上有電梯),住家用,鋼筋混凝土造,,184.9,3,2,2,有,無,16450000,106781,坡道平面,59.69,3080000,,RPQNMLNJLHLGFFK68CB,誠佳?學,A棟A5-5F號,
頭份市,房地(土地+建物)+車位,苗栗縣頭份市信六街與立德街102巷交叉口,27.13,住,,,1150225,土地1建物1車位2,四層,14,住宅大樓(11層含以上有電梯),住家用,鋼筋混凝土造,,183.67,3,2,2,有,無,16160000,104464,坡道平面,58.46,3080000,,RPRNMLNJLHLGFFK78CB,誠佳?學,A棟A5-4F號,
頭份市,房地(土地+建物)+車位,苗栗縣頭份市信六街與立德街102巷交叉口,20.24,住,,,1150225,土地1建物1車位1,六層,14,住宅大樓(11層含以上有電梯),住家用,鋼筋混凝土造,,122.62,2,2,1,有,無,12000000,110397,坡道平面,29.23,1690000,,RPSNMLNJLHLGFFK88CB,誠佳?學,B棟B3-6F號,
頭份市,房地(土地+建物)+車位,苗栗縣頭份市信六街與立德街102巷交叉口,27.13,住,,,1150225,土地1建物1車位1,七層,14,住宅大樓(11層含以上有電梯),住家用,鋼筋混凝土造,,154.44,3,2,2,有,無,15200000,108298,坡道平面,29.23,1640000,,RPTNMLNJLHLGFFK98CB,誠佳?學,A棟A5-7F號,
頭份市,房地(土地+建物)+車位,苗栗縣頭份市信六街與立德街102巷交叉口,27.13,住,,,1150223,土地1建物1車位2,九層,14,住宅大樓(11層含以上有電梯),住家用,鋼筋混凝土造,,183.67,3,2,2,有,無,16580000,109816,坡道平面,58.46,2830000,,RPUNMLNJLHLGFFK09CB,誠佳?學,A棟A5-9F號,
苑裡鎮,房地(土地+建物)+車位,苗栗縣苑裡鎮世界路一段,15.34,商,,,1150304,土地1建物1車位1,六層,11,住宅大樓(11層含以上有電梯),住家用,鋼筋混凝土造,,105.25,3,2,2,有,無,8500000,82940,一樓平面,10.0,600000,,RPPNMLOJLHLGFCK48DB,尊爵名門-苑中段,第一棟6A號,
後龍鎮,房地(土地+建物),苗栗縣後龍鎮?榔一街,85.99,住,,,1150211,土地2建物1車位0,全,5,透天厝,住家用,鋼筋混凝土造,,202.45,3,3,5,有,無,18000000,88911,,0.0,0,,RPPNMLSJLHLGFDK88CB,新站締寶No.2,A棟4號,
苑裡鎮,房地(土地+建物)+車位,苗栗縣苑裡鎮田心里田心93號旁,27.46,,特定農業區,甲種建築用地,1150227,土地3建物1車位1,七層,9,華廈(10層含以下有電梯),住家用,鋼筋混凝土造,,117.23,2,2,2,有,無,7800000,77741,坡道平面,29.76,1000000,,RPPNMLKKLHLGFCK08CB,丞家發現苑麗,C棟7號,
苑裡鎮,房地(土地+建物)+車位,苗栗縣苑裡鎮房裡里2鄰14號旁,20.23,住,,,1150305,土地6建物1車位1,三層,9,華廈(10層含以下有電梯),住家用,鋼筋混凝土造,,73.2,2,2,1,有,無,6000000,81431,坡道機械,7.5,650000,,RPQNMLKKLHLGFCK18CB,幸福灣麗Ⅲ,B3棟3F號,
頭份市,房地(土地+建物)+車位,苗栗縣頭份市文林路與建興街口,28.08,住,,,1150222,土地3建物1車位1,九層,13,住宅大樓(11層含以上有電梯),住家用,鋼筋混凝土造,,165.13,3,2,2,有,無,21610000,150199,坡道平面,34.57,2000000,,RPPNMLKKLHLGFFK38CB,惠宇新聚,A棟9號,
頭份市,房地(土地+建物)+車位,苗栗縣頭份市永忠街,17.33,商,,,1150301,土地1建物1車位1,五層,14,住宅大樓(11層含以上有電梯),住家用,鋼筋混凝土造,,157.64,3,2,2,有,無,17590000,122433,坡道平面,29.08,1850000,,RPQNMLKKLHLGFFK48CB,創麒城曦,5F-A號,
頭份市,房地(土地+建物)+車位,苗栗縣頭份市富強二街,19.26,住,,,1150302,土地1建物1車位1,六層,12,住宅大樓(11層含以上有電梯),住家用,鋼筋混凝土造,,120.47,2,2,2,有,無,12000000,118937,坡道平面,34.29,1750000,,RPRNMLKKLHLGFFK58CB,昌隆廣場-勝好,A6棟06F號,
後龍鎮,房地(土地+建物)+車位,苗栗縣後龍鎮校椅一路與頂椅二街口,48.07,住,,,1150212,土地1建物1車位1,五層,5,華廈(10層含以下有電梯),住家用,鋼筋混凝土造,,117.83,3,2,2,有,無,11050000,94639,一樓平面,13.75,1200000,,RPPNMLMKLHLGFDK38CB,玥。蔚來,A棟5F-A1號,
後龍鎮,房地(土地+建物)+車位,苗栗縣後龍鎮校椅一路與頂椅二街口,41.1,住,,,1150213,土地1建物1車位1,五層,5,華廈(10層含以下有電梯),住家用,鋼筋混凝土造,,102.74,2,2,2,有,無,9680000,95292,一樓平面,13.75,1200000,,RPQNMLMKLHLGFDK48CB,玥。蔚來,A棟5F-A3號,
苗栗市,房地(土地+建物)+車位,苗栗縣苗栗市文發路222號旁,46.52,住,,,1150308,土地1建物1車位1,四層,5,華廈(10層含以下有電梯),住家用,鋼筋混凝土造,,135.23,3,2,2,有,無,11000000,81343,一樓平面,16.01,0,,RPPNMLNKLHLGFBK28CB,尊爵7,1棟4B號,
竹南鎮,房地(土地+建物)+車位,苗栗縣竹南鎮公義路,68.19,,山坡地保育區,丙種建築用地,1150225,土地6建物1車位1,四層,7,華廈(10層含以下有電梯),住家用,鋼筋混凝土造,,148.32,3,2,2,有,無,16070000,122007,坡道平面,29.72,1600000,土地交易標的包含廣源段702.703.704.713等4筆土地且位於本案建築基地範圍外,RPPNMLNKLHLGFDK48CB,與山前,C1棟4F號,
竹南鎮,房地(土地+建物)+車位,苗栗縣竹南鎮公義路,68.19,,山坡地保育區,丙種建築用地,1150302,土地6建物1車位1,三層,7,華廈(10層含以下有電梯),住家用,鋼筋混凝土造,,148.32,3,2,2,有,無,16300000,123946,坡道平面,29.72,1600000,土地交易標的包含廣源段702.703.704.713等4筆土地且位於本案建築基地範圍外,RPQNMLNKLHLGFDK58CB,與山前,C1棟3F號,
竹南鎮,房地(土地+建物)+車位,苗栗縣竹南鎮公義路,60.19,,山坡地保育區,丙種建築用地,1150302,土地6建物1車位1,五層,7,華廈(10層含以下有電梯),住家用,鋼筋混凝土造,,134.51,3,2,2,有,無,14660000,124630,坡道平面,29.72,1600000,土地交易標的包含廣源段702.703.704.713等4筆土地且位於本案建築基地範圍外,RPRNMLNKLHLGFDK68CB,與山前,C2棟5F號,
公館鄉,房地(土地+建物)+車位,苗栗縣公館鄉玉泉村13鄰353號旁,38.97,住,,,1150308,土地2建物1車位1,六層,10,華廈(10層含以下有電梯),住家用,鋼筋混凝土造,,154.08,3,2,2,有,無,11380000,81618,坡道平面,28.74,1150000,,RPPNMLQKLHLGFBK68DB,公館綻,G棟1-6號,
竹南鎮,房地(土地+建物)+車位,苗栗縣竹南鎮中華路38號旁,21.41,住,,,1150313,土地1建物1車位1,九層,10,華廈(10層含以下有電梯),住家用,鋼筋混凝土造,,118.76,2,2,2,有,無,13510000,123523,坡道平面,23.15,1700000,,RPPNMLRKLHLGFDK88CB,明日寓所,B-09F號,
苑裡鎮,房地(土地+建物)+車位,苗栗縣苑裡鎮興華街,30.31,住,,,1150223,土地3建物1車位1,四層,11,住宅大樓(11層含以上有電梯),住家用,鋼筋混凝土造,,116.02,3,2,2,有,無,8580000,75794,坡道平面,20.63,1350000,,RPQNMLSKLHLGFCK98CB,艾麗,A-4F號,
苑裡鎮,房地(土地+建物)+車位,苗栗縣苑裡鎮興華街,30.22,住,,,1150223,土地3建物1車位2,七層,11,住宅大樓(11層含以上有電梯),住家用,鋼筋混凝土造,,142.73,3,2,2,有,無,11100000,89380,坡道平面,47.63,2600000,,RPRNMLSKLHLGFCK09CB,艾麗,B-7F號,
頭份市,房地(土地+建物)+車位,苗栗縣頭份市光華段1238地號,13.8,商,,,1150307,土地1建物1車位1,五層,19,住宅大樓(11層含以上有電梯),住家用,鋼筋混凝土造,,154.99,3,2,2,有,無,17080000,116751,坡道平面,24.97,1900000,,RPPNMLTKLHLGFFK66CB,富麗賀,B5棟5F號,
頭份市,房地(土地+建物)+車位,苗栗縣頭份市光華段1238地號,14.31,商,,,1150304,土地1建物1車位1,六層,19,住宅大樓(11層含以上有電梯),住家用,鋼筋混凝土造,,159.84,3,2,2,有,無,17580000,116260,坡道平面,24.97,1900000,,RPQNMLTKLHLGFFK76CB,富麗賀,B1棟6F號,
苑裡鎮,房地(土地+建物)+車位,苗栗縣苑裡鎮西勢里九鄰西勢65對面,26.74,住,,,1150312,土地1建物1車位1,五層,10,華廈(10層含以下有電梯),住家用,鋼筋混凝土造,,100.61,3,2,2,有,無,7000000,66674,坡道機械,6.87,750000,,RPPNMLKLLHLGFCK18CB,幸福灣麗Ⅱ,C1棟5F號,
後龍鎮,房地(土地+建物)+車位,苗栗縣後龍鎮埔頂里中心路37之11斜對面,46.53,,特定農業區,甲種建築用地,1150318,土地1建物1車位1,五層,5,華廈(10層含以下有電梯),住家用,鋼筋混凝土造,,134.54,4,2,2,有,無,10810000,80348,一樓平面,18.55,0,,RPQNMLKLLHLGFDK38CB,築誠6,5F-A號,
頭份市,房地(土地+建物)+車位,苗栗縣頭份市德義路155號旁,47.11,住,,,1150312,土地2建物1車位1,五層,5,華廈(10層含以下有電梯),住家用,鋼筋混凝土造,,132.78,3,2,2,有,無,15660000,117939,一樓平面,21.83,0,親友、員工、共有人或其他特殊關係間之交易；,RPPNMLKLLHLGFFK48CB,謙和5,G棟5F號,
竹南鎮,房地(土地+建物),苗栗縣竹南鎮科專一路與科專五路交叉路口,121.66,住,,,1150314,土地1建物1車位0,全,4,透天厝,住家用,鋼筋混凝土造,,256.47,3,4,4,有,無,24000000,93578,,0.0,0,,RPPNMLNLLHLGFDK58CB,藏富天下,A3棟0號,
竹南鎮,房地(土地+建物),苗栗縣竹南鎮科專一路與科專五路交叉路口,121.66,住,,,1150314,土地1建物1車位0,全,4,透天厝,住家用,鋼筋混凝土造,,256.47,3,4,4,有,無,24000000,93578,,0.0,0,,RPQNMLNLLHLGFDK68CB,藏富天下,A2棟0號,
後龍鎮,房地(土地+建物)+車位,苗栗縣後龍鎮新港一路及高鐵六路交叉路口,25.38,住,,,1150227,土地1建物1車位1,五層,7,華廈(10層含以下有電梯),住家用,鋼筋混凝土造,,92.04,2,1,1,有,無,7400000,88520,坡道機械,19.74,1000000,,RPRNMLNLLHLGFDK78CB,綻高鐵,C棟C2-5F號,
後龍鎮,房地(土地+建物)+車位,苗栗縣後龍鎮新港一路及高鐵六路交叉路口,32.93,住,,,1150302,土地1建物1車位1,七層,7,華廈(10層含以下有電梯),住家用,鋼筋混凝土造,,120.44,2,2,2,有,無,9570000,85483,坡道平面,26.62,1550000,,RPSNMLNLLHLGFDK88CB,綻高鐵,A棟A4-7F號,
頭份市,房地(土地+建物)+車位,苗栗縣頭份市信六街與立德街102巷交叉口,22.44,住,,,1150309,土地1建物1車位1,三層,14,住宅大樓(11層含以上有電梯),住家用,鋼筋混凝土造,,132.8,3,2,2,有,無,12660000,107367,坡道平面,29.23,1540000,,RPPNMLNLLHLGFFK78CB,誠佳?學,A棟A3-3F號,
頭份市,房地(土地+建物)+車位,苗栗縣頭份市信六街與立德街102巷交叉口,18.87,住,,,1150309,土地1建物1車位1,二層,14,住宅大樓(11層含以上有電梯),住家用,鋼筋混凝土造,,116.34,2,2,1,有,無,11050000,109172,坡道平面,29.23,1540000,,RPQNMLNLLHLGFFK88CB,誠佳?學,A棟A1-2F號,
頭份市,房地(土地+建物)+車位,苗栗縣頭份市信六街與立德街102巷交叉口,18.87,住,,,1150309,土地1建物1車位1,十三層,14,住宅大樓(11層含以上有電梯),住家用,鋼筋混凝土造,,116.34,2,2,1,有,無,11750000,117208,坡道平面,29.23,1540000,,RPRNMLNLLHLGFFK98CB,誠佳?學,A棟A1-13F號,
頭份市,房地(土地+建物)+車位,苗栗縣頭份市信六街與立德街102巷交叉口,17.25,住,,,1150309,土地1建物1車位3,一層,14,店面(店鋪),商業用,鋼筋混凝土造,,167.36,0,0,0,無,無,15630000,142588,坡道平面,87.69,4270000,,RPSNMLNLLHLGFFK09CB,誠佳?學,A棟S2-1F號,
頭份市,房地(土地+建物)+車位,苗栗縣頭份市信六街與立德街102巷交叉口,20.24,住,,,1150309,土地1建物1車位1,十四層,14,住宅大樓(11層含以上有電梯),住家用,鋼筋混凝土造,,122.62,2,2,1,有,無,12130000,111254,坡道平面,29.23,1740000,,RPTNMLNLLHLGFFK56CB,誠佳?學,B棟B3-14F號,
頭份市,房地(土地+建物)+車位,苗栗縣頭份市信六街與立德街102巷交叉口,25.51,住,,,1150309,土地1建物1車位2,一層,14,住宅大樓(11層含以上有電梯),住家用,鋼筋混凝土造,,176.21,3,2,2,有,無,16680000,115499,坡道平面,58.46,3080000,此戶為露臺戶，坪數約6.31坪。,RPUNMLNLLHLGFFK66CB,誠佳?學,B棟B1-1F號,
竹南鎮,房地(土地+建物)+車位,苗栗縣竹南鎮大埔一街,38.7,住,,,1150308,土地1建物1車位1,三層,5,華廈(10層含以下有電梯),住家用,鋼筋混凝土造,,84.51,2,2,2,有,無,11560000,136789,一樓平面,13.57,0,,RPQNMLOLLHLGFDK78CB,大埔之上,A1棟3F號,
銅鑼鄉,房地(土地+建物)+車位,苗栗縣銅鑼鄉新興路,29.7,住,,,1150223,土地2建物1車位1,五層,7,華廈(10層含以下有電梯),住家用,鋼筋混凝土造,,125.31,3,2,2,有,無,11700000,98616,坡道平面,19.85,1300000,,RPPNMLOLLHLGFEK78CB,御鼎六期,D棟5號,
銅鑼鄉,房地(土地+建物),苗栗縣銅鑼鄉中興工業區南區內,20.61,,工業區,丁種建築用地,1150318,土地1建物1車位0,二層,7,華廈(10層含以下有電梯),住家用,鋼筋混凝土造,,88.26,2,1,2,有,無,5380000,60956,,0.0,0,,RPPNMLPLLHLGFEK98DB,中興華廈,A棟2號,
苑裡鎮,房地(土地+建物),苗栗縣苑裡鎮苗47-1鄉道,70.26,,特定農業區,甲種建築用地,1150309,土地1建物1車位0,全,4,透天厝,住家用,鋼筋混凝土造,,142.73,4,2,3,有,無,11700000,81973,,0.0,0,,RPPNMLQLLHLGFCK78CB,翔賀居17期,B2號,
竹南鎮,房地(土地+建物)+車位,苗栗縣竹南鎮公義路,68.19,,山坡地保育區,丙種建築用地,1150305,土地6建物1車位1,三層,7,華廈(10層含以下有電梯),住家用,鋼筋混凝土造,,148.32,3,2,2,有,無,16320000,124115,坡道平面,29.72,1600000,土地交易標的包含廣源段702.703.704.713等4筆土地且位於本案建築基地範圍外,RPRNMLQLLHLGFDK09CB,與山前,C3棟3F號,
竹南鎮,房地(土地+建物)+車位,苗栗縣竹南鎮公義路,68.19,,山坡地保育區,丙種建築用地,1150305,土地6建物1車位1,六層,7,華廈(10層含以下有電梯),住家用,鋼筋混凝土造,,148.32,3,2,2,有,無,16270000,123693,坡道平面,29.72,1600000,土地交易標的包含廣源段702.703.704.713等4筆土地且位於本案建築基地範圍外,RPSNMLQLLHLGFDK56CB,與山前,C3棟6F號,
竹南鎮,房地(土地+建物)+車位,苗栗縣竹南鎮公義路,68.21,,山坡地保育區,丙種建築用地,1150305,土地6建物1車位1,六層,7,華廈(10層含以下有電梯),住家用,鋼筋混凝土造,,148.41,3,2,2,有,無,16330000,123262,坡道平面,29.72,1700000,土地交易標的包含廣源段702.703.704.713等4筆土地且位於本案建築基地範圍外,RPTNMLQLLHLGFDK66CB,與山前,B1棟6F號,
竹南鎮,房地(土地+建物)+車位,苗栗縣竹南鎮公義路,68.43,,山坡地保育區,丙種建築用地,1150305,土地6建物1車位1,六層,7,華廈(10層含以下有電梯),住家用,鋼筋混凝土造,,148.72,3,2,2,有,無,16350000,123950,坡道平面,29.72,1600000,土地交易標的包含廣源段702.703.704.713等4筆土地且位於本案建築基地範圍外,RPUNMLQLLHLGFDK76CB,與山前,B4棟6F號,
竹南鎮,房地(土地+建物)+車位,苗栗縣竹南鎮公義路,68.2,,山坡地保育區,丙種建築用地,1150305,土地6建物1車位2,七層,7,華廈(10層含以下有電梯),住家用,鋼筋混凝土造,,184.17,3,2,2,有,無,18520000,124705,坡道平面,65.33,3700000,土地交易標的包含廣源段702.703.704.713等4筆土地且位於本案建築基地範圍外,RPVNMLQLLHLGFDK86CB,與山前,A4棟7F號,
竹南鎮,房地(土地+建物),苗栗縣竹南鎮科專一路與科專五路交叉路口,120.56,住,,,1150316,土地1建物1車位0,全,4,透天厝,住家用,鋼筋混凝土造,,253.94,3,4,4,有,無,22500000,88604,,0.0,0,,RPWNMLQLLHLGFDK96CB,藏富天下,B2棟0號,1150523全部解約
三義鄉,房地(土地+建物)+車位,苗栗縣三義鄉雙湖村雙湖路,22.57,住,,,1150317,土地1建物1車位1,六層,7,華廈(10層含以下有電梯),住家用,鋼筋混凝土造,,74.96,2,2,1,有,無,6770000,90315,一樓平面,0.0,0,,RPPNMLQLLHLGFEK98CB,山易居,C棟6F號,
後龍鎮,房地(土地+建物)+車位,苗栗縣後龍鎮埔頂里中心路37之11斜對面,35.91,,特定農業區,甲種建築用地,1150325,土地1建物1車位1,二層,5,華廈(10層含以下有電梯),住家用,鋼筋混凝土造,,107.43,3,2,2,有,無,7980000,74281,一樓平面,18.4,0,,RPPNMLRLLHLGFDK98CB,築誠6,2F-B號,
公館鄉,房地(土地+建物)+車位,苗栗縣公館鄉玉泉村15鄰玉泉1號附近,44.42,住,,,1150318,土地1建物1車位2,五層,5,華廈(10層含以下有電梯),住家用,鋼筋混凝土造,,134.27,3,2,2,有,無,8600000,64050,一樓平面,31.19,0,,RPPNMLKMLHLGFBK18CB,公館璞真5,C棟5號,
公館鄉,房地(土地+建物)+車位,苗栗縣公館鄉玉泉村15鄰玉泉1號附近,42.24,住,,,1150320,土地1建物1車位1,三層,5,華廈(10層含以下有電梯),住家用,鋼筋混凝土造,,113.8,3,2,2,有,無,7670000,67399,一樓平面,15.77,0,,RPQNMLKMLHLGFBK28CB,公館璞真5,B棟3號,
公館鄉,房地(土地+建物)+車位,苗栗縣公館鄉玉泉村15鄰玉泉1號附近,42.24,住,,,1150318,土地1建物1車位1,四層,5,華廈(10層含以下有電梯),住家用,鋼筋混凝土造,,113.8,3,2,2,有,無,7680000,67487,一樓平面,15.77,0,,RPRNMLKMLHLGFBK38CB,公館璞真5,B棟4號,
公館鄉,房地(土地+建物)+車位,苗栗縣公館鄉玉泉村15鄰玉泉1號附近,42.24,住,,,1150325,土地1建物1車位1,五層,5,華廈(10層含以下有電梯),住家用,鋼筋混凝土造,,113.8,3,2,2,有,無,7800000,68541,一樓平面,15.77,0,,RPSNMLKMLHLGFBK48CB,公館璞真5,B棟5號,
公館鄉,房地(土地+建物)+車位,苗栗縣公館鄉玉泉村15鄰玉泉1號附近,44.42,住,,,1150325,土地1建物1車位1,四層,5,華廈(10層含以下有電梯),住家用,鋼筋混凝土造,,118.85,3,2,2,有,無,7880000,66302,一樓平面,15.77,0,,RPTNMLKMLHLGFBK58CB,公館璞真5,C棟4號,
公館鄉,房地(土地+建物)+車位,苗栗縣公館鄉玉泉村15鄰玉泉1號附近,33.31,住,,,1150327,土地1建物1車位1,四層,5,華廈(10層含以下有電梯),住家用,鋼筋混凝土造,,93.03,2,2,1,有,無,6620000,71160,一樓平面,15.77,0,,RPUNMLKMLHLGFBK68CB,公館璞真5,D棟4號,
苑裡鎮,房地(土地+建物)+車位,苗栗縣苑裡鎮西勢里5鄰32之5號旁,103.47,住,,,1150308,土地3建物1車位1,全,3,透天厝,住家用,鋼筋混凝土造,,144.74,4,2,3,有,無,12380000,85533,一樓平面,0.0,0,,RPPNMLKMLHLGFCK28CB,綠意秧然三期,A棟3號,
頭份市,房地(土地+建物)+車位,苗栗縣頭份市八德二路,31.12,住,,,1150315,土地1建物1車位1,三層,5,華廈(10層含以下有電梯),住家用,鋼筋混凝土造,,98.03,2,2,2,有,無,11800000,120311,一樓平面,13.25,1600000,,RPPNMLKMLHLGFFK58CB,八德盛景,3F-A號,
苗栗市,房地(土地+建物)+車位,苗栗縣苗栗市源林街,31.0,住,,,1150329,土地1建物1車位1,三層,5,華廈(10層含以下有電梯),住家用,鋼筋混凝土造,,95.13,3,2,2,有,無,9900000,104068,一樓平面,15.24,0,,RPPNMLLMLHLGFBK28CB,日和豐穗Ⅱ,G棟3號,
通霄鎮,房地(土地+建物)+車位,苗栗縣通霄鎮海濱路81號對面,36.16,住,,,1150330,土地1建物1車位1,四層,5,華廈(10層含以下有電梯),住家用,鋼筋混凝土造,,113.35,3,2,2,有,無,8880000,78341,一樓平面,12.89,0,,RPQNMLLMLHLGFCK48CB,陽光雅庭,B4號,
後龍鎮,房地(土地+建物)+車位,苗栗縣後龍鎮埔頂里中心路37之11斜對面,46.53,,特定農業區,甲種建築用地,1150328,土地1建物1車位1,三層,5,華廈(10層含以下有電梯),住家用,鋼筋混凝土造,,134.54,4,2,2,有,無,10610000,78861,一樓平面,18.4,0,,RPPNMLLMLHLGFDK48CB,築誠6,3F-A號,
頭份市,房地(土地+建物)+車位,苗栗縣頭份市永忠街,17.33,商,,,1150329,土地1建物1車位1,九層,14,住宅大樓(11層含以上有電梯),住家用,鋼筋混凝土造,,157.64,3,2,2,有,無,18500000,128734,坡道平面,29.08,1950000,,RPPNMLLMLHLGFFK68CB,創麒城曦,9F-A號,
公館鄉,房地(土地+建物)+車位,苗栗縣公館鄉玉谷旁,47.23,農,,,1150314,土地1建物1車位1,三層,4,華廈(10層含以下有電梯),住家用,鋼筋混凝土造,,112.48,3,2,2,有,無,8200000,72902,一樓平面,14.48,0,,RPPNMLLJMHLGFBK08CB,鑫日麗-芋見,A棟3號,
公館鄉,房地(土地+建物)+車位,苗栗縣公館鄉玉谷旁,49.57,農,,,1150318,土地1建物1車位1,二層,4,華廈(10層含以下有電梯),住家用,鋼筋混凝土造,,117.34,3,2,2,有,無,8380000,71416,一樓平面,14.48,0,,RPQNMLLJMHLGFBK18CB,鑫日麗-芋見,A棟2號,
通霄鎮,房地(土地+建物)+車位,苗栗縣通霄鎮海濱路81號對面,38.9,住,,,1150320,土地1建物1車位1,三層,5,華廈(10層含以下有電梯),住家用,鋼筋混凝土造,,122.28,3,2,2,有,無,9300000,76055,一樓平面,14.21,0,,RPPNMLLJMHLGFCK18CB,陽光雅庭,D3號,
頭份市,房地(土地+建物)+車位,苗栗縣頭份市信六街與立德街102巷交叉口,27.13,住,,,1150323,土地1建物1車位2,十層,14,住宅大樓(11層含以上有電梯),住家用,鋼筋混凝土造,,183.67,3,2,2,有,無,16880000,110215,坡道平面,58.46,3080000,,RPPNMLLJMHLGFFK48CB,誠佳?學,A棟A5-10F號,
頭份市,房地(土地+建物)+車位,苗栗縣頭份市信六街與立德街102巷交叉口,18.84,住,,,1150316,土地1建物1車位1,一層,14,店面(店鋪),商業用,鋼筋混凝土造,,116.14,0,0,0,無,無,13100000,131285,坡道平面,29.23,1690000,,RPQNMLLJMHLGFFK58CB,誠佳?學,A棟S1-1F號,
頭份市,房地(土地+建物)+車位,苗栗縣頭份市信六街與立德街102巷交叉口,20.24,住,,,1150316,土地1建物1車位1,五層,14,住宅大樓(11層含以上有電梯),住家用,鋼筋混凝土造,,122.62,2,2,1,有,無,11900000,109326,坡道平面,29.23,1690000,,RPRNMLLJMHLGFFK68CB,誠佳?學,B棟B3-5F號,
頭份市,房地(土地+建物)+車位,苗栗縣頭份市光華段1238地號,18.36,商,,,1150316,土地1建物1車位1,七層,19,住宅大樓(11層含以上有電梯),住家用,鋼筋混凝土造,,197.85,4,2,2,有,無,21980000,115571,坡道平面,24.97,2000000,,RPSNMLLJMHLGFFK78CB,富麗賀,A5棟7F號,
公館鄉,房地(土地+建物)+車位,苗栗縣公館鄉玉泉村15鄰玉泉1號附近,33.31,住,,,1150331,土地1建物1車位1,三層,5,華廈(10層含以下有電梯),住家用,鋼筋混凝土造,,93.03,2,2,1,有,無,6600000,70945,一樓平面,15.77,0,,RPPNMLMJMHLGFBK18CB,公館璞真5,D棟3號,
苑裡鎮,房地(土地+建物)+車位,苗栗縣苑裡鎮社柑14路,59.64,,特定農業區,甲種建築用地,1150316,土地1建物1車位1,七層,7,華廈(10層含以下有電梯),住家用,鋼筋混凝土造,,157.66,3,2,2,有,無,11700000,76414,一樓平面,20.25,1200000,,RPPNMLMJMHLGFCK28CB,佳有庭園,7A號,
苑裡鎮,房地(土地+建物)+車位,苗栗縣苑裡鎮社柑14路,62.35,,特定農業區,甲種建築用地,1150316,土地1建物1車位1,七層,7,華廈(10層含以下有電梯),住家用,鋼筋混凝土造,,163.91,3,2,2,有,無,12200000,76570,一樓平面,20.25,1200000,,RPQNMLMJMHLGFCK38CB,佳有庭園,7B號,
頭份市,房地(土地+建物)+車位,苗栗縣頭份市華美街51巷41號對面,18.65,住,,,1150319,土地1建物1車位1,三層,5,華廈(10層含以下有電梯),住家用,鋼筋混凝土造,,57.02,1,1,1,有,無,7600000,117944,一樓平面,7.42,1750000,,RPPNMLMJMHLGFFK58CB,里享2,B-3F棟,
頭份市,房地(土地+建物)+車位,苗栗縣頭份市富強二街,27.11,住,,,1150323,土地1建物1車位2,十層,12,住宅大樓(11層含以上有電梯),住家用,鋼筋混凝土造,,190.27,3,2,2,有,無,17500000,115046,坡道平面,68.58,3500000,,RPPNMLOJMHLGFFK78CB,昌隆廣場-勝好,A8棟10F號,
公館鄉,房地(土地+建物)+車位,苗栗縣公館鄉玉泉村13鄰353號旁,39.75,住,,,1150407,土地2建物1車位1,四層,10,華廈(10層含以下有電梯),住家用,鋼筋混凝土造,,154.37,3,2,2,有,無,11350000,81191,坡道平面,28.74,1150000,,RPPNMLRJMHLGFBK78DB,公館綻,B棟1-4號,
竹南鎮,房地(土地+建物)+車位,苗栗縣竹南鎮科專七路217號旁,47.49,住,,,1150311,土地1建物1車位1,四層,5,華廈(10層含以下有電梯),住家用,鋼筋混凝土造,,116.56,3,2,2,有,無,19100000,170524,一樓平面,18.04,2300000,,RPPNMLSJMHLGFDK98CB,三顆糖,A棟1-4F號,
後龍鎮,房地(土地+建物)+車位,苗栗縣後龍鎮校椅一路與頂椅二街口,41.18,住,,,1150315,土地1建物1車位1,三層,5,華廈(10層含以下有電梯),住家用,鋼筋混凝土造,,102.92,2,2,2,有,無,9600000,94202,一樓平面,13.75,1200000,,RPRNMLSJMHLGFDK56CB,玥。蔚來,A棟3F-A2號,
公館鄉,房地(土地+建物)+車位,苗栗縣公館鄉近大同路館華巷,29.21,住,,,1150324,土地1建物1車位1,四層,5,華廈(10層含以下有電梯),住家用,鋼筋混凝土造,,83.86,2,2,2,有,無,6750000,80491,一樓平面,14.98,0,,RPPNMLTJMHLGFBK88CB,花田囍事,C棟4號,
公館鄉,房地(土地+建物)+車位,苗栗縣公館鄉近大同路館華巷,30.46,住,,,1150331,土地1建物1車位1,四層,5,華廈(10層含以下有電梯),住家用,鋼筋混凝土造,,86.78,2,2,2,有,無,7250000,83545,一樓平面,14.98,0,,RPQNMLTJMHLGFBK98CB,花田囍事,F棟4號,
苑裡鎮,房地(土地+建物)+車位,苗栗縣苑裡鎮西勢里九鄰西勢65對面,26.38,住,,,1150324,土地1建物0車位1,二層,10,華廈(10層含以下有電梯),住家用,鋼筋混凝土造,,99.31,3,2,2,有,無,6720000,66205,坡道機械,6.87,600000,,RPRNMLTJMHLGFCK56CB,幸福灣麗Ⅱ,A2棟2F號,
後龍鎮,房地(土地+建物)+車位,苗栗縣後龍鎮新港七路,33.58,住,,,1150331,土地1建物1車位1,二層,6,華廈(10層含以下有電梯),住家用,鋼筋混凝土造,,107.46,2,2,2,有,無,9720000,89208,其他,8.59,900000,,RPPNMLTJMHLGFDK09CB,幸福雄郡NO21,2F-B號,
竹南鎮,房地(土地+建物)+車位,苗栗縣竹南鎮復興路547巷附近,20.19,,特定農業區,甲種建築用地,1150325,土地1建物1車位1,七層,8,華廈(10層含以下有電梯),住家用,鋼筋混凝土造,,120.07,3,2,2,有,無,13380000,111435,坡道平面,12.23,0,,RPQNMLTJMHLGFDK56CB,雲朵朵,7F-A10號,
竹南鎮,房地(土地+建物)+車位,苗栗縣竹南鎮自由街131號旁,30.77,住,,,1150409,土地3建物1車位2,六層,12,住宅大樓(11層含以上有電梯),住家用,鋼筋混凝土造,,190.43,3,2,2,有,無,23850000,141120,坡道平面,49.77,4000000,,RPRNMLTJMHLGFDK66CB,朋晨和心,A-6號,
頭份市,房地(土地+建物)+車位,苗栗縣頭份市富強二街,19.26,住,,,1150407,土地1建物1車位1,十二層,12,住宅大樓(11層含以上有電梯),住家用,鋼筋混凝土造,,120.47,2,2,2,有,無,11850000,117197,坡道平面,34.29,1750000,,RPPNMLTJMHLGFFK66CB,昌隆廣場-勝好,A5棟12F號,
頭份市,房地(土地+建物)+車位,苗栗縣頭份市富強二街,19.26,住,,,1150407,土地1建物1車位1,十一層,12,住宅大樓(11層含以上有電梯),住家用,鋼筋混凝土造,,120.47,2,2,2,有,無,12000000,117777,坡道平面,34.29,1850000,,RPQNMLTJMHLGFFK76CB,昌隆廣場-勝好,A6棟11F號,
後龍鎮,房地(土地+建物)+車位,苗栗縣後龍鎮新港七路,62.27,住,,,1150317,土地1建物1車位1,五層,5,華廈(10層含以下有電梯),住家用,鋼筋混凝土造,,153.61,5,2,3,有,無,14370000,92328,一樓平面,12.05,1300000,,RPPNMLKKMHLGFDK28CB,幸福雄郡NO27,5F-A號,
後龍鎮,房地(土地+建物)+車位,苗栗縣後龍鎮埔頂里中心路37之11斜對面,36.05,,特定農業區,甲種建築用地,1150407,土地1建物1車位1,三層,5,華廈(10層含以下有電梯),住家用,鋼筋混凝土造,,107.77,3,2,2,有,無,8510000,78964,一樓平面,18.55,0,,RPRNMLKKMHLGFDK48CB,築誠6,3F-C號,
銅鑼鄉,房地(土地+建物),苗栗縣銅鑼鄉弘揚路10號右側第二塊地,20.25,住,,,1150403,土地1建物1車位0,四層,7,華廈(10層含以下有電梯),住家用,鋼筋混凝土造,,65.99,2,2,1,有,無,6600000,100015,,0.0,0,,RPPNMLKKMHLGFEK38CB,弘景大同綻,4F-D號,
銅鑼鄉,房地(土地+建物),苗栗縣銅鑼鄉弘揚路10號右側第二塊地,20.25,住,,,1150403,土地1建物1車位0,六層,7,華廈(10層含以下有電梯),住家用,鋼筋混凝土造,,65.99,2,2,1,有,無,6800000,103046,,0.0,0,,RPQNMLKKMHLGFEK48CB,弘景大同綻,6F-D號,
頭份市,房地(土地+建物)+車位,苗栗縣頭份市文林路與建興街口,27.75,住,,,1150406,土地3建物1車位1,九層,13,住宅大樓(11層含以上有電梯),住家用,鋼筋混凝土造,,164.84,3,2,2,有,無,21490000,149612,坡道平面,34.57,2000000,,RPPNMLKKMHLGFFK48CB,惠宇新聚,I棟9號,
頭份市,房地(土地+建物)+車位,苗栗縣頭份市文林路與建興街口,27.75,住,,,1150329,土地3建物1車位1,十一層,13,住宅大樓(11層含以上有電梯),住家用,鋼筋混凝土造,,164.84,3,2,2,有,無,21550000,150841,坡道平面,34.57,1900000,,RPQNMLKKMHLGFFK58CB,惠宇新聚,I棟11號,
竹南鎮,房地(土地+建物)+車位,苗栗縣竹南鎮仁愛路586號旁,43.27,住,,,1150403,土地1建物1車位1,三層,5,華廈(10層含以下有電梯),住家用,鋼筋混凝土造,,98.44,2,2,1,有,無,15300000,163077,一樓平面,18.11,2200000,,RPQNMLNKMHLGFDK68CB,跑三圈,B棟1-3F號,
苗栗市,房地(土地+建物)+車位,苗栗縣苗栗市文發路222號旁,46.44,住,,,1150402,土地1建物1車位1,二層,5,華廈(10層含以下有電梯),住家用,鋼筋混凝土造,,135.08,3,2,2,有,無,10700000,79212,一樓平面,16.01,0,,RPTNMLOKMHLGFBK88CB,尊爵7,1棟2A號,
苗栗市,房地(土地+建物)+車位,苗栗縣苗栗市文發路222號旁,34.31,住,,,1150402,土地1建物1車位1,五層,5,華廈(10層含以下有電梯),住家用,鋼筋混凝土造,,103.98,3,2,2,有,無,8400000,80785,一樓平面,16.01,0,,RPUNMLOKMHLGFBK98CB,尊爵7,1棟5E號,
苗栗市,房地(土地+建物)+車位,苗栗縣苗栗市文發路222號旁,40.46,住,,,1150331,土地1建物1車位1,二層,5,華廈(10層含以下有電梯),住家用,鋼筋混凝土造,,119.77,3,2,2,有,無,9400000,78484,一樓平面,16.01,0,,RPVNMLOKMHLGFBK09CB,尊爵7,1棟2C號,
苗栗市,房地(土地+建物)+車位,苗栗縣苗栗市文發路222號旁,40.46,住,,,1150330,土地1建物1車位1,四層,5,華廈(10層含以下有電梯),住家用,鋼筋混凝土造,,119.77,3,2,2,有,無,9500000,79319,一樓平面,16.01,0,,RPWNMLOKMHLGFBK56CB,尊爵7,1棟4C號,
竹南鎮,房地(土地+建物)+車位,苗栗縣竹南鎮仁愛路586號旁,37.17,住,,,1150331,土地1建物1車位1,二層,5,華廈(10層含以下有電梯),住家用,鋼筋混凝土造,,85.77,2,2,1,有,無,13590000,166691,一樓平面,16.84,2100000,,RPPNMLOKMHLGFDK68CB,跑三圈,B棟3-2F號,
竹南鎮,房地(土地+建物)+車位,苗栗縣竹南鎮仁愛路586號旁,37.17,住,,,1150320,土地1建物1車位1,四層,5,華廈(10層含以下有電梯),住家用,鋼筋混凝土造,,87.04,2,2,1,有,無,13700000,166836,一樓平面,18.11,2200000,,RPRNMLOKMHLGFDK88CB,跑三圈,B棟3-4F號,
竹南鎮,房地(土地+建物)+車位,苗栗縣竹南鎮仁愛路586號旁,48.89,住,,,1150329,土地1建物1車位1,五層,5,華廈(10層含以下有電梯),住家用,鋼筋混凝土造,,112.47,3,2,2,有,無,17880000,170804,一樓平面,21.84,2400000,,RPTNMLOKMHLGFDK09CB,跑三圈,A棟1-5F號,
後龍鎮,房地(土地+建物)+車位,苗栗縣後龍鎮新港一路及高鐵六路交叉路口,45.88,住,,,1150320,土地1建物1車位1,六層,7,華廈(10層含以下有電梯),住家用,鋼筋混凝土造,,157.18,3,2,2,有,無,12730000,86397,坡道平面,26.62,1450000,,RPUNMLOKMHLGFDK56CB,綻高鐵,B棟B3-6F號,
竹南鎮,房地(土地+建物),苗栗縣竹南鎮仁德路87巷,139.09,其他,,,1150412,土地3建物1車位0,全,3,透天厝,住家用,鋼筋混凝土造,,157.73,4,2,3,有,無,16000000,101439,,0.0,0,,RPVNMLOKMHLGFDK66CB,夢想家,B1棟0號,
竹南鎮,房地(土地+建物)+車位,苗栗縣竹南鎮仁愛路586號旁,40.16,住,,,1150320,土地1建物1車位1,四層,5,華廈(10層含以下有電梯),住家用,鋼筋混凝土造,,92.87,2,2,1,有,無,15000000,171215,一樓平面,18.11,2200000,,RPPNMLPKMHLGFDK78CB,跑三圈,B棟5-4F號,
竹南鎮,房地(土地+建物)+車位,苗栗縣竹南鎮仁愛路586號旁,37.17,住,,,1150405,土地1建物1車位1,三層,5,華廈(10層含以下有電梯),住家用,鋼筋混凝土造,,87.04,2,2,1,有,無,13700000,166836,一樓平面,18.11,2200000,,RPQNMLPKMHLGFDK88CB,跑三圈,B棟3-3F號,
公館鄉,房地(土地+建物)+車位,苗栗縣公館鄉玉泉村15鄰玉泉1號附近,42.24,住,,,1150415,土地1建物1車位1,二層,5,華廈(10層含以下有電梯),住家用,鋼筋混凝土造,,113.8,3,2,2,有,無,7560000,66432,一樓平面,15.77,0,,RPPNMLQKMHLGFBK68CB,公館璞真5,B棟2號,
後龍鎮,房地(土地+建物)+車位,苗栗縣後龍鎮新港一路及高鐵六路交叉路口,35.11,住,,,1150327,土地1建物1車位1,六層,7,華廈(10層含以下有電梯),住家用,鋼筋混凝土造,,126.58,2,2,2,有,無,10460000,89136,坡道平面,26.62,1550000,,RPPNMLQKMHLGFDK88CB,綻高鐵,B棟B1-6F號,
頭份市,房地(土地+建物)+車位,苗栗縣頭份市忠孝一路,42.4,住,,,1150328,土地2建物1車位1,三層,5,華廈(10層含以下有電梯),住家用,鋼筋混凝土造,,122.23,3,2,2,有,無,15680000,126056,一樓平面,14.5,2100000,,RPPNMLQKMHLGFFK09CB,築欣3,3F-H號,
後龍鎮,房地(土地+建物)+車位,苗栗縣後龍鎮康榔八街,24.63,住,,,1150330,土地1建物1車位1,二層,7,華廈(10層含以下有電梯),住家用,鋼筋混凝土造,,69.51,2,2,2,有,無,6650000,94205,其他,6.35,700000,,RPPNMLRKMHLGFDK98CB,嶄邑懂厚,E棟2F號,
後龍鎮,房地(土地+建物)+車位,苗栗縣後龍鎮康榔八街,24.97,住,,,1150330,土地1建物1車位1,二層,7,華廈(10層含以下有電梯),住家用,鋼筋混凝土造,,70.38,2,2,2,有,無,7050000,99172,其他,6.35,700000,,RPQNMLRKMHLGFDK09CB,嶄邑懂厚,H棟2F號,
竹南鎮,房地(土地+建物)+車位,苗栗縣竹南鎮天文路,16.22,商,,,1150417,土地1建物1車位1,二層,24,住宅大樓(11層含以上有電梯),住家用,鋼筋混凝土造,,177.76,3,2,2,有,無,21500000,129657,坡道平面,23.97,1560000,光復段1432地號等19筆,RPPNMLTKMHLGFDK56CB,新業恆一,丙棟02F-M號,
竹南鎮,房地(土地+建物)+車位,苗栗縣竹南鎮天文路,15.54,商,,,1150418,土地1建物1車位1,二層,24,住宅大樓(11層含以上有電梯),住家用,鋼筋混凝土造,,171.35,3,2,2,有,無,21980000,137536,坡道平面,23.97,1710000,光復段1432地號等19筆,RPQNMLTKMHLGFDK66CB,新業恆一,乙棟02F-G號,
公館鄉,房地(土地+建物)+車位,苗栗縣公館鄉近大同路館華巷,22.85,住,,,1150411,土地1建物1車位1,五層,5,華廈(10層含以下有電梯),住家用,鋼筋混凝土造,,68.86,2,2,1,有,無,5600000,81324,一樓平面,14.98,0,,RPPNMLKLMHLGFBK18CB,花田囍事,B棟5號,
後龍鎮,房地(土地+建物)+車位,苗栗縣後龍鎮埔頂里中心路37之11斜對面,36.05,,特定農業區,甲種建築用地,1150417,土地1建物1車位2,二層,5,華廈(10層含以下有電梯),住家用,鋼筋混凝土造,,125.95,3,2,2,有,無,8880000,70504,一樓平面,36.36,0,,RPPNMLKLMHLGFDK38CB,築誠6,2F-C號,
頭份市,房地(土地+建物)+車位,苗栗縣頭份市光華段1238地號,12.93,商,,,1150329,土地1建物1車位1,四層,19,住宅大樓(11層含以上有電梯),住家用,鋼筋混凝土造,,146.72,3,2,2,有,無,15500000,112526,坡道平面,24.97,1800000,,RPPNMLKLMHLGFFK58CB,富麗賀,B6棟4F號,
頭份市,房地(土地+建物)+車位,苗栗縣頭份市光華段1238地號,18.47,商,,,1150411,土地1建物1車位2,四層,19,住宅大樓(11層含以上有電梯),住家用,鋼筋混凝土造,,223.81,4,2,2,有,無,22760000,110197,坡道平面,49.94,3600000,,RPQNMLKLMHLGFFK68CB,富麗賀,B2棟4F號,
公館鄉,房地(土地+建物)+車位,苗栗縣公館鄉玉泉村15鄰玉泉1號附近,44.42,住,,,1150419,土地1建物1車位1,三層,5,華廈(10層含以下有電梯),住家用,鋼筋混凝土造,,118.85,3,2,2,有,無,7900000,66470,一樓平面,15.77,0,,RPPNMLLLMHLGFBK28CB,公館璞真5,C棟3號,
後龍鎮,房地(土地+建物),苗栗縣後龍鎮後龍國小東邊,25.43,商,,,1150409,土地1建物1車位0,五層,7,華廈(10層含以下有電梯),住家用,鋼筋混凝土造,,143.94,3,2,2,有,無,11050000,76768,,0.0,0,,RPPNMLLLMHLGFDK48CB,小滿,5F-A號,
竹南鎮,房地(土地+建物)+車位,苗栗縣竹南鎮科學路,16.17,其他,,,1150410,土地1建物1車位1,五層,15,辦公商業大樓,商業用,鋼筋混凝土造,,143.15,3,2,2,有,無,12000000,88294,坡道平面,28.76,1900000,,RPQNMLLLMHLGFDK58CB,亮晶晶,A7棟5號,
竹南鎮,房地(土地+建物)+車位,苗栗縣竹南鎮科學路,14.7,其他,,,1150418,土地1建物1車位1,四層,15,辦公商業大樓,商業用,鋼筋混凝土造,,132.69,2,2,2,有,無,10850000,87078,坡道平面,28.76,1800000,,RPRNMLLLMHLGFDK68CB,亮晶晶,A2棟4號,
苑裡鎮,房地(土地+建物)+車位,苗栗縣苑裡鎮田心里田心93號旁,40.64,,特定農業區,甲種建築用地,1150407,土地3建物1車位1,六層,9,華廈(10層含以下有電梯),住家用,鋼筋混凝土造,,154.46,3,2,2,有,無,10700000,74615,一樓平面,24.46,1000000,,RPPNMLMLMHLGFCK48CB,丞家發現苑麗,E棟6號,
後龍鎮,房地(土地+建物)+車位,苗栗縣後龍鎮新港一路及高鐵六路交叉路口,35.11,住,,,1150403,土地1建物1車位1,七層,7,華廈(10層含以下有電梯),住家用,鋼筋混凝土造,,126.58,2,2,2,有,無,10250000,87035,坡道平面,26.62,1550000,,RPPNMLMLMHLGFDK58CB,綻高鐵,B棟B1-7F號,
後龍鎮,房地(土地+建物)+車位,苗栗縣後龍鎮新港一路及高鐵六路交叉路口,29.53,住,,,1150406,土地1建物1車位1,二層,7,華廈(10層含以下有電梯),住家用,鋼筋混凝土造,,109.63,2,2,2,有,無,8540000,84284,坡道平面,25.51,1450000,,RPQNMLMLMHLGFDK68CB,綻高鐵,F棟F4-2F號,
竹南鎮,房地(土地+建物),苗栗縣竹南鎮仁德路87巷,92.56,其他,,,1150414,土地3建物1車位0,全,4,透天厝,住家用,鋼筋混凝土造,,201.81,4,2,4,有,無,14700000,72841,,0.0,0,,RPRNMLMLMHLGFDK78CB,夢想家,A5棟0號,
頭份市,房地(土地+建物)+車位,苗栗縣頭份市信六街與立德街102巷交叉口,27.13,住,,,1150330,土地1建物1車位1,三層,14,住宅大樓(11層含以上有電梯),住家用,鋼筋混凝土造,,154.44,3,2,2,有,無,14830000,104944,坡道平面,29.23,1690000,,RPPNMLMLMHLGFFK78CB,誠佳?學,A棟A5-3F號,
頭份市,房地(土地+建物)+車位,苗栗縣頭份市信六街與立德街102巷交叉口,20.24,住,,,1150408,土地1建物1車位1,七層,14,住宅大樓(11層含以上有電梯),住家用,鋼筋混凝土造,,122.62,2,2,1,有,無,11930000,111254,坡道平面,29.23,1540000,,RPQNMLMLMHLGFFK88CB,誠佳?學,B棟B3-7F號,
頭份市,房地(土地+建物)+車位,苗栗縣頭份市信六街與立德街102巷交叉口,20.24,住,,,1150408,土地1建物1車位1,十層,14,住宅大樓(11層含以上有電梯),住家用,鋼筋混凝土造,,122.62,2,2,1,有,無,12100000,113074,坡道平面,29.23,1540000,,RPRNMLMLMHLGFFK98CB,誠佳?學,B棟B3-10F號,
苑裡鎮,房地(土地+建物)+車位,苗栗縣苑裡鎮世界路一段,15.34,商,,,1150422,土地1建物1車位1,十層,11,住宅大樓(11層含以上有電梯),住家用,鋼筋混凝土造,,105.25,2,2,2,有,無,9880000,95328,一樓平面,10.0,800000,,RPPNMLMLMHLGFCK58DB,尊爵名門-苑中段,第一棟10B號,
後龍鎮,房地(土地+建物)+車位,苗栗縣後龍鎮光華路中山路口,20.98,商,,,1150413,土地1建物1車位1,一層,15,店面(店鋪),商業用,鋼筋混凝土造,,121.87,0,0,0,無,無,17130000,175490,坡道平面,33.09,1550000,,RPPNMLNLMHLGFDK68CB,名軒心城市,A棟S02號,
頭份市,房地(土地+建物)+車位,苗栗縣頭份市忠孝一路,82.53,住,,,1150329,土地2建物1車位2,五層,5,華廈(10層含以下有電梯),住家用,鋼筋混凝土造,,238.73,6,4,4,有,無,30000000,123969,一樓平面,29.0,4000000,,RPQNMLNLMHLGFFK98CB,築欣3,5F-E號,
後龍鎮,房地(土地+建物),苗栗縣後龍鎮豐富二街,91.04,住,,,1150408,土地2建物1車位0,全,3,透天厝,住家用,鋼筋混凝土造,,134.8,3,2,3,有,無,14660000,108754,,0.0,0,,RPPNMLPLMHLGFDK88CB,高鐵名邸3,A棟3號,
後龍鎮,房地(土地+建物)+車位,苗栗縣後龍鎮光華路中山路口,25.14,商,,,1150413,土地1建物1車位1,一層,15,店面(店鋪),商業用,鋼筋混凝土造,,140.05,0,0,0,無,無,19630000,169035,坡道平面,33.09,1550000,,RPPNMLRLMHLGFDK09CB,名軒心城市,A棟S03號,
竹南鎮,房地(土地+建物)+車位,苗栗縣竹南鎮科學路,11.83,其他,,,1150423,土地1建物1車位1,一層,15,辦公商業大樓,商業用,鋼筋混凝土造,,109.28,0,0,0,無,無,13200000,133859,坡道平面,25.61,2000000,,RPQNMLRLMHLGFDK56CB,亮晶晶,店S棟1號,
竹南鎮,房地(土地+建物)+車位,苗栗縣竹南鎮科學路,16.17,其他,,,1150417,土地1建物1車位1,四層,15,辦公商業大樓,商業用,鋼筋混凝土造,,140.0,3,2,2,有,無,11660000,87071,坡道平面,25.61,1700000,,RPRNMLRLMHLGFDK66CB,亮晶晶,A7棟4號,
竹南鎮,房地(土地+建物)+車位,苗栗縣竹南鎮科學路,14.7,其他,,,1150426,土地1建物1車位1,五層,15,辦公商業大樓,商業用,鋼筋混凝土造,,129.54,2,2,2,有,無,11280000,92177,坡道平面,25.61,1700000,,RPSNMLRLMHLGFDK76CB,亮晶晶,A2棟5號,
頭份市,房地(土地+建物)+車位,苗栗縣頭份市節約街74號旁,25.38,住,,,1150416,土地2建物1車位1,五層,13,住宅大樓(11層含以上有電梯),住家用,鋼筋混凝土造,,140.64,2,2,2,有,無,18760000,166567,坡道平面,40.02,2000000,,RPQNMLSLMHLGFFK86CB,群悅泱漫,A棟5F號,
頭份市,房地(土地+建物)+車位,苗栗縣頭份市節約街7 4號旁,24.06,住,,,1150410,土地2建物1車位1,七層,13,住宅大樓(11層含以上有電梯),住家用,鋼筋混凝土造,,135.64,2,2,2,有,無,18430000,171826,坡道平面,40.02,2000000,,RPRNMLSLMHLGFFK96CB,群悅泱漫,C棟7F號,
頭份市,房地(土地+建物)+車位,苗栗縣頭份市節約街74號旁,25.26,住,,,1150416,土地2建物1車位1,五層,13,住宅大樓(11層含以上有電梯),住家用,鋼筋混凝土造,,140.64,2,2,2,有,無,19020000,168157,坡道平面,40.02,2100000,,RPSNMLSLMHLGFFK07CB,群悅泱漫,B棟5F號,
公館鄉,房地(土地+建物)+車位,苗栗縣公館鄉玉泉村13鄰353號旁,31.18,住,,,1150420,土地2建物1車位1,二層,10,華廈(10層含以下有電梯),住家用,鋼筋混凝土造,,127.34,2,2,1,有,無,9130000,80933,坡道平面,28.74,1150000,,RPPNMLSLMHLGFBK09DB,公館綻,F棟1-2號,
公館鄉,房地(土地+建物)+車位,苗栗縣公館鄉玉泉村13鄰353號旁,30.01,住,,,1150422,土地2建物1車位1,十層,10,華廈(10層含以下有電梯),住家用,鋼筋混凝土造,,123.75,2,2,2,有,無,9200000,84728,坡道平面,28.74,1150000,,RPQNMLSLMHLGFBK56DB,公館綻,A棟2-10號,
後龍鎮,房地(土地+建物)+車位,苗栗縣後龍鎮新港一路及高鐵六路交叉路口,41.61,住,,,1150419,土地1建物1車位1,五層,7,華廈(10層含以下有電梯),住家用,鋼筋混凝土造,,145.1,3,2,2,有,無,12350000,91999,坡道平面,26.62,1450000,,RPPNMLTLMHLGFDK66CB,綻高鐵,E棟E1-5F號,
銅鑼鄉,房地(土地+建物)+車位,苗栗縣銅鑼鄉銅鑼村東田洋34鄰4之10號附近,15.21,,特定農業區,甲種建築用地,1150427,土地1建物1車位1,八層,12,住宅大樓(11層含以上有電梯),住家用,鋼筋混凝土造,,76.18,1,1,1,有,無,6080000,87221,一樓平面,20.23,1200000,,RPPNMLTLMHLGFEK76CB,CITY  ONE,C棟8號,
頭份市,房地(土地+建物)+車位,苗栗縣頭份市八德二路,24.33,住,,,1150411,土地1建物1車位1,三層,5,華廈(10層含以下有電梯),住家用,鋼筋混凝土造,,79.51,2,2,1,有,無,9300000,116966,其他,0.0,1300000,,RPPNMLTLMHLGFFK86CB,八德盛景,3F-C號,
頭份市,房地(土地+建物)+車位,苗栗縣頭份市信六街與立德街102巷交叉口,20.24,住,,,1150422,土地1建物1車位1,四層,14,住宅大樓(11層含以上有電梯),住家用,鋼筋混凝土造,,122.62,2,2,1,有,無,11510000,105150,坡道平面,29.23,1690000,,RPQNMLTLMHLGFFK96CB,誠佳?學,B棟B3-4F號,
竹南鎮,房地(土地+建物),苗栗縣竹南鎮科專一路與科專五路交叉路口,120.56,住,,,1150425,土地1建物1車位0,全,4,透天厝,住家用,鋼筋混凝土造,,253.94,3,4,4,有,無,22050000,86832,,0.0,0,,RPPNMLKMMHLGFDK48CB,藏富天下,B1棟0號,
頭份市,房地(土地+建物)+車位,苗栗縣頭份市富強二街,19.26,住,,,1150420,土地1建物1車位1,九層,12,住宅大樓(11層含以上有電梯),住家用,鋼筋混凝土造,,120.47,2,2,2,有,無,11750000,116036,坡道平面,34.29,1750000,,RPPNMLKMMHLGFFK68CB,昌隆廣場-勝好,A6棟09F號,
竹南鎮,房地(土地+建物)+車位,苗栗縣竹南鎮科學路,17.32,其他,,,1150430,土地1建物1車位1,五層,15,辦公商業大樓,商業用,鋼筋混凝土造,,151.13,3,2,2,有,無,13200000,92343,坡道平面,28.76,1900000,,RPPNMLOJNHLGFDK68CB,亮晶晶,A3棟5號,
竹南鎮,房地(土地+建物)+車位,苗栗縣竹南鎮科學路,14.7,其他,,,1150503,土地1建物1車位1,六層,15,辦公商業大樓,商業用,鋼筋混凝土造,,129.54,2,2,2,有,無,11530000,94583,坡道平面,25.61,1700000,,RPQNMLOJNHLGFDK78CB,亮晶晶,A2棟6號,
竹南鎮,房地(土地+建物)+車位,苗栗縣竹南鎮仁愛路586號旁,42.19,住,,,1150407,土地1建物1車位1,五層,5,華廈(10層含以下有電梯),住家用,鋼筋混凝土造,,96.27,2,2,1,有,無,15220000,166581,一樓平面,18.11,2200000,,RPRNMLOJNHLGFDK88CB,跑三圈,B棟2-5F號,
竹南鎮,房地(土地+建物)+車位,苗栗縣竹南鎮自由街131號旁,30.66,住,,,1150428,土地3建物1車位1,十一層,12,住宅大樓(11層含以上有電梯),住家用,鋼筋混凝土造,,166.09,3,2,2,有,無,24300000,158736,坡道平面,25.92,2050000,,RPSNMLOJNHLGFDK98CB,朋晨和心,A-11號,
竹南鎮,房地(土地+建物)+車位,苗栗縣竹南鎮仁愛路586號旁,42.91,住,,,1150407,土地1建物1車位1,五層,5,華廈(10層含以下有電梯),住家用,鋼筋混凝土造,,96.51,2,2,1,有,無,15980000,174219,一樓平面,16.84,2100000,,RPTNMLOJNHLGFDK09CB,跑三圈,B棟5-5F號,
竹南鎮,房地(土地+建物)+車位,苗栗縣竹南鎮大埔一街,43.47,住,,,1150416,土地1建物1車位1,五層,5,華廈(10層含以下有電梯),住家用,鋼筋混凝土造,,93.26,3,2,2,有,無,13500000,144757,一樓平面,13.57,0,,RPPNMLPJNHLGFDK78CB,大埔之上,D2棟5F號,
竹南鎮,房地(土地+建物)+車位,苗栗縣竹南鎮大埔一街,43.47,住,,,1150415,土地1建物1車位1,五層,5,華廈(10層含以下有電梯),住家用,鋼筋混凝土造,,93.26,3,2,2,有,無,12700000,136178,一樓平面,13.57,0,,RPQNMLPJNHLGFDK88CB,大埔之上,D1棟5F號,
竹南鎮,房地(土地+建物)+車位,苗栗縣竹南鎮大埔一街,40.94,住,,,1150429,土地1建物1車位1,三層,5,華廈(10層含以下有電梯),住家用,鋼筋混凝土造,,88.58,2,2,2,有,無,12790000,144389,坡道平面,13.57,0,,RPRNMLPJNHLGFDK98CB,大埔之上,E1棟5F號,
竹南鎮,房地(土地+建物)+車位,苗栗縣竹南鎮大埔一街,38.7,住,,,1150425,土地1建物1車位1,四層,5,華廈(10層含以下有電梯),住家用,鋼筋混凝土造,,84.51,2,2,2,有,無,11500000,136079,坡道平面,13.57,0,,RPTNMLPJNHLGFDK56CB,大埔之上,A1棟4F號,
竹南鎮,房地(土地+建物)+車位,苗栗縣竹南鎮大埔一街,37.61,住,,,1150501,土地1建物1車位1,二層,5,華廈(10層含以下有電梯),住家用,鋼筋混凝土造,,82.52,2,2,2,有,無,11180000,135482,一樓平面,13.57,0,,RPUNMLPJNHLGFDK66CB,大埔之上,C2棟2F號,
竹南鎮,房地(土地+建物)+車位,苗栗縣竹南鎮大埔一街,40.87,住,,,1150501,土地1建物1車位1,五層,5,華廈(10層含以下有電梯),住家用,鋼筋混凝土造,,88.48,2,2,2,有,無,12300000,139014,一樓平面,13.57,0,,RPVNMLPJNHLGFDK76CB,大埔之上,E2棟5F號,
竹南鎮,房地(土地+建物)+車位,苗栗縣竹南鎮大埔一街,37.61,住,,,1150429,土地1建物1車位1,三層,5,華廈(10層含以下有電梯),住家用,鋼筋混凝土造,,82.52,2,2,2,有,無,11270000,136573,一樓平面,13.57,0,,RPXNMLPJNHLGFDK96CB,大埔之上,C2棟3F號,
竹南鎮,房地(土地+建物)+車位,苗栗縣竹南鎮大埔一街,32.19,住,,,1150503,土地1建物1車位1,三層,5,華廈(10層含以下有電梯),住家用,鋼筋混凝土造,,72.6,2,2,2,有,無,10250000,141185,一樓平面,13.57,0,,RPOOMLPJNHLGFDK78CB,大埔之上,B1棟3F號,
後龍鎮,房地(土地+建物),苗栗縣後龍鎮?榔二街與頂椅二街交叉口,74.0,住,,,1150408,土地3建物1車位0,全,4,透天厝,住家用,鋼筋混凝土造,,213.88,3,2,4,有,無,18880000,88274,,0.0,0,,RPPOMLPJNHLGFDK88CB,暢園,C3棟0號,
後龍鎮,房地(土地+建物),苗栗縣後龍鎮?榔二街與頂椅二街交叉口,91.74,住,,,1150414,土地3建物1車位0,全,4,透天厝,住家用,鋼筋混凝土造,,216.3,3,2,4,有,無,21880000,101156,,0.0,0,,RPQOMLPJNHLGFDK98CB,暢園,A10棟0號,
苗栗市,房地(土地+建物),苗栗縣苗栗市自治路332巷旁,17.39,住,,,1150505,土地1建物1車位0,四層,5,華廈(10層含以下有電梯),住家用,鋼筋混凝土造,,52.1,1,1,1,有,無,5080000,97505,,0.0,0,,RPPNMLQJNHLGFBK68CB,勤家2,C棟4號,
苗栗市,房地(土地+建物)+車位,苗栗縣苗栗市源林街,33.24,住,,,1150504,土地1建物1車位1,五層,5,華廈(10層含以下有電梯),住家用,鋼筋混凝土造,,100.91,3,2,2,有,無,10810000,107125,一樓平面,15.24,0,,RPQNMLQJNHLGFBK78CB,日和豐穗Ⅱ,C棟5號,
竹南鎮,房地(土地+建物)+車位,苗栗縣竹南鎮公義路,60.19,,山坡地保育區,丙種建築用地,1150412,土地6建物1車位1,六層,7,華廈(10層含以下有電梯),住家用,鋼筋混凝土造,,134.51,3,2,2,有,無,14630000,123390,坡道平面,29.72,1700000,土地交易標的包含廣源段702.703.704.713等4筆土地且位於本案建築基地範圍外,RPPNMLQJNHLGFDK88CB,與山前,C2棟6F號,
三義鄉,房地(土地+建物)+車位,苗栗縣三義鄉雙湖村雙湖路,22.57,住,,,1150430,土地1建物1車位1,二層,7,華廈(10層含以下有電梯),住家用,鋼筋混凝土造,,74.6,2,2,1,有,無,7300000,97855,一樓平面,0.0,0,,RPPNMLQJNHLGFEK98CB,山易居,D棟2F號,
頭份市,房地(土地+建物)+車位,苗栗縣頭份市光華北路,47.95,住,,,1150411,土地1建物1車位1,五層,5,華廈(10層含以下有電梯),住家用,鋼筋混凝土造,,152.37,4,2,3,有,無,20380000,132343,一樓平面,15.0,2200000,部分車位位於法定空地上,RPPNMLQJNHLGFFK09CB,光華盛璟,5F-B號,
頭份市,房地(土地+建物)+車位,苗栗縣頭份市八德二路,25.99,住,,,1150428,土地1建物1車位1,三層,5,華廈(10層含以下有電梯),住家用,鋼筋混凝土造,,84.04,2,2,1,有,無,10300000,122899,一樓平面,13.25,1600000,,RPQNMLQJNHLGFFK56CB,八德盛景,3F-D號,
頭份市,房地(土地+建物)+車位,苗栗縣頭份市光華段1238地號,11.05,商,,,1150426,土地1建物1車位1,四層,19,住宅大樓(11層含以上有電梯),住家用,鋼筋混凝土造,,129.11,2,2,2,有,無,13800000,115229,坡道平面,24.97,1800000,,RPRNMLQJNHLGFFK66CB,富麗賀,A3棟4F號,
頭份市,房地(土地+建物)+車位,苗栗縣頭份市光華段1238地號,22.54,商,,,1150419,土地1建物1車位1,一層,19,店面(店鋪),商業用,鋼筋混凝土造,,237.36,0,0,1,有,無,35800000,159612,坡道平面,24.97,1900000,店鋪,RPTNMLQJNHLGFFK86CB,富麗賀,A2棟店面號,
竹南鎮,房地(土地+建物)+車位,苗栗縣竹南鎮仁愛路586號旁,42.19,住,,,1150408,土地1建物1車位1,三層,5,華廈(10層含以下有電梯),住家用,鋼筋混凝土造,,96.27,2,2,1,有,無,15000000,163767,一樓平面,18.11,2200000,,RPPNMLRJNHLGFDK98CB,跑三圈,B棟2-3F號,
竹南鎮,房地(土地+建物)+車位,苗栗縣竹南鎮仁愛路586號旁,42.19,住,,,1150408,土地1建物1車位1,四層,5,華廈(10層含以下有電梯),住家用,鋼筋混凝土造,,100.0,2,2,1,有,無,15100000,163767,一樓平面,21.84,2300000,,RPQNMLRJNHLGFDK09CB,跑三圈,B棟2-4F號,
銅鑼鄉,房地(土地+建物)+車位,苗栗縣銅鑼鄉弘揚路10號右側第二塊地,27.96,住,,,1150505,土地1建物1車位1,五層,7,華廈(10層含以下有電梯),住家用,鋼筋混凝土造,,107.78,3,2,2,有,無,10580000,101699,一樓平面,16.53,1300000,,RPPNMLRJNHLGFEK09CB,弘景大同綻,5F-B號,
竹南鎮,房地(土地+建物)+車位,苗栗縣竹南鎮仁愛路586號旁,51.4,住,,,1150411,土地1建物1車位1,三層,5,華廈(10層含以下有電梯),住家用,鋼筋混凝土造,,113.44,3,2,2,有,無,17750000,163118,一樓平面,18.11,2200000,,RPPNMLSJNHLGFDK09CB,跑三圈,A棟2-3F號,
竹南鎮,房地(土地+建物)+車位,苗栗縣竹南鎮仁愛路586號旁,48.89,住,,,1150412,土地1建物1車位1,三層,5,華廈(10層含以下有電梯),住家用,鋼筋混凝土造,,108.74,3,2,2,有,無,17880000,170804,一樓平面,18.11,2400000,,RPQNMLSJNHLGFDK56CB,跑三圈,A棟1-3F號,
頭份市,房地(土地+建物)+車位,苗栗縣頭份市公園七街與公北二路交叉口,13.91,商,,,1150411,土地1建物1車位1,八層,21,住宅大樓(11層含以上有電梯),住家用,鋼筋混凝土造,,155.25,3,2,2,有,無,16450000,121347,坡道平面,34.11,1750000,,RPPNMLSJNHLGFFK66CB,益翔詠樂家,A5棟8F號,
頭份市,房地(土地+建物)+車位,苗栗縣頭份市公園七街與公北二路交叉口,9.3,商,,,1150411,土地1建物1車位1,六層,21,住宅大樓(11層含以上有電梯),住家用,鋼筋混凝土造,,115.12,2,2,2,有,無,11420000,116899,坡道平面,34.11,1950000,,RPQNMLSJNHLGFFK76CB,益翔詠樂家,A6棟6F號,
頭份市,房地(土地+建物)+車位,苗栗縣頭份市公園七街與公北二路交叉口,9.3,商,,,1150411,土地1建物1車位1,八層,21,住宅大樓(11層含以上有電梯),住家用,鋼筋混凝土造,,115.12,2,2,2,有,無,11100000,119121,坡道平面,34.11,1450000,,RPRNMLSJNHLGFFK86CB,益翔詠樂家,A6棟8F號,
頭份市,房地(土地+建物)+車位,苗栗縣頭份市公園七街與公北二路交叉口,9.53,商,,,1150411,土地1建物1車位1,四層,21,住宅大樓(11層含以上有電梯),住家用,鋼筋混凝土造,,117.28,2,2,2,有,無,11150000,116629,坡道平面,34.11,1450000,,RPSNMLSJNHLGFFK96CB,益翔詠樂家,A7棟4F號,
頭份市,房地(土地+建物)+車位,苗栗縣頭份市公園七街與公北二路交叉口,9.53,商,,,1150412,土地1建物1車位1,九層,21,住宅大樓(11層含以上有電梯),住家用,鋼筋混凝土造,,117.28,2,2,2,有,無,12230000,122400,坡道平面,34.11,2050000,,RPTNMLSJNHLGFFK07CB,益翔詠樂家,A7棟9F號,
頭份市,房地(土地+建物)+車位,苗栗縣頭份市公園七街與公北二路交叉口,9.53,商,,,1150412,土地1建物1車位1,十七層,21,住宅大樓(11層含以上有電梯),住家用,鋼筋混凝土造,,117.28,2,2,2,有,無,12200000,129253,坡道平面,34.11,1450000,,RPUNMLSJNHLGFFK17CB,益翔詠樂家,A7棟17F號,
頭份市,房地(土地+建物)+車位,苗栗縣頭份市公園七街與公北二路交叉口,13.18,商,,,1150412,土地1建物1車位1,八層,21,住宅大樓(11層含以上有電梯),住家用,鋼筋混凝土造,,148.98,3,2,2,有,無,15100000,116218,坡道平面,34.11,1750000,,RPVNMLSJNHLGFFK27CB,益翔詠樂家,A8棟8F號,
頭份市,房地(土地+建物)+車位,苗栗縣頭份市公園七街與公北二路交叉口,13.18,商,,,1150412,土地1建物1車位1,九層,21,住宅大樓(11層含以上有電梯),住家用,鋼筋混凝土造,,148.98,3,2,2,有,無,15610000,118046,坡道平面,34.11,2050000,,RPWNMLSJNHLGFFK37CB,益翔詠樂家,A8棟9F號,
頭份市,房地(土地+建物)+車位,苗栗縣頭份市富強二街,19.26,住,,,1150427,土地1建物1車位1,三層,12,住宅大樓(11層含以上有電梯),住家用,鋼筋混凝土造,,120.47,2,2,2,有,無,11500000,113135,坡道平面,34.29,1750000,,RPPNMLTJNHLGFFK76CB,昌隆廣場-勝好,A5棟03F號,
公館鄉,房地(土地+建物)+車位,苗栗縣公館鄉中義村6鄰中義125號旁,39.73,,特定農業區,甲種建築用地,1150417,土地3建物1車位1,七層,8,華廈(10層含以下有電梯),住家用,鋼筋混凝土造,,125.62,3,2,2,有,無,9300000,78344,一樓平面,18.4,900000,,RPQNMLLKNHLGFBK38CB,青川敦品,B棟7號,
公館鄉,房地(土地+建物)+車位,苗栗縣公館鄉中義村6鄰中義125號旁,44.8,,特定農業區,甲種建築用地,1150420,土地4建物1車位1,五層,8,華廈(10層含以下有電梯),住家用,鋼筋混凝土造,,85.34,2,2,1,有,無,6680000,72768,一樓平面,5.91,900000,,RPRNMLLKNHLGFBK48CB,青川敦品,E棟5號,
竹南鎮,房地(土地+建物)+車位,苗栗縣竹南鎮科學路,16.17,其他,,,1150503,土地1建物1車位1,三層,15,辦公商業大樓,商業用,鋼筋混凝土造,,143.15,3,2,2,有,無,11860000,87071,坡道平面,28.76,1900000,,RPPNMLLKNHLGFDK48CB,亮晶晶,A7棟3號,
竹南鎮,房地(土地+建物)+車位,苗栗縣竹南鎮科學路,17.32,其他,,,1150507,土地1建物1車位1,四層,15,辦公商業大樓,商業用,鋼筋混凝土造,,147.98,3,2,2,有,無,12560000,87113,坡道平面,25.61,1900000,,RPQNMLLKNHLGFDK58CB,亮晶晶,A3棟4號,
竹南鎮,房地(土地+建物)+車位,苗栗縣竹南鎮大埔一街,38.77,住,,,1150509,土地1建物1車位1,三層,5,華廈(10層含以下有電梯),住家用,鋼筋混凝土造,,84.62,2,2,2,有,無,11400000,134720,一樓平面,13.57,0,,RPRNMLLKNHLGFDK68CB,大埔之上,A2棟3F號,
竹南鎮,房地(土地+建物),苗栗縣竹南鎮復興路547巷附近,100.01,,特定農業區,甲種建築用地,1150419,土地1建物1車位0,全,4,透天厝,住家用,鋼筋混凝土造,,188.17,5,2,6,有,無,19780000,105118,,0.0,0,,RPPNMLMKNHLGFDK58CB,雲朵朵,B7棟0號,
竹南鎮,房地(土地+建物),苗栗縣竹南鎮復興路547巷附近,100.01,,特定農業區,甲種建築用地,1150419,土地1建物1車位0,全,4,透天厝,住家用,鋼筋混凝土造,,188.17,6,2,6,有,無,19780000,105118,,0.0,0,,RPQNMLMKNHLGFDK68CB,雲朵朵,B8棟0號,
後龍鎮,房地(土地+建物),苗栗縣後龍鎮新港一路及高鐵六路交叉路口,25.38,住,,,1150504,土地1建物1車位0,六層,7,華廈(10層含以下有電梯),住家用,鋼筋混凝土造,,72.3,2,1,1,有,無,6430000,88935,,0.0,0,,RPUNMLMKNHLGFDK09CB,綻高鐵,D棟D2-6F號,
銅鑼鄉,房地(土地+建物)+車位,苗栗縣銅鑼鄉弘揚路10號右側第二塊地,27.96,住,,,1150502,土地1建物1車位1,四層,7,華廈(10層含以下有電梯),住家用,鋼筋混凝土造,,107.78,3,2,2,有,無,10250000,99178,一樓平面,16.53,1200000,,RPPNMLMKNHLGFEK68CB,弘景大同綻,4F-A號,
頭份市,房地(土地+建物)+車位,苗栗縣頭份市信六街與立德街102巷交叉口,25.45,住,,,1150429,土地1建物1車位1,六層,14,住宅大樓(11層含以上有電梯),住家用,鋼筋混凝土造,,146.79,3,2,2,有,無,14550000,109391,坡道平面,29.23,1690000,,RPPNMLMKNHLGFFK78CB,誠佳?學,B棟B5-6F號,
頭份市,房地(土地+建物)+車位,苗栗縣頭份市信義路,23.07,住,,,1150502,土地12建物1車位1,七層,15,住宅大樓(11層含以上有電梯),住家用,鋼筋混凝土造,,129.58,2,2,2,有,無,14900000,135249,坡道平面,34.94,2100000,,RPQNMLMKNHLGFFK88CB,臻研．硯,A3棟7F號,
頭份市,房地(土地+建物)+車位,苗栗縣頭份市信六街與立德街102巷交叉口,20.24,住,,,1150429,土地1建物1車位1,八層,14,住宅大樓(11層含以上有電梯),住家用,鋼筋混凝土造,,122.62,2,2,1,有,無,12110000,111575,坡道平面,29.23,1690000,,RPRNMLMKNHLGFFK98CB,誠佳?學,B棟B3-8F號,
頭份市,房地(土地+建物)+車位,苗栗縣頭份市信六街與立德街102巷交叉口,25.45,住,,,1150506,土地1建物1車位1,四層,14,住宅大樓(11層含以上有電梯),住家用,鋼筋混凝土造,,146.79,3,2,2,有,無,14170000,107009,坡道平面,29.23,1590000,,RPSNMLMKNHLGFFK09CB,誠佳?學,B棟B5-4F號,
後龍鎮,房地(土地+建物)+車位,苗栗縣後龍鎮新港七路,30.19,住,,,1150421,土地1建物1車位1,五層,7,華廈(10層含以下有電梯),住家用,鋼筋混凝土造,,128.19,3,2,2,有,無,10500000,87745,坡道平面,26.19,1550000,,RPPNMLNKNHLGFDK68CB,新幹線,A棟A2-5F號,
後龍鎮,房地(土地+建物)+車位,苗栗縣後龍鎮新港七路,30.19,住,,,1150422,土地1建物1車位1,六層,7,華廈(10層含以下有電梯),住家用,鋼筋混凝土造,,128.19,3,2,2,有,無,10320000,85980,坡道平面,26.19,1550000,親友、員工、共有人或其他特殊關係間之交易；,RPQNMLNKNHLGFDK78CB,新幹線,A棟A2-6F號,
後龍鎮,房地(土地+建物)+車位,苗栗縣後龍鎮新港七路,30.19,住,,,1150425,土地1建物1車位1,七層,7,華廈(10層含以下有電梯),住家用,鋼筋混凝土造,,128.19,3,2,2,有,無,10500000,88725,坡道平面,26.19,1450000,,RPRNMLNKNHLGFDK88CB,新幹線,A棟A2-7F號,
後龍鎮,房地(土地+建物),苗栗縣後龍鎮新港七路,17.91,住,,,1150501,土地1建物1車位0,五層,7,華廈(10層含以下有電梯),住家用,鋼筋混凝土造,,60.48,2,2,1,有,無,5750000,95073,,0.0,0,,RPSNMLNKNHLGFDK98CB,新幹線,B棟B3-5F號,
後龍鎮,房地(土地+建物),苗栗縣後龍鎮新港七路,17.91,住,,,1150419,土地1建物1車位0,六層,7,華廈(10層含以下有電梯),住家用,鋼筋混凝土造,,60.48,2,2,1,有,無,5800000,95899,,0.0,0,親友、員工、共有人或其他特殊關係間之交易；,RPTNMLNKNHLGFDK09CB,新幹線,B棟B3-6F號,
後龍鎮,房地(土地+建物),苗栗縣後龍鎮新港七路,17.91,住,,,1150501,土地1建物1車位0,七層,7,華廈(10層含以下有電梯),住家用,鋼筋混凝土造,,60.48,2,2,1,有,無,5850000,96726,,0.0,0,,RPUNMLNKNHLGFDK56CB,新幹線,B棟B3-7F號,
頭份市,房地(土地+建物)+車位,苗栗縣頭份市公園七街與公北二路交叉口,9.3,商,,,1150414,土地1建物1車位1,七層,21,住宅大樓(11層含以上有電梯),住家用,鋼筋混凝土造,,115.12,2,2,2,有,無,11580000,118874,坡道平面,34.11,1950000,,RPPNMLNKNHLGFFK88CB,益翔詠樂家,A6棟7F號,
頭份市,房地(土地+建物)+車位,苗栗縣頭份市公園七街與公北二路交叉口,9.3,商,,,1150414,土地1建物1車位1,九層,21,住宅大樓(11層含以上有電梯),住家用,鋼筋混凝土造,,113.94,2,2,2,有,無,11580000,120109,坡道平面,32.93,1850000,,RPRNMLNKNHLGFFK09CB,益翔詠樂家,A6棟9F號,
後龍鎮,房地(土地+建物)+車位,苗栗縣後龍鎮康榔八街,24.97,住,,,1150430,土地1建物1車位1,二層,7,華廈(10層含以下有電梯),住家用,鋼筋混凝土造,,64.03,2,2,2,有,無,7360000,114946,一樓平面,0.0,1500000,此車位為一樓戶外約定專用之法定車位,RPPNMLOKNHLGFDK78CB,嶄邑懂厚,B棟2F號,
後龍鎮,房地(土地+建物)+車位,苗栗縣後龍鎮康榔八街,24.97,住,,,1150430,土地1建物1車位1,三層,7,華廈(10層含以下有電梯),住家用,鋼筋混凝土造,,64.03,2,2,2,有,無,7560000,118070,一樓平面,0.0,1500000,此車位為一樓戶外約定專用之法定車位,RPQNMLOKNHLGFDK88CB,嶄邑懂厚,B棟3F號,
後龍鎮,房地(土地+建物)+車位,苗栗縣後龍鎮康榔八街,24.97,住,,,1150421,土地1建物1車位1,四層,7,華廈(10層含以下有電梯),住家用,鋼筋混凝土造,,64.03,2,2,2,有,無,7360000,114946,一樓平面,0.0,1500000,此車位為一樓戶外約定專用之法定車位,RPRNMLOKNHLGFDK98CB,嶄邑懂厚,B棟4F號,
竹南鎮,房地(土地+建物)+車位,苗栗縣竹南鎮天文路,15.22,商,,,1150509,土地1建物1車位1,二十四層,24,住宅大樓(11層含以上有電梯),住家用,鋼筋混凝土造,,168.29,3,2,2,有,無,24380000,156389,坡道平面,23.97,1810000,光復段1432地號等19筆,RPSNMLOKNHLGFDK09CB,新業恆一,乙棟24F-H號,
後龍鎮,房地(土地+建物)+車位,苗栗縣後龍鎮校椅一路與頂椅二街口,48.07,住,,,1150418,土地1建物1車位1,三層,5,華廈(10層含以下有電梯),住家用,鋼筋混凝土造,,117.83,3,2,2,有,無,10830000,92525,一樓平面,13.75,1200000,,RPPNMLPKNHLGFDK88CB,玥。蔚來,A棟3F-A1號,
後龍鎮,房地(土地+建物)+車位,苗栗縣後龍鎮校椅一路與頂椅二街口,41.1,住,,,1150418,土地1建物1車位1,三層,5,華廈(10層含以下有電梯),住家用,鋼筋混凝土造,,102.74,2,2,2,有,無,9450000,92707,一樓平面,13.75,1200000,,RPQNMLPKNHLGFDK98CB,玥。蔚來,A棟3F-A3號,
竹南鎮,房地(土地+建物)+車位,苗栗縣竹南鎮山佳里照南路184巷附近,54.33,住,,,1150422,土地5建物1車位1,五層,5,華廈(10層含以下有電梯),住家用,鋼筋混凝土造,,123.67,3,2,2,有,無,10080000,81507,一樓平面,0.0,0,土地交易標的包含龍鳳東段697.686-1地號等2筆土地且位於本案建築基地範圍外,RPRNMLPKNHLGFDK09CB,御國爵仕,A棟5-2號,
頭份市,房地(土地+建物)+車位,苗栗縣頭份市公園七街與公北二路交叉口,9.53,商,,,1150420,土地1建物1車位1,五層,21,住宅大樓(11層含以上有電梯),住家用,鋼筋混凝土造,,116.1,2,2,2,有,無,11130000,118793,坡道平面,32.93,1250000,,RPPNMLQKNHLGFFK56CB,益翔詠樂家,A7棟5F號,
頭份市,房地(土地+建物)+車位,苗栗縣頭份市公園七街與公北二路交叉口,9.3,商,,,1150427,土地1建物1車位1,四層,21,住宅大樓(11層含以上有電梯),住家用,鋼筋混凝土造,,113.94,2,2,2,有,無,10540000,114677,坡道平面,32.93,1250000,,RPQNMLQKNHLGFFK66CB,益翔詠樂家,A6棟4F號,
頭份市,房地(土地+建物)+車位,苗栗縣頭份市公園七街與公北二路交叉口,9.53,商,,,1150427,土地1建物1車位1,七層,21,住宅大樓(11層含以上有電梯),住家用,鋼筋混凝土造,,117.28,2,2,2,有,無,11600000,122039,坡道平面,34.11,1450000,,RPRNMLQKNHLGFFK76CB,益翔詠樂家,A7棟7F號,
頭份市,房地(土地+建物)+車位,苗栗縣頭份市公園七街與公北二路交叉口,9.53,商,,,1150420,土地1建物1車位1,八層,21,住宅大樓(11層含以上有電梯),住家用,鋼筋混凝土造,,117.28,2,2,2,有,無,11500000,120837,坡道平面,34.11,1450000,,RPSNMLQKNHLGFFK86CB,益翔詠樂家,A7棟8F號,
苑裡鎮,房地(土地+建物),苗栗縣苑裡鎮山?里3號旁,91.53,,特定農業區,甲種建築用地,1150426,土地2建物1車位0,全,3,透天厝,住家用,鋼筋混凝土造,,102.91,3,2,3,有,無,8750000,85026,,0.0,0,,RPQNMLTKNHLGFCK66CB,宏庭,D1棟0號,
竹南鎮,房地(土地+建物)+車位,苗栗縣竹南鎮公義路跟科專二路口,22.51,商,,,1150421,土地1建物1車位2,十五層,15,住宅大樓(11層含以上有電梯),住家用,鋼筋混凝土造,,222.67,3,2,2,有,無,29780000,169516,坡道平面,68.82,3700000,,RPWNMLTKNHLGFDK37CB,惠宇新向,F棟15號,
竹南鎮,房地(土地+建物)+車位,苗栗縣竹南鎮中華路上,32.82,,特定農業區,甲種建築用地,1150509,土地1建物1車位1,十一層,12,住宅大樓(11層含以上有電梯),住家用,鋼筋混凝土造,,143.38,3,2,2,有,無,11680000,85110,坡道平面,24.71,1580000,,RPXNMLTKNHLGFDK47CB,富來旺,B棟11F-B1號,
竹南鎮,房地(土地+建物)+車位,苗栗縣竹南鎮中華路上,30.06,,特定農業區,甲種建築用地,1150428,土地1建物1車位1,五層,12,住宅大樓(11層含以上有電梯),住家用,鋼筋混凝土造,,133.61,3,2,2,有,無,11000000,87420,坡道平面,24.71,1480000,,RPOOMLTKNHLGFDK66CB,富來旺,B棟5F-B3號,
頭份市,房地(土地+建物)+車位,苗栗縣頭份市光華段1238地號,18.47,商,,,1150508,土地1建物1車位2,五層,19,住宅大樓(11層含以上有電梯),住家用,鋼筋混凝土造,,223.81,4,2,2,有,無,23180000,111463,坡道平面,49.94,3800000,,RPQNMLTKNHLGFFK96CB,富麗賀,B2棟5F號,
頭份市,房地(土地+建物)+車位,苗栗縣頭份市光華段1238地號,12.93,商,,,1150508,土地1建物1車位1,五層,19,住宅大樓(11層含以上有電梯),住家用,鋼筋混凝土造,,146.72,3,2,2,有,無,15650000,114579,坡道平面,24.97,1700000,,RPRNMLTKNHLGFFK07CB,富麗賀,B6棟5F號,
頭份市,房地(土地+建物)+車位,苗栗縣頭份市八德二路,26.63,住,,,1150509,土地1建物1車位1,三層,5,華廈(10層含以下有電梯),住家用,鋼筋混凝土造,,85.79,2,2,1,有,無,10300000,119934,一樓平面,13.25,1600000,,RPPNMLKLNHLGFFK68CB,八德盛景,3F-B號,
苑裡鎮,房地(土地+建物),苗栗縣苑裡鎮新復里新復九鄰134號旁,109.75,,特定農業區,甲種建築用地,1150503,土地4建物1車位0,全,3,透天厝,住家用,鋼筋混凝土造,,170.47,6,3,2,有,無,13980000,82009,,0.0,0,,RPPNMLLLNHLGFCK48CB,院裡墅,A棟A1號,
後龍鎮,房地(土地+建物)+車位,苗栗縣後龍鎮校椅一路與頂椅二街口,41.18,住,,,1150422,土地1建物1車位1,二層,5,華廈(10層含以下有電梯),住家用,鋼筋混凝土造,,102.92,2,2,2,有,無,10600000,105417,一樓平面,13.75,1200000,本戶有約定專用露臺,RPPNMLLLNHLGFDK58CB,玥。蔚來,A棟2F-A2號,
竹南鎮,房地(土地+建物)+車位,苗栗縣竹南鎮仁愛路586號旁,51.4,住,,,1150425,土地1建物1車位1,五層,5,華廈(10層含以下有電梯),住家用,鋼筋混凝土造,,113.44,3,2,2,有,無,17800000,163642,一樓平面,18.11,2200000,,RPPNMLMLNHLGFDK68CB,跑三圈,A棟2-5F號,
後龍鎮,房地(土地+建物)+車位,苗栗縣後龍鎮新港七路,30.99,住,,,1150501,土地1建物1車位1,二層,5,華廈(10層含以下有電梯),住家用,鋼筋混凝土造,,85.54,2,2,1,有,無,8580000,107548,其他,15.06,1000000,,RPPNMLPLNHLGFDK98CB,幸福雄郡NO27,2F-A號,
後龍鎮,房地(土地+建物)+車位,苗栗縣後龍鎮校椅一路與頂椅二街口,39.2,住,,,1150427,土地1建物1車位1,二層,5,華廈(10層含以下有電梯),住家用,鋼筋混凝土造,,98.62,2,2,2,有,無,9000000,91905,一樓平面,13.75,1200000,,RPPNMLQLNHLGFDK09CB,玥。蔚來,B棟2F-B5號,
竹南鎮,房地(土地+建物)+車位,苗栗縣竹南鎮維新路328號旁,24.02,住,,,1150429,土地1建物1車位1,十四層,14,住宅大樓(11層含以上有電梯),住家用,鋼筋混凝土造,,154.2,3,2,2,有,無,16190000,121837,坡道平面,34.86,1650000,交易總價含下列非屬預售屋價格之費用:裝潢費840000元；,RPQNMLQLNHLGFDK56CB,微新生活,A6棟14樓號,
後龍鎮,房地(土地+建物)+車位,苗栗縣後龍鎮光華路中山路口,13.68,商,,,1150508,土地1建物1車位1,十三層,15,住宅大樓(11層含以上有電梯),住家用,鋼筋混凝土造,,108.41,1,1,1,有,無,9870000,108471,坡道平面,33.09,1700000,,RPPNMLRLNHLGFDK56CB,名軒心城市,A棟A3-13F號,
竹南鎮,房地(土地+建物)+車位,苗栗縣竹南鎮公義路,52.67,,山坡地保育區,丙種建築用地,1150508,土地6建物1車位1,七層,7,華廈(10層含以下有電梯),住家用,鋼筋混凝土造,,121.0,2,2,2,有,無,13300000,127082,坡道平面,29.72,1700000,土地交易標的包含廣源段702.703.704.713等4筆土地且位於本案建築基地範圍外,RPPNMLSLNHLGFDK66CB,與山前,A5棟7F號,
頭份市,房地(土地+建物)+車位,苗栗縣頭份市公園七街與公北二路交叉口,13.18,商,,,1150504,土地1建物1車位1,二層,21,住宅大樓(11層含以上有電梯),住家用,鋼筋混凝土造,,148.98,3,2,2,有,無,14500000,113607,坡道平面,34.11,1450000,,RPPNMLKMNHLGFFK78CB,益翔詠樂家,A8棟2F號,
頭份市,房地(土地+建物)+車位,苗栗縣頭份市公園七街與公北二路交叉口,13.8,商,,,1150504,土地1建物1車位1,十八層,21,住宅大樓(11層含以上有電梯),住家用,鋼筋混凝土造,,154.43,3,2,2,有,無,16610000,121842,坡道平面,34.11,1950000,,RPQNMLKMNHLGFFK88CB,益翔詠樂家,A9棟18F號,
後龍鎮,房地(土地+建物)+車位,苗栗縣後龍鎮校椅一路與頂椅二街口,48.07,住,,,1150508,土地1建物1車位1,二層,5,華廈(10層含以下有電梯),住家用,鋼筋混凝土造,,117.83,3,2,2,有,無,10670000,90988,一樓平面,13.75,1200000,,RPQNMLLJOHLGFDK58CB,玥。蔚來,A棟2F-A1號,
後龍鎮,房地(土地+建物)+車位,苗栗縣後龍鎮校椅一路與頂椅二街口,41.18,住,,,1150510,土地1建物1車位1,五層,5,華廈(10層含以下有電梯),住家用,鋼筋混凝土造,,89.17,2,2,2,有,無,9600000,107660,一樓平面,0.0,1200000,該車位於法地空地上,RPTNMLLJOHLGFDK88CB,玥。蔚來,A棟5F-A2號,
頭份市,房地(土地+建物)+車位,苗栗縣頭份市信義路,19.23,住,,,1150507,土地12建物1車位1,八層,15,住宅大樓(11層含以上有電梯),住家用,鋼筋混凝土造,,113.91,2,2,2,有,無,12990000,140433,坡道平面,34.94,1900000,,RPPNMLMJOHLGFFK78CB,臻研．硯,A6棟8F號,
頭份市,房地(土地+建物)+車位,苗栗縣頭份市信義路,26.87,住,,,1150508,土地12建物1車位1,七層,15,住宅大樓(11層含以上有電梯),住家用,鋼筋混凝土造,,145.17,3,2,2,有,無,17840000,140978,坡道平面,34.94,2300000,,RPQNMLMJOHLGFFK88CB,臻研．硯,A7棟7F號,
後龍鎮,房地(土地+建物),苗栗縣後龍鎮新港七路,17.91,住,,,1150508,土地1建物1車位0,六層,7,華廈(10層含以下有電梯),住家用,鋼筋混凝土造,,60.48,2,2,1,有,無,5980000,98876,,0.0,0,,RPQNMLRJOHLGFDK56CB,新幹線,A棟A3-6F號,
