鄉鎮市區,交易標的,土地位置建物門牌,土地面積平方公尺,都市土地使用分區,非都市土地使用分區,非都市土地使用編定,租賃年月日,租賃筆棟數,租賃層次,總樓層數,建物型態,主要用途,主要建材,建築完成年月,建物總面積平方公尺,建物現況格局-房,建物現況格局-廳,建物現況格局-衛,建物現況格局-隔間,有無管理組織,有無附傢俱,總額元,單價元平方公尺,車位類別,車位面積平方公尺,車位總額元,備註,編號,出租型態,有無管理員,租賃期間,有無電梯,附屬設備,租賃住宅服務
The villages and towns urban district,transaction sign,land sector position building sector house number plate,land shifting total area square meter,the use zoning or compiles and checks,the non-metropolis land use district,non-metropolis land use,transaction year month and day,transaction pen number,shifting level,total floor number,building state,main use,main building materials,construction to complete the years,building shifting total area,Building present situation pattern - room,building present situation pattern - hall,building present situation pattern - health,building present situation pattern - compartmented,Whether there is manages the organization,Whether there is attaches the furniture,total price NTD,the unit price (NTD / square meter),the berth category,berth shifting total area square meter,the berth total price NTD,the note,serial number,Rental type,Residential Manager,Rental period,elevator,equipment,Rental residential services
竹南鎮,租賃房屋,苗栗縣竹南鎮大埔里３鄰大埔一街１９７號三樓之一,0.0,,,,1150211,土地0建物1車位0,三層,10,華廈(10層含以下有電梯),商業用,鋼筋混凝土造,1050421,119.61,3,2,2,有,有,有,12500,105,,0.0,0,未租賃車位，建物登記含有車位面積；續租案件；,RPQNMLNKKHLGFDK58CC,整棟(戶)出租,有,1150301~1160228,有,冷氣、熱水器、洗衣機、電視機、冰箱、瓦斯或天然氣,社會住宅代管
竹南鎮,租賃房屋,苗栗縣竹南鎮竹南里１５鄰民族街６３號八樓之六,0.0,,,,1150212,土地0建物1車位0,八層,18,住宅大樓(11層含以上有電梯),住家用,鋼筋混凝土造,0871111,58.03,2,2,1,有,有,有,12000,207,,0.0,0,續租案件；,RPRNMLNKKHLGFDK68CC,整棟(戶)出租,有,1150228~1160227,有,冷氣、熱水器、洗衣機、電視機、冰箱、瓦斯或天然氣,社會住宅代管
竹南鎮,租賃房屋,苗栗縣竹南鎮大埔里１鄰大埔一街７５號三樓之二,0.0,,,,1150212,土地0建物1車位0,三層,9,華廈(10層含以下有電梯),住家用,鋼筋混凝土造,1051012,133.93,3,2,2,有,有,有,19800,148,,0.0,0,續租案件；,RPSNMLNKKHLGFDK78CC,整棟(戶)出租,有,1150221~1160220,有,冷氣、熱水器、洗衣機、電視機、冰箱、瓦斯或天然氣、有線電視,社會住宅代管
苗栗市,租賃房屋,苗栗縣苗栗市文山里５鄰至公路６０２巷１３號２樓之３,0.0,,,,1150213,土地0建物1車位0,二層,5,華廈(10層含以下有電梯),住家用,鋼筋混凝土造,1101124,104.31,3,2,2,有,有,無,15000,144,,0.0,0,未租賃車位，建物登記含有車位面積；,RPSNMLOLKHLGFBK78CC,整棟(戶)出租,有,1150301~1160228,有,冷氣、熱水器、洗衣機、冰箱、瓦斯或天然氣,社會住宅代管
造橋鄉,租賃房屋,苗栗縣造橋鄉九車籠５０號,0.0,,,,1150213,土地0建物1車位0,見其他登記事項,1,倉庫,工業用,有強鋼架造,0690831,1435.0,0,0,0,無,無,無,140000,,,0.0,0,,RPPNMLOLKHLGFDK68CC,,無,1150301~1160228,無,,
頭份市,租賃房屋,苗栗縣頭份市公園七街６３號５樓,0.0,,,,1150212,土地0建物1車位0,五層,14,住宅大樓(11層含以上有電梯),住家用,鋼筋混凝土造,1091016,115.19,3,2,2,有,有,有,20000,174,,0.0,0,,RPRNMLOLKHLGFFK09CC,整棟(戶)出租,有,1150401~1160331,有,冷氣、熱水器、洗衣機、電視機、冰箱、瓦斯或天然氣,
頭份市,租賃房屋,苗栗縣頭份市建國里１２鄰建國路１２２巷２９號六樓,0.0,,,,1150212,土地0建物1車位0,六層,7,華廈(10層含以下有電梯),住家用,鋼筋混凝土造,0820609,115.75,3,2,2,有,有,有,17500,151,,0.0,0,,RPTNMLOLKHLGFFK66CC,整棟(戶)出租,無,1150213~1160212,有,冷氣、熱水器、洗衣機、電視機、冰箱、瓦斯或天然氣,社會住宅包租轉租
竹南鎮,租賃房屋+車位,苗栗縣竹南鎮大埔一街６０號６樓,0.0,,,,1150225,土地0建物1車位1,六層,15,住宅大樓(11層含以上有電梯),住家用,鋼筋混凝土造,1090915,117.02,2,1,1,有,有,有,23324,199,坡道平面,30.75,0,租金含稅租金總額含管理費；,RPPNMLPLKHLGFDK78CC,整棟(戶)出租,有,1150301~1160228,有,冷氣、熱水器、洗衣機、電視機、冰箱、瓦斯或天然氣,
後龍鎮,租賃房屋,苗栗縣後龍鎮校椅里１２鄰校椅一路４６０號５樓之２,0.0,,,,1150213,土地0建物1車位0,五層,7,華廈(10層含以下有電梯),集合住宅,鋼筋混凝土造,1090908,90.8,2,1,1,有,有,有,14000,154,,0.0,0,未租賃車位，建物登記含有車位面積；,RPUNMLPLKHLGFDK66CC,整棟(戶)出租,有,1150324~1160323,有,冷氣、熱水器、洗衣機、電視機、冰箱、瓦斯或天然氣,社會住宅包租轉租
竹南鎮,租賃房屋,苗栗縣竹南鎮大埔里２鄰大埔十街４６巷２號２樓之１,0.0,,,,1150212,土地0建物1車位0,二層,10,華廈(10層含以下有電梯),住家用,鋼筋混凝土造,1060825,123.30000000000001,3,2,2,有,有,有,16400,133,,0.0,0,續租案件；,RPVNMLPLKHLGFDK76CC,整棟(戶)出租,有,1150219~1160218,有,冷氣、熱水器、洗衣機、電視機、瓦斯或天然氣,社會住宅代管
竹南鎮,租賃房屋,苗栗縣竹南鎮大埔里２鄰科專七路２０５號十一樓之三,0.0,,,,1150213,土地0建物1車位0,十一層,12,住宅大樓(11層含以上有電梯),住家用,ＲＣ造、鋼骨造,1050414,81.82000000000001,2,1,1,有,有,有,14000,171,,0.0,0,多人共同承租2；,RPWNMLPLKHLGFDK86CC,整棟(戶)出租,有,1150213~1160212,有,冷氣、熱水器、洗衣機、冰箱、瓦斯或天然氣,社會住宅包租轉租
頭份市,租賃房屋,苗栗縣頭份市八德一路２００號,0.0,,,,1150214,土地0建物1車位0,全,4,透天厝,住家用,鋼筋混凝土造,0870922,242.05,5,2,3,有,無,有,41000,169,,0.0,0,,RPRNMLPLKHLGFFK56CC,整棟(戶)出租,無,1150301~1160228,無,,
苗栗市,租賃房屋,苗栗縣苗栗市水源里２０鄰陽明１２９號五樓之八,0.0,,,,1150213,土地0建物1車位0,五層,5,華廈(10層含以下有電梯),住家用,鋼筋混凝土造,0851030,26.580000000000002,1,0,1,有,有,有,4500,169,,0.0,0,租金總額含管理費；,RPPNMLQLKHLGFBK68CC,獨立套房,有,1150213~1151018,有,冷氣、熱水器、洗衣機、電視機、冰箱、有線電視、網路,社會住宅包租轉租
苗栗市,租賃房屋,苗栗縣苗栗市忠孝路１８２號四樓,0.0,,,,1150213,土地0建物1車位0,四層,5,公寓(5樓含以下無電梯),住家用,鋼筋混凝土造,0681112,107.53,4,2,1,有,無,有,9000,84,,0.0,0,,RPQNMLQLKHLGFBK78CC,整棟(戶)出租,無,1150216~1160215,無,冷氣、熱水器、洗衣機、瓦斯或天然氣,社會住宅代管
竹南鎮,租賃房屋,苗栗縣竹南鎮大埔六街８２巷５號（５樓）,0.0,,,,1150226,土地0建物0車位0,全,7,透天厝,停車空間、住宅、梯間、水箱、機房,鋼筋混凝土造,1121017,25.79,6,0,6,有,無,有,9000,349,,0.0,0,含機車位一個租金總額含管理費；水費；網路費；,RPPNMLQLKHLGFDK88CC,分租套房,無,1150301~1160228,有,冷氣、熱水器、洗衣機、電視機、冰箱,
頭份市,租賃房屋,苗栗縣頭份市中華路９２２號１１樓之９,0.0,,,,1150212,土地0建物1車位0,十一層,11,住宅大樓(11層含以上有電梯),住商用,鋼筋混凝土造,0821221,114.21,2,2,2,有,有,有,11000,96,,0.0,0,續租案件；,RPPNMLQLKHLGFFK09CC,整棟(戶)出租,有,1150214~1160213,有,冷氣、熱水器、瓦斯或天然氣,社會住宅代管
頭份市,租賃房屋,苗栗縣頭份市自強里１５鄰忠孝一路１３８巷１５號,0.0,,,,1150212,土地0建物1車位0,全,2,透天厝,住家用,加強磚造,0710515,89.92,3,2,3,有,無,有,10000,111,,0.0,0,續租案件；,RPQNMLQLKHLGFFK56CC,整棟(戶)出租,無,1150216~1160215,無,熱水器、瓦斯或天然氣,社會住宅代管
竹南鎮,租賃房屋+車位,苗栗縣竹南鎮科專三路２３號４樓之３,0.0,,,,1150227,土地0建物1車位1,四層,10,華廈(10層含以下有電梯),住家用,鋼筋混凝土造,1050422,162.51,4,1,2,有,有,有,22000,135,坡道平面,26.44,0,租金總額含管理費；,RPQNMLRLKHLGFDK09CC,整棟(戶)出租,有,1150227~1160228,有,冷氣、熱水器、洗衣機、電視機、冰箱、瓦斯或天然氣,
頭份市,租賃房屋,苗栗縣頭份市合興里５鄰信義路４８７巷１０號４樓之１,0.0,,,,1150223,土地0建物1車位0,四層,5,華廈(10層含以下有電梯),集合住宅,鋼筋混凝土造,1130709,96.36,2,2,2,有,有,有,17300,180,,0.0,0,未租賃車位，建物登記含有車位面積；,RPPNMLRLKHLGFFK56CC,整棟(戶)出租,有,1150301~1160228,有,冷氣、熱水器、洗衣機、冰箱、瓦斯或天然氣,社會住宅代管
苑裡鎮,租賃房屋,苗栗縣苑裡鎮苑港里１鄰３-３５號,77.32,住,,,1150221,土地1建物1車位0,全,4,透天厝,住家用,鋼筋混凝土造,0810704,204.63,5,3,3,有,無,無,22000,108,,0.0,0,,RPPNMLLJLHLGFCK18CC,整棟(戶)出租,無,1150301~1160228,無,冷氣、洗衣機、電視機、冰箱、瓦斯或天然氣,一般轉租
竹南鎮,租賃房屋,苗栗縣竹南鎮大埔街１４７號（４樓）,0.0,,,,1150301,土地0建物0車位0,全,4,透天厝,住商用、停車空間,鋼筋混凝土造,1061229,49.29,3,3,3,有,無,有,11500,233,,0.0,0,租金總額含管理費；水費；網路費；租賃建物部分範圍，且未計入共有部分面積；,RPPNMLLJLHLGFDK28CC,分租套房,無,1150301~1160228,無,冷氣、熱水器、洗衣機、電視機、冰箱、有線電視、網路,
竹南鎮,租賃房屋,苗栗縣竹南鎮龍山里１９鄰龍昇街１８７巷２８號六樓之一,0.0,,,,1150223,土地0建物1車位0,六層,10,華廈(10層含以下有電梯),集合住宅,鋼筋混凝土造,1140808,56.21000000000001,1,1,1,有,有,有,14000,249,,0.0,0,管理費待管委會成立後決議，而管理費由出租人負擔租金總額含管理費；,RPPNMLMJLHLGFDK38CC,獨立套房,無,1150301~1160228,有,冷氣、熱水器、洗衣機、電視機、冰箱、瓦斯或天然氣,社會住宅包租轉租
竹南鎮,租賃房屋,苗栗縣竹南鎮大埔里８鄰科學路２７５號３樓之５,0.0,,,,1150223,土地0建物1車位0,三層,15,住宅大樓(11層含以上有電梯),集合住宅,鋼筋混凝土結構造,1140312,130.8,3,2,2,有,有,有,19800,151,,0.0,0,,RPQNMLMJLHLGFDK48CC,整棟(戶)出租,有,1150301~1160228,有,冷氣、熱水器、洗衣機、冰箱、瓦斯或天然氣,社會住宅代管
後龍鎮,租賃房屋,苗栗縣後龍鎮?榔二街２０９號,97.87,住,,,1150225,土地1建物1車位0,全,4,透天厝,住商用、停車空間,鋼筋混凝土造,1101230,257.8,4,3,6,有,有,有,36000,140,,0.0,0,含增建或未登記建物；,RPPNMLNJLHLGFDK48CC,整棟(戶)出租,無,1150316~1170315,有,冷氣、熱水器、瓦斯或天然氣,
頭份市,租賃房屋+車位,苗栗縣頭份市文林路３６巷５２弄９號７樓,0.0,,,,1150222,土地0建物1車位1,七層,9,華廈(10層含以下有電梯),集合住宅,鋼筋混凝土造,1080201,105.30000000000001,2,1,2,有,有,有,18000,171,坡道平面,9.91,0,,RPPNMLNJLHLGFFK68CC,整棟(戶)出租,無,1150301~1160228,有,冷氣、熱水器、洗衣機、電視機、冰箱、瓦斯或天然氣,
竹南鎮,租賃房屋,苗栗縣竹南鎮大埔六街８２巷３號（５樓）,0.0,,,,1150304,土地0建物0車位0,全,7,透天厝,停車空間、住宅、梯間、水箱、機房,鋼筋混凝土造,1121017,25.79,6,0,6,有,無,有,10500,407,,0.0,0,含機車位一個租金總額含管理費；水費；網路費；租賃建物部分範圍，且未計入共有部分面積；,RPQNMLOJLHLGFDK68CC,分租套房,無,1150305~1160331,有,冷氣、熱水器、洗衣機、電視機、冰箱、網路,
竹南鎮,租賃房屋+車位,苗栗縣竹南鎮大埔六街８２巷３號（３樓）,0.0,,,,1150304,土地0建物0車位1,全,7,透天厝,停車空間、住宅、梯間、水箱、機房,鋼筋混凝土造,1121017,38.31,6,0,6,有,無,有,15500,405,一樓平面,0.0,0,含機車位一個租金總額含管理費；水費；網路費；租賃建物部分範圍，且未計入共有部分面積；,RPTNMLOJLHLGFDK98CC,分租套房,無,1150305~1160331,有,冷氣、熱水器、洗衣機、電視機、冰箱、網路,
竹南鎮,租賃房屋,苗栗縣竹南鎮大營路３４號,0.0,,,,1150223,土地0建物1車位0,一層,8,店面(店鋪),商業用,鋼筋混凝土造,0840317,108.13,1,1,1,有,有,無,20000,185,,0.0,0,,RPQNMLPJLHLGFDK78CC,,無,1150305~1180304,有,,
苗栗市,租賃房屋,苗栗縣苗栗市恭敬里８鄰中正路１０９０號五樓之二十八,0.0,,,,1150225,土地0建物1車位0,五層,10,華廈(10層含以下有電梯),住家用,鋼筋混凝土造,0960716,36.63,1,0,1,有,有,有,6500,177,,0.0,0,租金總額含管理費；網路費；續租案件；,RPQNMLQJLHLGFBK68CC,獨立套房,有,1150314~1160313,有,冷氣、熱水器、洗衣機、網路,社會住宅代管
竹南鎮,租賃房屋,苗栗縣竹南鎮大埔里１９鄰五福新村１２４號,0.0,,,,1150305,土地0建物1車位0,全,2,透天厝,住家用,加強磚造,0700820,83.27,4,2,2,有,無,有,28000,336,,0.0,0,含增建或未登記建物；,RPPNMLQJLHLGFDK78CC,整棟(戶)出租,無,1150311~1160310,無,冷氣、熱水器、洗衣機、冰箱、瓦斯或天然氣,
竹南鎮,租賃房屋,苗栗縣竹南鎮大厝里４鄰真如路５６１巷２０弄３號五樓,0.0,,,,1150225,土地0建物1車位0,五層,5,華廈(10層含以下有電梯),住家用,鋼筋混凝土造,0980612,33.2,1,0,1,有,無,有,6000,181,,0.0,0,租金總額含水費；網路費；續租案件；,RPRNMLQJLHLGFDK98CC,獨立套房,無,1150317~1160131,有,冷氣、熱水器、洗衣機、電視機、冰箱、網路,社會住宅包租轉租
頭份市,租賃房屋,苗栗縣頭份市上興里２４鄰永昌街３巷３號５樓,0.0,,,,1150224,土地0建物1車位0,五層,7,華廈(10層含以下有電梯),住家用,鋼筋混凝土造,0860827,98.59,3,2,2,有,有,有,7700,78,,0.0,0,續租案件；,RPPNMLQJLHLGFFK98CC,整棟(戶)出租,有,1150226~1160225,有,冷氣、熱水器、冰箱、瓦斯或天然氣,社會住宅包租轉租
頭份市,租賃房屋,苗栗縣頭份市民族里７鄰中華路９５３巷９號十一樓,0.0,,,,1150225,土地0建物1車位0,十一層,13,住宅大樓(11層含以上有電梯),住家用,鋼筋混凝土造,0840331,96.13,3,2,2,有,有,有,13000,135,,0.0,0,租金總額含管理費；續租案件；,RPQNMLQJLHLGFFK09CC,整棟(戶)出租,有,1150310~1160309,有,冷氣、熱水器、洗衣機、瓦斯或天然氣,社會住宅代管
頭份市,租賃房屋,苗栗縣頭份市中興里５鄰中興路４３６巷８號３樓,0.0,,,,1150226,土地0建物1車位0,三層,11,住宅大樓(11層含以上有電梯),集合住宅,鋼筋混凝土造,1040827,97.08999999999999,2,2,1,有,有,有,17000,175,,0.0,0,續租案件；,RPSNMLQJLHLGFFK66CC,整棟(戶)出租,有,1150318~1160317,有,冷氣、熱水器、洗衣機、電視機、冰箱、瓦斯或天然氣,社會住宅代管
竹南鎮,租賃房屋,苗栗縣竹南鎮大埔一街２７號（５-１號房）,0.0,,,,1150308,土地0建物0車位0,全,5,透天厝,住宅、店舖、停車空間,鋼筋混凝土造,1040129,16.3,12,0,12,有,有,有,5500,337,,0.0,0,租金總額含管理費；水費；網路費；其他第四台費用；,RPPNMLSJLHLGFDK98CC,分租套房,無,1150310~1160309,有,冷氣、熱水器、電視機、冰箱、有線電視、網路,
頭份市,租賃房屋,苗栗縣頭份市東庄里６鄰富強三街３號二樓之三,0.0,,,,1150226,土地0建物1車位0,二層,15,住宅大樓(11層含以上有電梯),集合住宅,鋼筋混凝土造,1121103,89.14,2,1,1,有,有,有,15700,176,,0.0,0,續租案件；,RPPNMLSJLHLGFFK56CC,整棟(戶)出租,有,1150323~1160322,有,冷氣、熱水器、洗衣機、電視機、冰箱、瓦斯或天然氣,社會住宅包租轉租
竹南鎮,租賃房屋,苗栗縣竹南鎮大厝里４鄰真如路５６１巷２０弄５號五樓,0.0,,,,1150302,土地0建物1車位0,五層,5,華廈(10層含以下有電梯),住家用,鋼筋混凝土造,0980612,33.39,1,0,1,有,無,有,6300,189,,0.0,0,租金總額含水費；網路費；,RPPNMLTJLHLGFDK09CC,獨立套房,無,1150302~1151114,有,冷氣、熱水器、電視機、冰箱、網路,社會住宅包租轉租
頭份市,租賃房屋,苗栗縣頭份市合興里５鄰復興街６８號四樓,0.0,,,,1150225,土地0建物1車位0,四層,11,住宅大樓(11層含以上有電梯),集合住宅,鋼筋混凝土造,1020909,119.47999999999999,3,2,2,有,有,有,15000,126,,0.0,0,,RPPNMLTJLHLGFFK66CC,整棟(戶)出租,有,1150316~1160315,有,冷氣、熱水器、電視機、冰箱、瓦斯或天然氣,社會住宅包租轉租
頭份市,租賃房屋,苗栗縣頭份市興隆里１１鄰中華路１６２６巷１２３弄１５號二樓,0.0,,,,1150224,土地0建物1車位0,二層,6,華廈(10層含以下有電梯),集合住宅,鋼筋混凝土造,1110929,62.21000000000001,1,2,1,有,有,有,15000,241,,0.0,0,租金總額含管理費；,RPQNMLTJLHLGFFK76CC,整棟(戶)出租,無,1150224~1151130,有,冷氣、熱水器、洗衣機、電視機、冰箱、瓦斯或天然氣,社會住宅包租轉租
頭份市,租賃房屋,苗栗縣頭份市上興里１５鄰永昌街１８號三樓,0.0,,,,1150226,土地0建物1車位0,三層,7,華廈(10層含以下有電梯),住家用,鋼筋混凝土造,0860827,104.24000000000001,3,2,2,有,有,有,13000,125,,0.0,0,租金總額含管理費；,RPRNMLTJLHLGFFK86CC,整棟(戶)出租,有,1150226~1160225,有,冷氣、熱水器、洗衣機、冰箱、瓦斯或天然氣,社會住宅包租轉租
頭份市,租賃房屋,苗栗縣頭份市興隆里５鄰花園東路１１６號三樓,0.0,,,,1150225,土地0建物1車位0,三層,7,華廈(10層含以下有電梯),集合住宅,鋼筋混凝土造,1051222,134.31,3,2,2,有,有,有,18000,134,,0.0,0,,RPSNMLTJLHLGFFK96CC,整棟(戶)出租,有,1150301~1160228,有,冷氣、熱水器、洗衣機、電視機、冰箱、瓦斯或天然氣,社會住宅包租轉租
苗栗市,租賃房屋,苗栗縣苗栗市維新里４鄰新庄街３９巷２８號三樓之一,0.0,,,,1150225,土地0建物1車位0,三層,5,華廈(10層含以下有電梯),住家用,鋼筋混凝土造,1050729,131.22,3,2,2,有,有,有,17000,130,,0.0,0,租金總額含管理費；未租賃車位，建物登記含有車位面積；續租案件；,RPPNMLKKLHLGFBK08CC,整棟(戶)出租,無,1150315~1160314,有,冷氣、熱水器、洗衣機、電視機、冰箱、瓦斯或天然氣,社會住宅包租轉租
頭份市,租賃房屋+車位,苗栗縣頭份市文化街３２巷１００號２樓,0.0,,,,1150306,土地0建物1車位1,二層,5,華廈(10層含以下有電梯),集合住宅,鋼筋混凝土造,1140620,96.86999999999999,2,2,2,有,有,有,20000,206,一樓平面,0.0,0,租金含管理費,RPPNMLKKLHLGFFK48CC,整棟(戶)出租,有,1150315~1160314,有,冷氣、熱水器、洗衣機、電視機、冰箱、瓦斯或天然氣,
竹南鎮,租賃房屋,苗栗縣竹南鎮科專七路５０２號５樓５０１室,0.0,,,,1150305,土地0建物0車位0,五層,5,華廈(10層含以下有電梯),住家用,鋼筋混凝土造,1100406,28.66,8,0,8,有,有,有,13500,471,,0.0,0,租金總額含管理費；網路費；租賃建物部分範圍，且未計入共有部分面積；,RPPNMLMKLHLGFDK48CC,分租套房,有,1150306~1160305,有,冷氣、洗衣機、冰箱,
竹南鎮,租賃房屋,苗栗縣竹南鎮大埔街１６０號１樓,0.0,,,,1150212,土地0建物1車位0,一層,15,店面(店鋪),商業用,鋼筋混凝土造,1090915,141.59,0,0,0,無,有,無,31000,219,,0.0,0,免租裝修期間為自西元2026年3月5日至西元2026年4月15日止未租賃車位，建物登記含有車位面積；,RPQNMLMKLHLGFDK58CC,,有,1150305~1200215,有,,
頭份市,租賃房屋,苗栗縣頭份市信義路７３１巷１８弄２４號,0.0,,,,1150223,土地0建物1車位0,全,3,透天厝,住家用,鋼筋混凝土造,0830622,171.59,4,2,3,有,無,無,38000,221,,0.0,0,,RPPNMLMKLHLGFFK68CC,整棟(戶)出租,無,1150223~1160222,無,,
苗栗市,租賃房屋,苗栗縣苗栗市北苗里３１鄰自治路５２巷１７號二樓之一,0.0,,,,1150309,土地0建物1車位0,二層,5,華廈(10層含以下有電梯),住家用,鋼筋混凝土造,1070427,126.91,3,2,2,有,有,有,21500,169,,0.0,0,管理費500元由出租人負擔未租賃車位，建物登記含有車位面積；,RPPNMLNKLHLGFBK38CC,整棟(戶)出租,無,1150309~1160308,有,冷氣、熱水器、瓦斯或天然氣,社會住宅代管
竹南鎮,租賃房屋+車位,苗栗縣竹南鎮守法街５號１０樓之１０,0.0,,,,1150305,土地0建物1車位1,十層,15,住宅大樓(11層含以上有電梯),集合住宅,鋼筋混凝土造,1140526,121.53999999999999,2,2,2,有,有,有,22000,181,坡道平面,31.45,0,租金總額含管理費；,RPPNMLNKLHLGFDK58CC,整棟(戶)出租,有,1150331~1160228,有,冷氣、熱水器、洗衣機、冰箱,
竹南鎮,租賃房屋,苗栗縣竹南鎮頂埔里１５鄰中華路１３７巷８弄８之６號三樓,0.0,,,,1150306,土地0建物1車位0,三層,10,華廈(10層含以下有電梯),住家用,鋼筋混凝土造,0840106,94.43,2,2,1,有,有,有,13000,138,,0.0,0,,RPQNMLNKLHLGFDK68CC,整棟(戶)出租,有,1150306~1160305,有,冷氣、熱水器、洗衣機、電視機、冰箱、瓦斯或天然氣,社會住宅包租轉租
竹南鎮,租賃房屋,苗栗縣竹南鎮大埔一街２７號（２-２號房）,0.0,,,,1150313,土地0建物0車位0,全,5,透天厝,住宅、店舖、停車空間,鋼筋混凝土造,1040129,16.3,12,0,12,有,有,有,5500,337,,0.0,0,租金總額含管理費；水費；網路費；其他第四台費用；,RPSNMLNKLHLGFDK88CC,分租套房,無,1150315~1160314,有,冷氣、熱水器、電視機、冰箱、有線電視、網路,
頭份市,租賃房屋,苗栗縣頭份市文化街３２巷８８號二樓,0.0,,,,1150306,土地0建物1車位0,二層,5,華廈(10層含以下有電梯),集合住宅,鋼筋混凝土造,1140620,137.88,3,2,2,有,有,無,19000,138,,0.0,0,未租賃車位，建物登記含有車位面積；,RPPNMLNKLHLGFFK78CC,整棟(戶)出租,無,1150307~1160306,有,冷氣、熱水器、洗衣機、冰箱、瓦斯或天然氣,社會住宅代管
竹南鎮,租賃房屋,苗栗縣竹南鎮大埔一街６號１３樓之１（１３-１A室）,0.0,,,,1150314,土地0建物0車位0,十三層,13,住宅大樓(11層含以上有電梯),商業用,鋼筋混凝土造,1050518,25.33,2,2,2,有,有,有,13500,533,,0.0,0,多人共同承租2；租金總額含管理費；水費；網路費；其他第四台費用；租賃建物部分範圍，且未計入共有部分面積；,RPPNMLOKLHLGFDK68CC,分租套房,有,1150315~1160314,有,冷氣、熱水器、洗衣機、電視機、冰箱、有線電視、網路,
竹南鎮,租賃房屋+車位,苗栗縣竹南鎮仁德路３４６號３樓,0.0,,,,1150226,土地0建物1車位1,三層,10,華廈(10層含以下有電梯),集合住宅,鋼筋混凝土造,1120428,118.76,2,2,1,有,有,有,19500,164,坡道平面,28.94,0,,RPPNMLPKLHLGFDK78CC,整棟(戶)出租,有,1150302~1160301,有,冷氣、熱水器、洗衣機、冰箱、瓦斯或天然氣,
竹南鎮,土地,龍天段176地號,86.01,工,,,1150312,土地1建物0車位0,,,其他,,,,0.0,0,0,0,無,無,無,15000,174,,0.0,0,租部分土地面積含增建或未登記建物；,RPQNMLQKLHLGFDK98CC,,,1150401~1160331,,,
苗栗市,租賃房屋,苗栗縣苗栗市水源里２０鄰陽明４３號,0.0,,,,1150307,土地0建物1車位0,全,2,透天厝,住家用,加強磚造,0701230,102.76,4,2,2,有,無,無,16000,156,,0.0,0,,RPPNMLRKLHLGFBK78CC,整棟(戶)出租,無,1150307~1160306,無,冷氣、洗衣機、冰箱、瓦斯或天然氣,
竹南鎮,租賃房屋,苗栗縣竹南鎮大埔一街２７號（３-２號房）,0.0,,,,1150317,土地0建物0車位0,全,5,透天厝,住宅、店舖、停車空間,鋼筋混凝土造,1040129,16.3,12,0,12,有,有,有,5500,337,,0.0,0,租金總額含管理費；水費；網路費；其他第四台費用；租賃建物部分範圍，且未計入共有部分面積；,RPPNMLRKLHLGFDK98CC,分租套房,無,1150318~1160317,有,冷氣、熱水器、電視機、冰箱、有線電視、網路,
竹南鎮,租賃房屋,苗栗縣竹南鎮萬大街７８號５樓之２,0.0,,,,1150304,土地0建物1車位0,五層,5,華廈(10層含以下有電梯),住家用,鋼筋混凝土造,0961112,25.330000000000002,1,0,1,有,無,有,6200,245,,0.0,0,,RPQNMLRKLHLGFDK09CC,獨立套房,有,1150305~1160304,有,冷氣、熱水器、洗衣機、電視機、冰箱、有線電視、網路,社會住宅包租轉租
竹南鎮,租賃房屋,苗栗縣竹南鎮頂埔里１５鄰中華路１３７巷８弄８之４號十,0.0,,,,1150225,土地0建物1車位0,十層,10,華廈(10層含以下有電梯),住家用,鋼筋混凝土造,0840106,93.11000000000001,3,2,2,有,無,有,15000,161,,0.0,0,續租案件；,RPRNMLRKLHLGFDK56CC,整棟(戶)出租,無,1150228~1160227,有,冷氣、熱水器、洗衣機、冰箱、瓦斯或天然氣,社會住宅代管
竹南鎮,租賃房屋,苗栗縣竹南鎮山佳里３鄰光復路４１１巷５０弄１３號二樓,0.0,,,,1150301,土地0建物1車位0,二層,5,華廈(10層含以下有電梯),集合住宅,鋼筋混凝土造,1130529,122.93,3,2,2,有,無,有,19800,161,,0.0,0,續租案件；,RPSNMLRKLHLGFDK66CC,整棟(戶)出租,無,1150301~1160228,有,冷氣、熱水器、電視機、冰箱、瓦斯或天然氣,社會住宅代管
竹南鎮,租賃房屋,苗栗縣竹南鎮大埔里２鄰科專七路４７６號十二樓之一,0.0,,,,1150301,土地0建物1車位0,十二層,12,住宅大樓(11層含以上有電梯),住家用,鋼筋混凝土造,1051012,138.0,3,2,2,有,無,有,15000,109,,0.0,0,續租案件；,RPTNMLRKLHLGFDK76CC,整棟(戶)出租,有,1150301~1160228,有,冷氣、熱水器、洗衣機、電視機、冰箱、瓦斯或天然氣,社會住宅代管
銅鑼鄉,租賃房屋,苗栗縣銅鑼鄉中正路３４２號二樓之二,0.0,,,,1150226,土地0建物1車位0,二層,5,華廈(10層含以下有電梯),集合住宅,ＲＣ造,1090820,102.28,2,2,1,有,有,有,13500,132,,0.0,0,租金總額含管理費；未租賃車位，建物登記含有車位面積；續租案件；,RPPNMLRKLHLGFEK09CC,整棟(戶)出租,有,1150305~1160304,有,冷氣、熱水器、瓦斯或天然氣,社會住宅包租轉租
頭份市,租賃房屋,苗栗縣頭份市公北一路１０６號１樓,0.0,,,,1150310,土地0建物1車位0,一層,18,住宅大樓(11層含以上有電梯),店舖,鋼筋混凝土造,1130823,116.74000000000001,0,1,1,有,有,無,38000,326,,0.0,0,,RPPNMLRKLHLGFFK56CC,,有,1150415~1180414,有,,
頭份市,租賃房屋,苗栗縣頭份市東民五街２７號,0.0,,,,1150302,土地0建物1車位0,一層,3,店面(店鋪),一般零售業、一般事務所、運動休閒設施,ＲＣ造,1000323,90.13,0,0,1,有,無,無,28500,316,,0.0,0,租金總額含稅；,RPQNMLRKLHLGFFK66CC,,無,1150401~1160331,無,,
頭份市,租賃房屋,苗栗縣頭份市東庄里６鄰富強三街５６號八樓,0.0,,,,1150228,土地0建物1車位0,八層,15,住宅大樓(11層含以上有電梯),集合住宅,鋼筋混凝土造,1100622,166.45,3,1,2,有,無,有,19800,119,,0.0,0,續租案件；,RPRNMLRKLHLGFFK76CC,整棟(戶)出租,有,1150301~1160228,有,冷氣、熱水器、洗衣機、電視機、冰箱、瓦斯或天然氣,社會住宅代管
苗栗市,租賃房屋,苗栗縣苗栗市恭敬里８鄰中正路１０９０號七樓之五十五,0.0,,,,1150316,土地0建物1車位0,七層,10,華廈(10層含以下有電梯),住家用,鋼筋混凝土造,0960716,36.1,1,0,1,有,有,有,6300,175,,0.0,0,,RPPNMLSKLHLGFBK88CC,獨立套房,有,1150316~1160315,有,冷氣、熱水器、洗衣機、冰箱,社會住宅包租轉租
竹南鎮,租賃房屋,苗栗縣竹南鎮營盤里２２鄰萬福街３３巷２號二樓,0.0,,,,1150309,土地0建物1車位0,二層,5,華廈(10層含以下有電梯),集合住宅,鋼筋混凝土造,1040203,143.86,3,2,2,有,有,有,15000,104,,0.0,0,租金總額含管理費；續租案件；,RPPNMLSKLHLGFDK09CC,整棟(戶)出租,有,1150309~1151124,有,冷氣、熱水器、瓦斯或天然氣,社會住宅包租轉租
頭份市,租賃房屋+車位,苗栗縣頭份市信義路６８５巷２６弄２號４樓,0.0,,,,1150224,土地0建物1車位1,四層,5,華廈(10層含以下有電梯),集合住宅,鋼筋混凝土造,1030714,118.44,2,2,1,有,無,有,19500,165,一樓平面,15.4,0,續租案件；,RPPNMLSKLHLGFFK66CC,整棟(戶)出租,無,1150310~1160309,有,冷氣、熱水器、洗衣機、冰箱、瓦斯或天然氣,
竹南鎮,租賃房屋,苗栗縣竹南鎮和平街３９之１號,0.0,,,,1150308,土地0建物0車位0,全,3,透天厝,住商用,加強磚造、鋼架構造有牆,0990129,16.5,8,5,5,有,無,有,6600,400,,0.0,0,租金總額含水費；瓦斯費；網路費；,RPPNMLTKLHLGFDK56CC,分租雅房,有,1150308~1150608,無,冷氣、冰箱、網路,一般轉租
苗栗市,租賃房屋,苗栗縣苗栗市水源里２５鄰陽明１２９號二樓之八,0.0,,,,1150309,土地0建物1車位0,二層,5,華廈(10層含以下有電梯),住家用,鋼筋混凝土造,0851030,26.580000000000002,1,0,1,有,有,有,5000,188,,0.0,0,租金總額含管理費；,RPPNMLNLLHLGFBK48CC,獨立套房,有,1150309~1160308,有,冷氣、熱水器、洗衣機、電視機、冰箱、有線電視、網路,社會住宅包租轉租
苗栗市,租賃房屋,苗栗縣苗栗市水源里２０鄰陽明１２９號５樓之１７,0.0,,,,1150311,土地0建物1車位0,五層,5,華廈(10層含以下有電梯),住家用,鋼筋混凝土造,0851030,27.189999999999998,1,0,1,有,有,有,4500,166,,0.0,0,租金總額含管理費；,RPQNMLNLLHLGFBK58CC,獨立套房,有,1150311~1150531,有,冷氣、熱水器、洗衣機、電視機、冰箱,社會住宅包租轉租
造橋鄉,租賃房屋,苗栗縣造橋鄉談文村５鄰育英街１０號二樓之１,0.0,,,,1150321,土地0建物1車位0,二層,4,公寓(5樓含以下無電梯),住家用,鋼筋混凝土造,0920716,26.89,1,0,1,有,有,有,4000,149,,0.0,0,,RPPNMLOLLHLGFDK78CC,獨立套房,有,1150321~1160320,無,冷氣、熱水器、電視機、冰箱,社會住宅代管
竹南鎮,租賃房屋+車位,苗栗縣竹南鎮大埔里８鄰科學路２７５號三樓之七,0.0,,,,1150310,土地0建物1車位1,三層,15,住宅大樓(11層含以上有電梯),集合住宅,鋼筋混凝土結構造,1140312,152.34,3,2,2,有,有,有,30000,197,坡道平面,28.05,0,租金總額含管理費；,RPPNMLQLLHLGFDK98CC,整棟(戶)出租,有,1150310~1160309,有,冷氣、熱水器、洗衣機、電視機、冰箱、瓦斯或天然氣,
竹南鎮,租賃房屋+車位,苗栗縣竹南鎮大埔里８鄰科學路２７５號五樓之一,0.0,,,,1150310,土地0建物1車位1,五層,15,住宅大樓(11層含以上有電梯),集合住宅,鋼筋混凝土結構造,1140312,153.54000000000002,3,2,2,有,有,有,30000,195,坡道平面,29.26,0,租金總額含管理費；,RPQNMLQLLHLGFDK09CC,整棟(戶)出租,有,1150310~1160309,有,冷氣、熱水器、洗衣機、電視機、冰箱、瓦斯或天然氣,
竹南鎮,租賃房屋+車位,苗栗縣竹南鎮大埔里８鄰科學路２７５號十一樓之三,0.0,,,,1150310,土地0建物1車位1,十一層,15,住宅大樓(11層含以上有電梯),集合住宅,鋼筋混凝土結構造,1140312,173.20999999999998,3,2,2,有,有,有,30000,173,坡道平面,29.26,0,租金總額含管理費；,RPRNMLQLLHLGFDK56CC,整棟(戶)出租,有,1150310~1160309,有,冷氣、熱水器、洗衣機、電視機、冰箱、瓦斯或天然氣,
竹南鎮,租賃房屋+車位,苗栗縣竹南鎮守法街５號９樓之７,0.0,,,,1150321,土地0建物1車位1,九層,15,住宅大樓(11層含以上有電梯),集合住宅,鋼筋混凝土造,1140526,125.14,2,2,2,有,有,有,21000,168,坡道平面,31.45,0,租金總額含管理費；,RPSNMLQLLHLGFDK66CC,整棟(戶)出租,有,1150501~1160430,有,冷氣、熱水器、洗衣機、電視機、冰箱、瓦斯或天然氣,
竹南鎮,租賃房屋,苗栗縣竹南鎮科專七路５０２號５樓５０２室,0.0,,,,1150326,土地0建物0車位0,五層,5,華廈(10層含以下有電梯),住家用,鋼筋混凝土造,1100406,7.02,8,0,8,有,有,有,13580,1934,,0.0,0,租金總額含管理費；水費；租賃建物部分範圍，且未計入共有部分面積；,RPTNMLQLLHLGFDK76CC,分租套房,有,1150326~1160325,有,冷氣、熱水器、洗衣機、冰箱,
頭份市,租賃房屋,苗栗縣頭份市老崎６之３６號,0.0,,,,1150325,土地0建物1車位0,全,3,透天厝,住家用,鋼筋混凝土造,0821108,153.94,4,3,2,有,無,無,20000,130,,0.0,0,,RPQNMLQLLHLGFFK66CC,整棟(戶)出租,無,1150401~1160331,無,,
竹南鎮,租賃房屋,苗栗縣竹南鎮科專七路２６５號,0.0,,,,1150301,土地0建物1車位0,全,4,透天厝,住商用,鋼筋混凝土造,1060825,310.24,4,2,3,有,有,有,42000,135,,0.0,0,租金總額含管理費；其他含5%稅金；未租賃車位，建物登記含有車位面積；,RPPNMLRLLHLGFDK09CC,整棟(戶)出租,有,1150301~1160228,無,冷氣、熱水器、洗衣機、瓦斯或天然氣,一般轉租
頭份市,租賃房屋+車位,苗栗縣頭份市中華路９５５-８號,0.0,,,,1150308,土地0建物1車位1,三層,13,住宅大樓(11層含以上有電梯),商業用,鋼筋混凝土造,0840331,53.53,2,1,1,有,有,有,18000,336,坡道平面,0.0,0,一二三層樓建號同一筆租客只承租3樓租金總額含管理費；其他管理費2000；租賃建物部分範圍，且未計入共有部分面積；,RPPNMLRLLHLGFFK66CC,分層出租,有,1150308~1150915,有,冷氣、熱水器、洗衣機、冰箱,
竹南鎮,租賃房屋,苗栗縣竹南鎮大埔一街１３號（２-２號房）,0.0,,,,1150328,土地0建物0車位0,全,5,透天厝,住宅、店舖、停車空間,鋼筋混凝土造,1040129,15.0,12,0,12,有,有,有,5800,387,,0.0,0,租金總額含管理費；水費；網路費；其他第四台費用；租賃建物部分範圍，且未計入共有部分面積；,RPPNMLSLLHLGFDK56CC,分租套房,無,1150401~1160331,有,冷氣、熱水器、電視機、冰箱、有線電視、網路,
苗栗市,租賃房屋+車位,苗栗縣苗栗市文山里１３鄰祥發街８８號５樓,0.0,,,,1150320,土地0建物1車位1,五層,5,華廈(10層含以下有電梯),住家用,鋼筋混凝土造,1041216,124.01,3,2,2,有,有,有,25000,202,一樓平面,0.0,0,租金總額含管理費；,RPPNMLKMLHLGFBK28CC,整棟(戶)出租,無,1150325~1160324,有,冷氣、熱水器、洗衣機、電視機、冰箱、瓦斯或天然氣,
苗栗市,租賃房屋,苗栗縣苗栗市福安里２１鄰中華路６４１號,0.0,,,,1150311,土地0建物1車位0,全,4,透天厝,住家用,鋼筋混凝土造,0780104,64.29,5,2,4,有,無,無,8000,124,,0.0,0,,RPQNMLKMLHLGFBK38CC,分層出租,無,1150405~1160405,無,冷氣、熱水器、洗衣機、冰箱,
苗栗市,租賃房屋,苗栗縣苗栗市福安里２１鄰中華路６４１號,0.0,,,,1150308,土地0建物1車位0,全,4,透天厝,住家用,鋼筋混凝土造,0780104,39.14,5,3,4,有,無,無,6000,153,,0.0,0,,RPRNMLKMLHLGFBK48CC,分層出租,無,1150410~1160409,無,,
竹南鎮,租賃房屋,苗栗縣竹南鎮中華里１６鄰萬大街７８號五樓之七,0.0,,,,1150310,土地0建物1車位0,五層,5,華廈(10層含以下有電梯),住家用,鋼筋混凝土造,0961112,24.17,1,0,1,有,無,有,6200,257,,0.0,0,續租案件；,RPPNMLKMLHLGFDK48CC,獨立套房,無,1150310~1151031,有,冷氣、熱水器、洗衣機、電視機、冰箱,社會住宅包租轉租
竹南鎮,租賃房屋,苗栗縣竹南鎮中華里１６鄰萬大街７８號三樓之１０,0.0,,,,1150313,土地0建物1車位0,三層,5,華廈(10層含以下有電梯),住家用,鋼筋混凝土造,0961112,26.42,1,0,1,有,無,有,6500,246,,0.0,0,租金總額含網路費；續租案件；,RPQNMLKMLHLGFDK58CC,獨立套房,無,1150315~1160314,有,冷氣、熱水器、洗衣機、電視機、冰箱、網路,社會住宅包租轉租
頭份市,租賃房屋,苗栗縣頭份市東民二街２７號,0.0,,,,1150329,土地0建物1車位0,全,3,透天厝,一般零售業、一般事務所、運動休閒設施,ＲＣ造,1000119,143.03,3,2,3,有,無,有,33000,231,,0.0,0,,RPPNMLKMLHLGFFK68CC,分層出租,無,1150401~1200331,無,冰箱,
頭份市,租賃房屋+車位,苗栗縣頭份市中正路３９１號４樓之１,0.0,,,,1150329,土地0建物1車位1,四層,5,華廈(10層含以下有電梯),集合住宅,鋼筋混凝土造,1140905,88.39,2,2,1,有,無,無,17000,192,一樓平面,0.0,0,,RPRNMLKMLHLGFFK88CC,整棟(戶)出租,無,1150329~1160329,有,冷氣、瓦斯或天然氣,
頭份市,租賃房屋+車位,苗栗縣頭份市東興路１６５巷１６弄７號１樓,0.0,,,,1150321,土地0建物1車位1,全,1,透天厝,住家用,鋼筋混凝土加強磚造,0590210,89.19,3,2,2,有,無,有,15000,168,一樓平面,0.0,0,,RPTNMLKMLHLGFFK09CC,整棟(戶)出租,無,1150410~1160409,無,冷氣、熱水器、電視機、冰箱、瓦斯或天然氣,
苗栗市,租賃房屋,苗栗縣苗栗市中正路１０９０號七樓之三十六,0.0,,,,1150327,土地0建物1車位0,七層,10,華廈(10層含以下有電梯),住家用,鋼筋混凝土造,0960716,33.87,1,1,1,有,有,有,6800,201,,0.0,0,另有管理費700元，由承租人負擔。,RPPNMLLMLHLGFBK38CC,獨立套房,有,1150401~1160331,有,冷氣、熱水器、洗衣機、電視機、冰箱、瓦斯或天然氣,社會住宅包租轉租
竹南鎮,租賃房屋,苗栗縣竹南鎮中華里１６鄰萬大街７８號四樓之二,0.0,,,,1150310,土地0建物1車位0,四層,5,華廈(10層含以下有電梯),住家用,鋼筋混凝土造,0961112,25.330000000000002,1,0,1,有,無,有,6200,245,,0.0,0,續租案件；,RPPNMLLMLHLGFDK58CC,獨立套房,無,1150310~1160228,有,冷氣、熱水器、洗衣機、電視機、冰箱,社會住宅包租轉租
竹南鎮,租賃房屋+車位,苗栗縣竹南鎮大埔一街１９７號６樓之１,0.0,,,,1150330,土地0建物1車位1,九層,10,華廈(10層含以下有電梯),商業用,鋼筋混凝土造,1050421,100.05,3,1,2,有,有,有,20000,200,坡道機械,0.0,0,租金總額含管理費；,RPSNMLLMLHLGFDK88CC,整棟(戶)出租,有,1150401~1160331,有,冷氣、熱水器、瓦斯或天然氣,
竹南鎮,租賃房屋+車位,苗栗縣竹南鎮大埔三街２４３號５樓之１（A５０１室）,0.0,,,,1150329,土地0建物0車位1,五層,10,華廈(10層含以下有電梯),集合住宅,鋼筋混凝土造,1041116,20.0,4,0,4,有,有,有,10500,0,坡道平面,23.13,0,租金總額含管理費；水費；網路費；其他第四台費用；租賃建物部分範圍，且未計入共有部分面積；,RPUNMLLMLHLGFDK09CC,分租套房,有,1150401~1160331,有,冷氣、熱水器、洗衣機、電視機、冰箱、有線電視,
竹南鎮,租賃房屋,苗栗縣竹南鎮正南里２５鄰環市路一段１４４之１號,0.0,,,,1150312,土地0建物1車位0,見其他登記事項,16,住宅大樓(11層含以上有電梯),住商用,鋼筋混凝土造,0841125,194.2,3,1,2,有,無,有,19800,102,,0.0,0,續租案件；,RPVNMLLMLHLGFDK56CC,整棟(戶)出租,有,1150315~1160314,有,冷氣、熱水器,社會住宅包租轉租
竹南鎮,租賃房屋,苗栗縣竹南鎮大埔里２鄰科專七路３２６號六樓之三,0.0,,,,1150309,土地0建物1車位0,六層,9,華廈(10層含以下有電梯),住家用,鋼筋混凝土造,1050115,146.29,3,2,2,有,無,有,17000,116,,0.0,0,續租案件；,RPWNMLLMLHLGFDK66CC,整棟(戶)出租,有,1150310~1160309,有,冷氣、熱水器、洗衣機、電視機、冰箱、瓦斯或天然氣,社會住宅代管
竹南鎮,租賃房屋,苗栗縣竹南鎮大埔七街４８號（２C）,0.0,,,,1150331,土地0建物0車位0,全,4,透天厝,住商用、停車空間,鋼筋混凝土造,1041229,15.0,10,0,10,有,有,有,5500,367,,0.0,0,租金總額含管理費；水費；網路費；其他第四台費用；租賃建物部分範圍，且未計入共有部分面積；,RPPOMLLMLHLGFDK68CC,分租套房,無,1150401~1160331,有,冷氣、熱水器、洗衣機、電視機、冰箱、有線電視,
頭份市,租賃房屋,苗栗縣頭份市上興里２３鄰永昌街７巷２號三樓,0.0,,,,1150310,土地0建物1車位0,三層,7,華廈(10層含以下有電梯),住家用,鋼筋混凝土造,0860827,93.53,3,1,2,有,有,有,12500,134,,0.0,0,續租案件；,RPPNMLLMLHLGFFK78CC,整棟(戶)出租,有,1150310~1160303,有,冷氣、熱水器、洗衣機、電視機、冰箱、瓦斯或天然氣,社會住宅包租轉租
頭份市,租賃房屋,苗栗縣頭份市和平路２５５號,0.0,,,,1150330,土地0建物1車位0,全,3,透天厝,一般零售業、一般事務所,ＲＣ造,0991206,173.95,3,1,3,有,無,無,21000,121,,0.0,0,租金總額含稅；,RPRNMLLMLHLGFFK98CC,,無,1150401~1170331,無,,
頭份市,租賃房屋,苗栗縣頭份市和平路２５５號,0.0,,,,1150330,土地0建物1車位0,全,3,透天厝,一般零售業、一般事務所,ＲＣ造,0991206,130.46,3,1,3,有,無,無,21000,161,,0.0,0,租金總額含稅；,RPSNMLLMLHLGFFK09CC,,無,1150401~1170331,無,,
苗栗市,租賃房屋,苗栗縣苗栗市恭敬里８鄰中正路１０９０號１０樓之４１,0.0,,,,1150320,土地0建物1車位0,十層,10,華廈(10層含以下有電梯),住家用,鋼筋混凝土造,0960716,33.87,1,0,1,有,有,有,6000,177,,0.0,0,,RPPNMLLJMHLGFBK18CC,獨立套房,有,1150320~1160319,有,冷氣、熱水器、洗衣機、電視機、冰箱,社會住宅包租轉租
苗栗市,租賃房屋,苗栗縣苗栗市水源里２５鄰陽明１３０號１樓之１４,0.0,,,,1150324,土地0建物1車位0,一層,5,華廈(10層含以下有電梯),住家用,鋼筋混凝土造,0851030,26.44,1,0,1,有,有,有,4050,153,,0.0,0,管理費450元由出租人負擔。續租案件；,RPQNMLLJMHLGFBK28CC,獨立套房,有,1150407~1160406,有,冷氣、熱水器、洗衣機、電視機、冰箱,社會住宅包租轉租
通霄鎮,租賃房屋,苗栗縣通霄鎮通灣里１９鄰中山路１５８巷２６號,0.0,,,,1150319,土地0建物1車位0,全,2,透天厝,住家用,加強磚造,,93.6,3,2,2,有,無,有,10500,112,,0.0,0,,RPPNMLLJMHLGFCK28CC,整棟(戶)出租,無,1150401~1151230,無,冷氣、熱水器、洗衣機、冰箱,社會住宅包租轉租
竹南鎮,租賃房屋+車位,苗栗縣竹南鎮守法街５號九樓之六,0.0,,,,1150329,土地0建物1車位1,九層,15,住宅大樓(11層含以上有電梯),集合住宅,鋼筋混凝土造,1140526,152.45,3,2,2,有,有,無,23000,151,坡道平面,31.45,0,,RPPNMLLJMHLGFDK38CC,整棟(戶)出租,有,1150415~1170414,有,冷氣、熱水器,
竹南鎮,租賃房屋,苗栗縣竹南鎮大埔里１鄰科專五路４０８巷１０號五樓之六,0.0,,,,1150320,土地0建物1車位0,五層,5,華廈(10層含以下有電梯),集合住宅,鋼筋混凝土造,1140709,90.07000000000001,3,2,2,有,有,有,18000,200,,0.0,0,多人共同承租2；,RPQNMLLJMHLGFDK48CC,整棟(戶)出租,有,1150320~1160319,有,冷氣、熱水器、洗衣機、電視機、冰箱、瓦斯或天然氣,社會住宅包租轉租
竹南鎮,租賃房屋,苗栗縣竹南鎮中華里１２鄰平等街４３號三樓之三,0.0,,,,1150326,土地0建物1車位0,三層,5,華廈(10層含以下有電梯),集合住宅,鋼筋混凝土造,1141002,70.19,2,2,1,有,有,有,15000,214,,0.0,0,,RPRNMLLJMHLGFDK58CC,整棟(戶)出租,有,1150401~1160331,有,冷氣、熱水器、洗衣機、冰箱、瓦斯或天然氣,社會住宅包租轉租
竹南鎮,租賃房屋,苗栗縣竹南鎮中華里１２鄰平等街４３號五樓之五,0.0,,,,1150326,土地0建物1車位0,五層,5,華廈(10層含以下有電梯),集合住宅,鋼筋混凝土造,1141002,79.56,2,2,1,有,有,有,15000,189,,0.0,0,管理費1000元由出租人負擔,RPSNMLLJMHLGFDK68CC,整棟(戶)出租,有,1150401~1160331,有,冷氣、熱水器、洗衣機、冰箱、瓦斯或天然氣,社會住宅包租轉租
造橋鄉,租賃房屋,苗栗縣造橋鄉談文村５鄰育英八街１００號一樓之二十,0.0,,,,1150324,土地0建物1車位0,一層,4,公寓(5樓含以下無電梯),住家用,鋼筋混凝土造,0910417,26.720000000000002,1,0,1,有,有,有,2200,82,,0.0,0,管理費300元由出租人負擔。,RPVNMLLJMHLGFDK98CC,獨立套房,有,1150324~1151228,無,冷氣、熱水器、冰箱,社會住宅包租轉租
竹南鎮,租賃房屋,苗栗縣竹南鎮中港里１３鄰中正路４７７巷５號４樓之５,0.0,,,,1150325,土地0建物1車位0,四層,5,華廈(10層含以下有電梯),住家用,鋼筋混凝土造,1090106,69.65,2,2,1,有,有,有,14368,206,,0.0,0,管理費632元由出租人負擔。續租案件；,RPWNMLLJMHLGFDK09CC,整棟(戶)出租,有,1150405~1160404,有,冷氣、熱水器、電視機、冰箱、瓦斯或天然氣,社會住宅包租轉租
銅鑼鄉,租賃房屋+車位,苗栗縣銅鑼鄉銅鑼村２５鄰東田洋６７-２２號二樓之二,0.0,,,,1150330,土地0建物1車位1,二層,7,華廈(10層含以下有電梯),集合住宅,RC造,1130502,138.8,2,2,1,有,有,有,14000,101,坡道平面,44.58,0,,RPPNMLLJMHLGFEK48CC,整棟(戶)出租,有,1150330~1160329,有,冷氣、熱水器、洗衣機、冰箱、瓦斯或天然氣,社會住宅包租轉租
頭份市,租賃房屋,苗栗縣頭份市蟠桃里１６鄰中央路５０９號８樓,0.0,,,,1150320,土地0建物1車位0,八層,14,住宅大樓(11層含以上有電梯),集合住宅,鋼筋混凝土造,1060425,102.1,2,2,1,有,有,有,14000,137,,0.0,0,,RPPNMLLJMHLGFFK58CC,整棟(戶)出租,有,1150320~1160319,有,冷氣、熱水器、洗衣機、電視機、瓦斯或天然氣,社會住宅包租轉租
頭份市,租賃房屋,苗栗縣頭份市文化里１５鄰八德二路２７２巷１１號八樓,0.0,,,,1150320,土地0建物1車位0,八層,9,華廈(10層含以下有電梯),集合住宅,鋼筋混凝土造,1020807,138.60999999999999,3,2,2,有,有,有,18000,130,,0.0,0,,RPQNMLLJMHLGFFK68CC,整棟(戶)出租,有,1150320~1160319,有,冷氣、熱水器、洗衣機、電視機、冰箱、瓦斯或天然氣,社會住宅代管
頭份市,租賃房屋,苗栗縣頭份市信義路７３１巷１８弄２號,0.0,,,,1150316,土地0建物1車位0,全,3,透天厝,住家用,鋼筋混凝土造,0830622,171.85,4,2,3,有,無,有,22000,128,,0.0,0,,RPRNMLLJMHLGFFK78CC,整棟(戶)出租,無,1150410~1170409,無,熱水器、瓦斯或天然氣,
頭份市,租賃房屋+車位,苗栗縣頭份市和平路３０６號１２樓,0.0,,,,1150308,土地0建物1車位1,十二層,14,住宅大樓(11層含以上有電梯),集合住宅,鋼筋混凝土造,1070419,162.14999999999998,3,2,2,有,有,無,26000,160,坡道平面,26.87,0,租金總額含管理費；,RPSNMLLJMHLGFFK88CC,整棟(戶)出租,有,1150318~1160317,有,,
頭份市,土地,永貞段927地號,508.94,住,,,1150324,土地3建物0車位0,,,其他,,,,0.0,0,0,0,無,無,無,50000,98,,0.0,0,,RPTNMLLJMHLGFFK98CC,,,1150401~1160331,,,
頭份市,租賃房屋+車位,苗栗縣頭份市擁翠庭１９號,0.0,,,,1150314,土地0建物1車位1,一層,6,華廈(10層含以下有電梯),住家用,鋼筋混凝土造,0820322,115.67,3,2,1,有,有,無,18000,156,一樓平面,0.0,0,,RPUNMLLJMHLGFFK09CC,整棟(戶)出租,有,1150401~1160331,有,冷氣、熱水器、冰箱、瓦斯或天然氣,
頭份市,租賃房屋,苗栗縣頭份市文化里１０鄰文化街３２巷１８５號５樓之１,0.0,,,,1150326,土地0建物1車位0,五層,13,住宅大樓(11層含以上有電梯),集合住宅,鋼筋混凝土造,1021211,98.63,2,2,1,有,有,有,15000,152,,0.0,0,續租案件；,RPVNMLLJMHLGFFK56CC,整棟(戶)出租,有,1150420~1160419,有,冷氣、熱水器、洗衣機、電視機、冰箱、瓦斯或天然氣,社會住宅包租轉租
竹南鎮,租賃房屋+車位,苗栗縣竹南鎮科專三路２３號７樓之２,0.0,,,,1150329,土地0建物1車位1,七層,10,華廈(10層含以下有電梯),住家用,鋼筋混凝土造,1050422,160.89000000000001,4,2,2,有,有,有,25000,155,坡道平面,26.44,0,多人共同承租3；租金總額含管理費；,RPPNMLMJMHLGFDK48CC,整棟(戶)出租,有,1150405~1160404,有,冷氣、熱水器、洗衣機、電視機、冰箱、瓦斯或天然氣,
竹南鎮,租賃房屋+車位,苗栗縣竹南鎮大埔一街６０號６樓,0.0,,,,1150401,土地0建物1車位1,六層,15,住宅大樓(11層含以上有電梯),住家用,鋼筋混凝土造,1090915,117.02,2,1,1,有,有,有,23324,199,坡道平面,30.75,0,租金含稅租金總額含管理費；,RPQNMLMJMHLGFDK58CC,整棟(戶)出租,有,1150401~1160228,有,冷氣、熱水器、洗衣機、電視機、冰箱、瓦斯或天然氣,
竹南鎮,租賃房屋,苗栗縣竹南鎮天文里龍昇街１０７巷６８弄７號,0.0,,,,1150325,土地0建物1車位0,全,4,透天厝,集合住宅、停車空間,鋼筋混凝土造,1120608,20.6,5,0,4,有,有,有,10000,485,,0.0,0,租金總額含水費；瓦斯費；網路費；,RPRNMLMJMHLGFDK68CC,分層出租,無,1150325~1160324,無,冷氣、熱水器、洗衣機、電視機、冰箱、瓦斯或天然氣、網路,一般轉租
竹南鎮,租賃房屋,苗栗縣竹南鎮天文里龍昇街１０７巷６８弄７號,0.0,,,,1150401,土地0建物1車位0,全,4,透天厝,集合住宅、停車空間,鋼筋混凝土造,1120608,39.68,5,0,4,有,有,有,15000,378,,0.0,0,租金總額含水費；瓦斯費；網路費；其他機車位；,RPSNMLMJMHLGFDK78CC,分層出租,無,1150401~1160331,無,冷氣、熱水器、洗衣機、電視機、冰箱、瓦斯或天然氣、網路,一般轉租
頭份市,租賃房屋,苗栗縣頭份市仁愛里１１鄰銀河路９２號１０樓之３,0.0,,,,1150401,土地0建物1車位0,十層,10,華廈(10層含以下有電梯),住家用,鋼筋混凝土造,0821021,102.91,3,2,2,有,有,有,18000,175,,0.0,0,,RPPNMLMJMHLGFFK68CC,整棟(戶)出租,無,1150401~1160331,有,冷氣、熱水器、洗衣機、冰箱、瓦斯或天然氣,
頭份市,租賃房屋,苗栗縣頭份市中華路４８７巷５３號四樓,0.0,,,,1150312,土地0建物1車位0,四層,4,工廠,工場（廠),鋼骨造,1140629,981.78,0,0,0,無,無,無,206415,,,0.0,0,其他含清潔管理費清潔區域為公共區域及廁所不含專用廠區範圍；租賃期間有約定不同租金本租約租金自民國115年4月1日起算調租期間每月計新台幣206415元整未稅前三年內租金不得調漲租金含清潔管理費.三年期滿後雙方同意調漲租金新台幣5000元整即第四至五年每月租211415元整未稅每三年調漲新台幣5000元整租金均未含稅.；,RPQNMLMJMHLGFFK78CC,,無,1150401~1200331,無,,
頭份市,土地,興埔段687地號,364.0,,一般農業區,農牧用地,1150308,土地1建物0車位0,,,其他,,,,0.0,0,0,0,無,無,無,55000,151,,0.0,0,,RPRNMLMJMHLGFFK88CC,,,1150310~1150909,,,
苗栗市,租賃房屋,苗栗縣苗栗市水源里２０鄰陽明１３０號１樓之１０,0.0,,,,1150324,土地0建物1車位0,一層,5,華廈(10層含以下有電梯),住家用,鋼筋混凝土造,0851030,26.44,1,0,1,有,有,有,4050,153,,0.0,0,管理費450元由出租人負擔。續租案件；,RPPNMLNJMHLGFBK38CC,獨立套房,有,1150422~1160421,有,冷氣、熱水器、洗衣機、電視機、冰箱,社會住宅包租轉租
苗栗市,租賃房屋,苗栗縣苗栗市新英里１０鄰天祥３３３之１號,0.0,,,,1150313,土地0建物1車位0,全,3,透天厝,住家用,鋼筋混凝土造,0860315,137.0,3,2,2,有,無,有,15000,109,,0.0,0,續租案件；,RPPNMLRJMHLGFBK78CC,整棟(戶)出租,無,1150315~1160314,無,冷氣、熱水器、洗衣機、冰箱、瓦斯或天然氣,社會住宅包租轉租
苗栗市,租賃房屋,苗栗縣苗栗市中正路１０９０號二樓之十二,0.0,,,,1150331,土地0建物1車位0,二層,10,華廈(10層含以下有電梯),住家用,鋼筋混凝土造,0960716,37.97,1,1,1,有,有,有,7200,190,,0.0,0,另有管理費800元，由承租人負擔。多人共同承租2；,RPQNMLRJMHLGFBK88CC,獨立套房,有,1150401~1160331,有,冷氣、熱水器、洗衣機、電視機、冰箱、有線電視、網路,社會住宅包租轉租
竹南鎮,租賃房屋+車位,苗栗縣竹南鎮大厝里２８鄰守法街５號六樓之三,0.0,,,,1150328,土地0建物1車位1,六層,15,住宅大樓(11層含以上有電梯),集合住宅,鋼筋混凝土造,1140526,154.38,3,2,2,有,有,有,20800,135,坡道平面,31.45,0,租金總額含管理費；,RPRNMLRJMHLGFDK56CC,整棟(戶)出租,有,1150410~1160409,有,冷氣、熱水器、洗衣機、冰箱、瓦斯或天然氣,
竹南鎮,租賃房屋,苗栗縣竹南鎮大埔一街２７號（４-１號房）,0.0,,,,1150407,土地0建物0車位0,全,5,透天厝,住宅、店舖、停車空間,鋼筋混凝土造,1040129,16.3,12,0,12,有,有,有,5500,337,,0.0,0,租金總額含管理費；水費；網路費；其他第四台費用；租賃建物部分範圍，且未計入共有部分面積；,RPSNMLRJMHLGFDK66CC,分租套房,無,1150408~1160407,有,冷氣、熱水器、電視機、冰箱、有線電視、網路,
竹南鎮,租賃房屋,苗栗縣竹南鎮自由街１９８號,0.0,,,,1150317,土地0建物1車位0,一層,1,店面(店鋪),商業用,鋼骨造,1001109,34.52,0,0,0,無,無,無,30000,869,,0.0,0,含增建或未登記建物；,RPTNMLRJMHLGFDK76CC,,無,1150501~1210430,無,,
苗栗市,租賃房屋,苗栗縣苗栗市北苗里１９鄰蕉嶺街３７之９號,0.0,,,,1150331,土地0建物1車位0,一層,8,華廈(10層含以下有電梯),住家用,鋼筋混凝土造,0871210,96.6,3,2,2,有,有,有,17000,176,,0.0,0,租金總額含管理費；續租案件；,RPQNMLSJMHLGFBK98CC,整棟(戶)出租,有,1150401~1160331,有,冷氣、熱水器、洗衣機、電視機、冰箱、瓦斯或天然氣、有線電視,社會住宅代管
苗栗市,租賃房屋,苗栗縣苗栗市福麗里２９鄰國華路１１３８巷１２號四樓之一,0.0,,,,1150330,土地0建物1車位0,四層,7,華廈(10層含以下有電梯),住家用,鋼筋混凝土造,0880330,96.11,2,1,1,有,有,有,14500,151,,0.0,0,租金總額含管理費；未租賃車位，建物登記含有車位面積；續租案件；,RPRNMLSJMHLGFBK09CC,整棟(戶)出租,有,1150401~1160331,有,冷氣、熱水器、洗衣機、電視機、冰箱、瓦斯或天然氣,社會住宅代管
竹南鎮,租賃房屋,苗栗縣竹南鎮光復路６５號,228.48,商,,,1150404,土地2建物1車位0,全,2,透天厝,住家用,鋼筋混凝土造,0480625,433.5,0,0,0,無,無,無,60000,138,,0.0,0,,RPPNMLSJMHLGFDK09CC,,無,1150701~1210630,無,,
竹南鎮,租賃房屋,苗栗縣竹南鎮正南里２５鄰福德路１７６號五樓,0.0,,,,1150402,土地0建物1車位0,五層,7,華廈(10層含以下有電梯),住家用,鋼筋混凝土造,0820811,127.81,3,2,1,有,有,有,15000,117,,0.0,0,未租賃車位，建物登記含有車位面積；續租案件；,RPQNMLSJMHLGFDK56CC,整棟(戶)出租,有,1150425~1160424,有,冷氣、熱水器、洗衣機、冰箱、瓦斯或天然氣,社會住宅包租轉租
造橋鄉,租賃房屋,苗栗縣造橋鄉談文村５鄰育英街３６號３樓之２３,0.0,,,,1150331,土地0建物1車位0,三層,3,公寓(5樓含以下無電梯),住家用,鋼筋混凝土造,0930623,20.950000000000003,1,0,1,有,有,有,3000,143,,0.0,0,租金總額含管理費；續租案件；,RPRNMLSJMHLGFDK66CC,獨立套房,有,1150401~1160331,無,冷氣、熱水器、電視機、冰箱,社會住宅代管
竹南鎮,租賃房屋,苗栗縣竹南鎮崎頂里１７鄰仁愛路２２０１巷２弄７８號,0.0,,,,1150326,土地0建物1車位0,全,3,透天厝,住家用,鋼筋混凝土造,0870123,114.1,4,2,3,有,無,有,18000,158,,0.0,0,續租案件；,RPSNMLSJMHLGFDK76CC,整棟(戶)出租,無,1150401~1160331,無,冷氣,一般代管
竹南鎮,租賃房屋,苗栗縣竹南鎮竹興里１３鄰竹圍街２６８巷３３號,0.0,,,,1150330,土地0建物1車位0,全,2,透天厝,住家用,加強磚造,0690331,124.2,4,2,2,有,無,有,17600,142,,0.0,0,續租案件；,RPTNMLSJMHLGFDK86CC,整棟(戶)出租,無,1150330~1160329,無,冷氣、熱水器、電視機、冰箱、瓦斯或天然氣,社會住宅包租轉租
銅鑼鄉,租賃房屋,苗栗縣銅鑼鄉雙峰路８９-１號,0.0,,,,1150327,土地0建物0車位0,全,3,透天厝,住宅,ＲＣ造,1100420,28.43,6,0,6,有,無,有,8000,281,,0.0,0,租金總額含網路費；,RPPNMLSJMHLGFEK56CC,分租套房,無,1150416~1160415,無,冷氣、洗衣機、電視機、冰箱、網路,一般代管
苗栗市,租賃房屋+車位,苗栗縣苗栗市國華路１０１５巷５１號９樓之３,0.0,,,,1150323,土地0建物1車位1,九層,11,住宅大樓(11層含以上有電梯),住家用,鋼筋混凝土造,1071207,101.58000000000001,1,1,1,有,有,有,12000,118,坡道平面,33.84,0,,RPPNMLTJMHLGFBK98CC,整棟(戶)出租,有,1150401~1160331,有,冷氣、熱水器、洗衣機、電視機、冰箱、瓦斯或天然氣,
竹南鎮,租賃房屋+車位,苗栗縣竹南鎮大埔里８鄰大埔一街１０６號四樓,0.0,,,,1150410,土地0建物1車位1,四層,14,住宅大樓(11層含以上有電梯),集合住宅,鋼筋混凝土造,1051130,161.4,3,1,2,有,有,無,22000,136,坡道平面,0.0,0,含機車位一個多人共同承租2；租金總額含管理費；,RPQNMLKKMHLGFDK48CC,整棟(戶)出租,有,1150410~1160414,有,冷氣、熱水器、瓦斯或天然氣,
頭份市,土地,文化段721地號,305.0,住,,,1150326,土地2建物0車位0,,,其他,,,,0.0,0,0,0,無,無,無,70000,230,,0.0,0,1.目前是空地，地主後面會蓋一層賣場供承租方使用。2.第4-6年每月租金7.4萬元、第7-9年每月租金77778元、第10-12年每月租金81666元。,RPPNMLKKMHLGFFK58CC,,,1150326~1281031,,,
頭份市,土地,文化段725地號,411.55,住,,,1150326,土地5建物0車位0,,,其他,,,,0.0,0,0,0,無,無,無,110000,267,,0.0,0,1.出租方2位2.目前是空地，地主後面會蓋一層賣場供承租方使用。3.第4-6年每月租金11萬6仟元、第7-9年每月租金122222元、第10-12年每月租金128334元。,RPRNMLKKMHLGFFK78CC,,,1150326~1281031,,,
頭份市,租賃房屋,苗栗縣頭份市顯會路５８號２F-１,0.0,,,,1150315,土地0建物1車位0,二層,5,華廈(10層含以下有電梯),集合住宅,鋼筋混凝土造,1100907,142.07999999999998,3,2,2,有,無,無,18500,130,,0.0,0,多人共同承租2；租金總額含管理費；,RPSNMLKKMHLGFFK88CC,整棟(戶)出租,無,1150325~1160324,有,冷氣、熱水器、洗衣機、冰箱、瓦斯或天然氣,一般代管
頭份市,租賃房屋,苗栗縣頭份市銀河路８號２F-２,0.0,,,,1150325,土地0建物1車位0,二層,5,華廈(10層含以下有電梯),停車空間、住宅、辦公室、機械室、騎樓、樓梯間,ＲＣ造,0980730,49.0,3,2,1,有,無,有,18500,378,,0.0,0,多人共同承租2；租金總額含網路費；,RPTNMLKKMHLGFFK98CC,分層出租,無,1150325~1160324,有,冷氣、熱水器、網路,一般代管
竹南鎮,租賃房屋,苗栗縣竹南鎮隆頂街２６７巷１７號,0.0,,,,1150315,土地0建物1車位0,全,2,透天厝,住家用,鋼筋混凝土加強磚造,0690801,98.94,3,2,2,有,無,有,21000,212,,0.0,0,其他含稅金；,RPPNMLLKMHLGFDK48CC,整棟(戶)出租,無,1150315~1160314,無,冷氣、熱水器、洗衣機、冰箱、瓦斯或天然氣,一般轉租
苗栗市,租賃房屋,苗栗縣苗栗市中華路１３５號,0.0,,,,1150320,土地0建物1車位0,一層,4,店面(店鋪),住商用,鋼筋混凝土造,1120728,81.82,0,0,0,無,無,無,39822,487,,0.0,0,免租金裝修期2026年3月25日至2026年4月24日租金總額含稅；其他二代健保；含增建或未登記建物；,RPPNMLLKMHLGFBK38DC,,無,1150325~1200324,無,,
後龍鎮,租賃房屋,苗栗縣後龍鎮中山路３１２號,0.0,,,,1150323,土地0建物1車位0,見其他登記事項,3,店面(店鋪),住家用,鋼筋混凝土造,0810425,231.32,0,0,0,無,無,無,32996,143,,0.0,0,免租金裝修期2026年3月25日至2026年5月24日租金總額含稅；其他二代健保；含增建或未登記建物；,RPPNMLLKMHLGFDK58DC,,無,1150325~1200324,無,,
頭份市,租賃房屋,苗栗縣頭份市中華路１１６號,0.0,,,,1150320,土地0建物1車位0,一層,3,店面(店鋪),住商用,鋼筋混凝土加強磚造,0671127,52.92,0,0,0,無,無,無,16000,302,,0.0,0,免租金裝修期2026年3月25日至2026年5月24日租金總額含稅；水費；其他二代健保；含增建或未登記建物；,RPPNMLLKMHLGFFK78DC,,無,1150325~1200324,無,,
竹南鎮,租賃房屋+車位,苗栗縣竹南鎮大埔一街５８號１５樓,0.0,,,,1150412,土地0建物1車位1,十五層,15,住宅大樓(11層含以上有電梯),住家用,鋼筋混凝土造,1090915,117.02,2,1,1,有,有,有,21000,179,坡道平面,30.75,0,多人共同承租2；租金總額含管理費；,RPPNMLMKMHLGFDK58CC,整棟(戶)出租,有,1150412~1160411,有,冷氣、熱水器、洗衣機、冰箱、瓦斯或天然氣,
通霄鎮,租賃房屋,苗栗縣通霄鎮五北１２６-３，１２６-５號,25650.0,,山坡地保育區,丁種建築用地,1150331,土地3建物2車位0,一層,1,公寓(5樓含以下無電梯),廠房用,鋼鐵造有牆,0870115,9949.97,0,0,0,無,無,無,450000,45,,0.0,0,民國115年4月1日至民國115年4月30日止為裝修期間，甲方同意給予優惠不算租金，但裝修期間所產生之水電費、電話費及營業上必須繳納之稅捐由乙方自行負擔。,RPPNMLNKMHLGFCK58CC,,無,1150401~1170331,無,,
竹南鎮,租賃房屋,苗栗縣竹南鎮新生路２０４巷１０號五樓之二,0.0,,,,1150315,土地0建物1車位0,五層,5,華廈(10層含以下有電梯),集合住宅,鋼筋混凝土造,1120118,74.31,2,1,1,有,無,有,15000,202,,0.0,0,續租案件；,RPQNMLNKMHLGFDK78CC,整棟(戶)出租,無,1150315~1160314,有,冷氣、熱水器、洗衣機、電視機、冰箱、瓦斯或天然氣,社會住宅代管
頭份市,租賃房屋+車位,苗栗縣頭份市公園一街７５號６樓,0.0,,,,1150319,土地0建物1車位1,六層,23,住宅大樓(11層含以上有電梯),集合住宅,鋼筋混凝土造,1140122,130.93,3,1,2,有,有,無,20000,172,坡道平面,29.42,2500,,RPQNMLNKMHLGFFK98CC,整棟(戶)出租,有,1150401~1160331,有,冷氣、熱水器、瓦斯或天然氣,社會住宅包租轉租
頭份市,租賃房屋,苗栗縣頭份市東民路６０巷４號三樓,0.0,,,,1150319,土地0建物1車位0,三層,4,公寓(5樓含以下無電梯),住家用,鋼筋混凝土造,0701015,104.66,3,2,2,有,無,有,15300,146,,0.0,0,續租案件；,RPRNMLNKMHLGFFK09CC,整棟(戶)出租,無,1150405~1160228,無,冷氣、熱水器、洗衣機、電視機、冰箱,社會住宅包租轉租
苗栗市,租賃房屋,苗栗縣苗栗市福星里２５鄰國華路３０１號八樓之三,0.0,,,,1150324,土地0建物1車位0,八層,17,住宅大樓(11層含以上有電梯),住家用,鋼筋混凝土造,0810929,101.13,1,0,1,有,有,有,6000,59,,0.0,0,租金總額含管理費；續租案件；,RPPNMLOKMHLGFBK58CC,獨立套房,有,1150401~1160331,有,冷氣、熱水器、洗衣機、電視機、冰箱,社會住宅包租轉租
造橋鄉,租賃房屋,苗栗縣造橋鄉大西村５鄰慈聖路二段３０５巷２弄１號,0.0,,,,1150319,土地0建物1車位0,全,2,透天厝,住家用,鋼筋混凝土造,0690718,103.02,3,2,2,有,無,有,6000,58,,0.0,0,續租案件；,RPPNMLOKMHLGFDK78CC,整棟(戶)出租,無,1150401~1160331,無,冷氣、熱水器、洗衣機、電視機、冰箱、瓦斯或天然氣,社會住宅代管
竹南鎮,租賃房屋,苗栗縣竹南鎮科專三路９６號,0.0,,,,1150316,土地0建物1車位0,全,4,透天厝,店舖、住宅、停車空間,鋼筋混凝土造,1121130,227.51,3,3,4,有,有,無,42000,185,,0.0,0,租金總額含管理費；,RPRNMLOKMHLGFDK98CC,整棟(戶)出租,無,1150115~1160114,無,冷氣、熱水器、瓦斯或天然氣,
竹南鎮,租賃房屋+車位,苗栗縣竹南鎮大埔九街３３號５樓,0.0,,,,1150325,土地0建物1車位1,五層,7,華廈(10層含以下有電梯),住家用,鋼筋混凝土造,1110705,133.59,3,2,2,有,有,有,24000,180,坡道平面,23.53,0,租金總額含管理費；,RPSNMLOKMHLGFDK09CC,整棟(戶)出租,無,1150325~1160324,有,冷氣、熱水器、洗衣機、電視機、冰箱、瓦斯或天然氣,
頭份市,租賃房屋,苗栗縣頭份市民權里９鄰民族路２５１巷１１巷四樓,0.0,,,,1150319,土地0建物1車位0,四層,5,華廈(10層含以下有電梯),集合住宅,鋼筋混凝土造,1130313,84.50999999999999,2,1,1,有,有,有,17600,208,,0.0,0,續租案件；,RPPNMLOKMHLGFFK98CC,整棟(戶)出租,有,1150320~1160319,有,冷氣、熱水器、洗衣機、電視機、冰箱、瓦斯或天然氣,社會住宅包租轉租
頭份市,租賃房屋,苗栗縣頭份市東民路３３號,0.0,,,,1150331,土地0建物1車位0,一層,7,店面(店鋪),商業用,鋼筋混凝土造,0800803,53.25,0,0,0,無,有,無,10000,188,,0.0,0,租金總額含水費；,RPQNMLOKMHLGFFK09CC,,有,1150415~1160414,有,冷氣,
頭份市,租賃房屋,苗栗縣頭份市上埔里２鄰中正一路３４３號五樓,0.0,,,,1150331,土地0建物1車位0,五層,7,華廈(10層含以下有電梯),集合住宅,鋼筋混凝土造,1120406,67.25,2,1,1,有,有,有,17000,253,,0.0,0,租金總額含管理費；續租案件；,RPRNMLOKMHLGFFK56CC,整棟(戶)出租,有,1150401~1160331,有,冷氣、熱水器、洗衣機、電視機、冰箱、瓦斯或天然氣,社會住宅包租轉租
頭份市,租賃房屋,苗栗縣頭份市中興路４３６巷３２號６樓,0.0,,,,1150330,土地0建物1車位0,六層,10,華廈(10層含以下有電梯),集合住宅,鋼筋混凝土造,1041029,167.25,3,2,2,有,有,有,25000,149,,0.0,0,,RPSNMLOKMHLGFFK66CC,整棟(戶)出租,有,1150401~1160331,有,冷氣、熱水器、洗衣機、電視機、冰箱、瓦斯或天然氣,
頭份市,租賃房屋,苗栗縣頭份市中興路６１７號,0.0,,,,1150410,土地0建物1車位0,全,3,透天厝,住家用,鋼筋混凝土造,0910315,165.79,2,0,2,有,無,無,40000,241,,0.0,0,租期第四年起租金調整為41000元整，起租日為115年5月10日115年4月10~115年5月9日期間為裝修日,RPUNMLOKMHLGFFK86CC,整棟(戶)出租,無,1150410~1200409,無,冷氣,
苗栗市,租賃房屋,苗栗縣苗栗市中華路６２５號,0.0,,,,1150404,土地0建物1車位0,見其他登記事項,2,店面(店鋪),住家用,加強磚造,0700402,97.86,0,0,0,無,無,無,19900,203,,0.0,0,免租金裝修期2026年4月10日至2026年6月9日租金總額含稅；其他二代健保；含增建或未登記建物；,RPPNMLOKMHLGFBK68DC,,無,1150410~1200409,無,,
頭份市,租賃房屋,苗栗縣頭份市東庄里１８鄰東民路１７６號,0.0,,,,1150319,土地0建物1車位0,全,3,透天厝,一般零售業、一般事務所、運動休閒設施,ＲＣ造,1000323,226.63,6,3,5,有,無,無,65000,287,,0.0,0,雙方特約:租賃房屋一樓前方之空地，屬法定退縮空地，出租人同意承租人有權使用租金總額含稅；,RPPNMLPKMHLGFFK09CC,,無,1150420~1180419,無,,
苑裡鎮,租賃房屋,苗栗縣苑裡鎮福田里４鄰福田４９號,0.0,,,,1150327,土地0建物1車位0,全,2,透天厝,住家用,加強磚造,0690402,216.31,3,3,2,有,無,有,10000,46,,0.0,0,續租案件；,RPPNMLQKMHLGFCK88CC,整棟(戶)出租,無,1150401~1160331,無,冷氣、熱水器、洗衣機、電視機、冰箱、瓦斯或天然氣,社會住宅代管
竹南鎮,租賃房屋,苗栗縣竹南鎮科專五路２２８號-４B,0.0,,,,1150401,土地0建物0車位0,全,4,透天厝,住商用、停車空間,鋼筋混凝土造,1060930,24.66,15,0,15,有,無,有,7500,304,,0.0,0,租金總額含管理費；水費；網路費；含增建或未登記建物；,RPPNMLQKMHLGFDK98CC,分租套房,無,1150401~1150630,有,冷氣、熱水器、洗衣機、電視機、冰箱、有線電視、網路,一般轉租
竹南鎮,租賃房屋,苗栗縣竹南鎮仁愛路６８１號-４A,0.0,,,,1150407,土地0建物0車位0,全,4,透天厝,住商用、停車空間,鋼筋混凝土造,1060930,27.87,15,0,15,有,無,有,7500,269,,0.0,0,租金總額含管理費；水費；網路費；含增建或未登記建物；,RPQNMLQKMHLGFDK09CC,分租套房,無,1150407~1150606,有,冷氣、熱水器、洗衣機、電視機、冰箱、有線電視、網路,一般轉租
頭份市,租賃房屋,苗栗縣頭份市忠孝二路３２巷１５號四樓,0.0,,,,1150325,土地0建物1車位0,四層,4,公寓(5樓含以下無電梯),住家用,鋼筋混凝土造,0690801,68.0,33,1,1,有,無,有,15000,221,,0.0,0,續租案件；,RPPNMLQKMHLGFFK56CC,整棟(戶)出租,無,1150325~1160324,無,冷氣、熱水器、洗衣機、瓦斯或天然氣,社會住宅代管
頭份市,租賃房屋+車位,苗栗縣頭份市永昌街１１巷８號６樓,0.0,,,,1150319,土地0建物1車位1,六層,7,華廈(10層含以下有電梯),住家用,鋼筋混凝土造,0860827,103.60000000000001,3,2,2,有,有,有,12000,116,坡道平面,13.39,0,,RPQNMLQKMHLGFFK66CC,整棟(戶)出租,有,1150327~1180326,有,冷氣、熱水器、洗衣機、電視機、冰箱、瓦斯或天然氣,社會住宅包租轉租
苗栗市,租賃房屋+車位,苗栗縣苗栗市為民街３８２之６號６樓,0.0,,,,1150326,土地0建物1車位1,六層,12,住宅大樓(11層含以上有電梯),住家用,鋼筋混凝土造,0840115,109.27,3,1,2,有,有,有,12500,114,坡道平面,0.0,0,租金總額含管理費；續租案件；,RPPNMLRKMHLGFBK88CC,整棟(戶)出租,有,1150401~1160331,有,冷氣、熱水器、洗衣機、瓦斯或天然氣,社會住宅代管
苗栗市,租賃房屋,苗栗縣苗栗市莊敬街１４３巷１４號五樓,0.0,,,,1150326,土地0建物1車位0,五層,5,公寓(5樓含以下無電梯),住家用,鋼筋混凝土造,0720506,107.55,3,2,1,有,無,有,11000,102,,0.0,0,續租案件；,RPQNMLRKMHLGFBK98CC,整棟(戶)出租,無,1150401~1160331,無,冷氣、熱水器、洗衣機、電視機、冰箱、瓦斯或天然氣,社會住宅代管
苑裡鎮,租賃房屋,苗栗縣苑裡鎮中正里５鄰２２之１６號,0.0,,,,1150408,土地0建物1車位0,全,2,透天厝,住家用,鋼筋混凝土造,0720815,156.5,5,2,2,有,無,有,12000,77,,0.0,0,續租案件；,RPPNMLRKMHLGFCK98CC,整棟(戶)出租,無,1150501~1160430,無,熱水器,社會住宅代管
竹南鎮,租賃房屋,苗栗縣竹南鎮正南里２５鄰福德路１８２巷４號６樓,0.0,,,,1150401,土地0建物1車位0,六層,7,華廈(10層含以下有電梯),住家用,鋼筋混凝土造,0820811,101.77,2,2,2,有,有,有,15000,147,,0.0,0,未租賃車位，建物登記含有車位面積；續租案件；,RPPNMLRKMHLGFDK09CC,整棟(戶)出租,有,1150411~1160410,有,冷氣、熱水器、洗衣機、電視機、冰箱、瓦斯或天然氣,社會住宅包租轉租
竹南鎮,租賃房屋+車位,苗栗縣竹南鎮中華里１６鄰博愛街３１３巷１１號十七樓,0.0,,,,1150328,土地0建物1車位1,十七層,20,住宅大樓(11層含以上有電梯),住家用,鋼筋混凝土造,0851214,140.3,3,1,2,有,有,有,15500,110,坡道平面,0.0,1500,租金總額含管理費；續租案件；,RPQNMLRKMHLGFDK56CC,整棟(戶)出租,有,1150401~1160331,有,冷氣、熱水器、瓦斯或天然氣,社會住宅代管
竹南鎮,租賃房屋,苗栗縣竹南鎮中華里１６鄰萬大街７８號四樓之九,0.0,,,,1150401,土地0建物1車位0,四層,5,華廈(10層含以下有電梯),住家用,鋼筋混凝土造,0961112,29.0,1,0,1,有,無,有,6400,221,,0.0,0,,RPSNMLRKMHLGFDK76CC,獨立套房,無,1150401~1160228,有,冷氣、熱水器、電視機、冰箱、有線電視、網路,社會住宅包租轉租
竹南鎮,租賃房屋,苗栗縣竹南鎮大埔里２鄰科專三路３１號５樓之５,0.0,,,,1150407,土地0建物1車位0,五層,10,華廈(10層含以下有電梯),住家用,鋼筋混凝土造,1050422,136.07999999999998,4,2,2,有,有,有,19800,146,,0.0,0,續租案件；,RPUNMLRKMHLGFDK96CC,整棟(戶)出租,有,1150423~1160422,有,冷氣、熱水器、洗衣機、電視機、冰箱、瓦斯或天然氣,社會住宅代管
頭份市,租賃房屋+車位,苗栗縣頭份市東庄里６鄰富強二街２１號五樓,0.0,,,,1150401,土地0建物1車位1,五層,15,住宅大樓(11層含以上有電梯),集合住宅,鋼筋混凝土造,1110524,147.48000000000002,2,2,2,有,有,有,15000,114,坡道平面,37.89,2500,續租案件；,RPPNMLRKMHLGFFK66CC,整棟(戶)出租,有,1150410~1160409,有,冷氣、熱水器、洗衣機、電視機、冰箱、瓦斯或天然氣,社會住宅代管
頭份市,租賃房屋+車位,苗栗縣頭份市後庄里２１鄰公園七街５９號二樓,0.0,,,,1150415,土地0建物1車位1,二層,14,住宅大樓(11層含以上有電梯),住家用,鋼筋混凝土造,1091016,123.02,2,2,1,有,有,有,20000,178,坡道平面,32.88,4000,另有管理費3000 元，由承租人負擔。,RPQNMLRKMHLGFFK76CC,整棟(戶)出租,有,1150415~1160414,有,冷氣、熱水器、洗衣機、冰箱、瓦斯或天然氣,社會住宅包租轉租
竹南鎮,租賃房屋,苗栗縣竹南鎮大埔三街２４３號４樓之３（C４０３室）,0.0,,,,1150418,土地0建物0車位0,四層,10,華廈(10層含以下有電梯),集合住宅,鋼筋混凝土造,1041116,16.52,4,0,4,有,有,有,7000,424,,0.0,0,租金總額含管理費；水費；網路費；其他第四台費用；租賃建物部分範圍，且未計入共有部分面積；,RPPNMLSKMHLGFDK56CC,分租套房,有,1150419~1160418,有,冷氣、熱水器、洗衣機、電視機、冰箱、有線電視,
竹南鎮,租賃房屋,苗栗縣竹南鎮大埔三街２４３號３樓之５（D３０１室）,0.0,,,,1150415,土地0建物0車位0,三層,10,華廈(10層含以下有電梯),集合住宅,鋼筋混凝土造,1041116,18.0,4,0,4,有,有,有,7000,389,,0.0,0,租金總額含管理費；水費；網路費；租賃建物部分範圍，且未計入共有部分面積；,RPQNMLSKMHLGFDK66CC,分租套房,有,1150415~1160414,有,冷氣、熱水器、洗衣機、冰箱,
竹南鎮,租賃房屋,苗栗縣竹南鎮大埔三街２４３號３樓之５（D３０４室）,0.0,,,,1150415,土地0建物0車位0,三層,10,華廈(10層含以下有電梯),集合住宅,鋼筋混凝土造,1041116,18.0,4,0,4,有,有,有,7000,389,,0.0,0,租金總額含管理費；水費；網路費；租賃建物部分範圍，且未計入共有部分面積；,RPRNMLSKMHLGFDK76CC,分租套房,有,1150415~1160414,有,冷氣、熱水器、洗衣機、冰箱,
竹南鎮,租賃房屋,苗栗縣竹南鎮大埔三街２４３號５樓之１（A５０４室）,0.0,,,,1150415,土地0建物0車位0,五層,10,華廈(10層含以下有電梯),集合住宅,鋼筋混凝土造,1041116,19.8,4,0,4,有,有,有,8000,404,,0.0,0,租金總額含管理費；水費；網路費；其他第四台費用；租賃建物部分範圍，且未計入共有部分面積；,RPSNMLSKMHLGFDK86CC,分租套房,有,1150415~1160414,有,冷氣、熱水器、洗衣機、電視機、冰箱、有線電視,
苗栗市,租賃房屋,苗栗縣苗栗市福麗里１５鄰至公路５０１號二樓之一,29.6,住,,,1150410,土地1建物1車位0,二層,5,華廈(10層含以下有電梯),住家用,鋼筋混凝土造,1080802,83.91,2,2,1,有,有,有,16000,191,,0.0,0,未租賃車位，建物登記含有車位面積；,RPQNMLKLMHLGFBK38CC,整棟(戶)出租,無,1150411~1160410,有,冷氣、熱水器、洗衣機、電視機、冰箱、瓦斯或天然氣,
竹南鎮,租賃房屋+車位,苗栗縣竹南鎮大埔一街９１號第九樓之三,0.0,,,,1150401,土地0建物1車位1,九層,9,華廈(10層含以下有電梯),住家用,鋼筋混凝土造,1051012,154.95,3,2,2,有,有,有,17600,115,坡道平面,21.02,2200,,RPPNMLKLMHLGFDK48CC,整棟(戶)出租,有,1150401~1160331,有,冷氣、熱水器、洗衣機、電視機、冰箱、瓦斯或天然氣,社會住宅包租轉租
竹南鎮,租賃房屋,苗栗縣竹南鎮天祥街二段３１９號５樓之２,0.0,,,,1150331,土地0建物1車位0,五層,5,華廈(10層含以下有電梯),集合住宅、停車空間,鋼筋混凝土造,1131024,97.24000000000001,2,1,1,有,有,有,18000,185,,0.0,0,,RPQNMLKLMHLGFDK58CC,整棟(戶)出租,無,1150401~1180331,有,冷氣、熱水器、洗衣機、電視機、冰箱、瓦斯或天然氣,社會住宅包租轉租
竹南鎮,租賃房屋,苗栗縣竹南鎮新南里１１鄰民華街９巷５號２樓,0.0,,,,1150407,土地0建物1車位0,二層,7,華廈(10層含以下有電梯),住家用,鋼筋混凝土造,0980909,107.78,3,2,2,有,有,有,13600,126,,0.0,0,,RPRNMLKLMHLGFDK68CC,整棟(戶)出租,有,1150407~1160406,有,冷氣、熱水器、洗衣機、冰箱、瓦斯或天然氣,社會住宅代管
頭份市,租賃房屋,苗栗縣頭份市民權里１鄰中華路８８３之３號１２樓,0.0,,,,1150408,土地0建物1車位0,十二層,12,住宅大樓(11層含以上有電梯),住家用,鋼筋混凝土造,1050707,127.55,3,2,2,有,有,有,17800,140,,0.0,0,,RPPNMLKLMHLGFFK68CC,整棟(戶)出租,有,1150417~1160416,有,冷氣、熱水器、洗衣機、冰箱、瓦斯或天然氣,社會住宅代管
頭份市,租賃房屋,苗栗縣頭份市中興路１５９號三樓之一,0.0,,,,1150414,土地0建物1車位0,三層,8,華廈(10層含以下有電梯),集合住宅,鋼筋混凝土造,1141016,95.56,2,2,2,有,有,有,19000,199,,0.0,0,管理費待管委會成立後決議，而管理費由出租人負擔。租金總額含管理費；,RPQNMLKLMHLGFFK78CC,整棟(戶)出租,有,1150420~1160419,有,冷氣、熱水器、洗衣機、電視機、冰箱、瓦斯或天然氣,社會住宅包租轉租
竹南鎮,租賃房屋,苗栗縣竹南鎮大埔里２鄰大埔十街４６巷１號三樓之５,0.0,,,,1150414,土地0建物1車位0,三層,9,華廈(10層含以下有電梯),住家用,鋼筋混凝土造,1060825,94.76,2,2,1,有,有,有,11700,123,,0.0,0,,RPPNMLLLMHLGFDK58CC,整棟(戶)出租,有,1150505~1160504,有,冷氣、熱水器、洗衣機、冰箱、瓦斯或天然氣,社會住宅包租轉租
頭份市,租賃房屋+車位,苗栗縣頭份市昌隆二街１７號１０樓,0.0,,,,1150414,土地0建物1車位1,十層,15,住宅大樓(11層含以上有電梯),集合住宅,鋼筋混凝土造,1141105,156.14,3,2,2,有,有,有,25000,160,坡道平面,29.98,0,租金總額含管理費；,RPPNMLLLMHLGFFK78CC,整棟(戶)出租,有,1150420~1170419,有,冷氣、熱水器、洗衣機、冰箱,
頭份市,租賃房屋,苗栗縣頭份市富強一街５９號,0.0,,,,1150414,土地0建物1車位0,一層,15,店面(店鋪),店鋪,鋼筋混凝土造,1131120,146.91,1,0,1,有,有,無,41000,279,,0.0,0,租金總額含管理費；,RPQNMLLLMHLGFFK88CC,,有,1150415~1200414,有,,
苗栗市,租賃房屋,苗栗縣苗栗市水源里２０鄰陽明１３０號４樓之１０,0.0,,,,1150327,土地0建物1車位0,四層,5,華廈(10層含以下有電梯),住家用,鋼筋混凝土造,0851030,24.900000000000002,1,0,1,有,有,有,4550,183,,0.0,0,管理費450元由出租人負擔。續租案件；,RPQNMLMLMHLGFBK58CC,獨立套房,有,1150418~1160417,有,冷氣、熱水器、洗衣機、電視機、冰箱,社會住宅包租轉租
竹南鎮,租賃房屋,苗栗縣竹南鎮科專六路１５６、１５８號,0.0,,,,1150417,土地0建物2車位0,一層,1,店面(店鋪),店舖,鋼骨造,1141125,221.8,0,0,0,無,無,無,89250,402,,0.0,0,租金總額含稅；,RPPNMLMLMHLGFDK68CC,,無,1150417~1170430,無,,
竹南鎮,租賃房屋+車位,苗栗縣竹南鎮科專七路２０５號二樓之五,0.0,,,,1150401,土地0建物1車位1,二層,12,住宅大樓(11層含以上有電梯),住家用,ＲＣ造、鋼骨造,1050414,98.75,2,2,1,有,有,無,22000,223,坡道平面,16.85,0,,RPQNMLMLMHLGFDK78CC,整棟(戶)出租,有,1150415~1160414,有,冷氣、熱水器、洗衣機、電視機、冰箱、瓦斯或天然氣,
後龍鎮,租賃房屋,苗栗縣後龍鎮大庄里５鄰大庄１３之３６號,0.0,,,,1150420,土地0建物1車位0,全,4,透天厝,住家用,鋼筋混凝土造,0830914,174.44,5,2,3,有,無,有,20000,115,,0.0,0,,RPRNMLMLMHLGFDK88CC,整棟(戶)出租,無,1150420~1160419,無,冷氣、熱水器、洗衣機、電視機、瓦斯或天然氣,社會住宅包租轉租
竹南鎮,租賃房屋,苗栗縣竹南鎮科專七路２２５號,0.0,,,,1150422,土地0建物1車位0,全,5,透天厝,住商用、停車空間,鋼筋混凝土造,1050722,52.25,0,0,0,無,無,無,20000,383,,0.0,0,,RPSNMLMLMHLGFDK98CC,,無,1150615~1200614,無,,
頭份市,租賃房屋+車位,苗栗縣頭份市中興路１５９號５樓之２,0.0,,,,1150408,土地0建物1車位1,五層,8,華廈(10層含以下有電梯),集合住宅,鋼筋混凝土造,1141016,98.78,2,2,2,有,有,有,25000,253,一樓平面,0.0,0,租金總額含管理費；其他含稅；,RPPNMLMLMHLGFFK88CC,整棟(戶)出租,有,1150420~1160419,有,冷氣、熱水器、洗衣機、電視機、冰箱、瓦斯或天然氣,
頭份市,租賃房屋,苗栗縣頭份市建國里５鄰力行街２９巷１號,0.0,,,,1150331,土地0建物1車位0,一層,5,華廈(10層含以下有電梯),住商用,ＲＣ造,0960803,21.56,1,0,1,有,有,有,6000,278,,0.0,0,續租案件；,RPQNMLMLMHLGFFK98CC,獨立套房,有,1150405~1160404,有,冷氣、熱水器、洗衣機、電視機、冰箱,社會住宅包租轉租
苗栗市,租賃房屋,苗栗縣苗栗市福安里２３鄰中華路６０７巷２３號五樓之三,0.0,,,,1150417,土地0建物1車位0,五層,5,華廈(10層含以下有電梯),住家用,鋼筋混凝土造,1120605,88.43,2,2,1,有,有,有,17000,192,,0.0,0,租金總額含管理費；續租案件；,RPPNMLNLMHLGFBK58CC,整棟(戶)出租,有,1150420~1160419,有,冷氣、熱水器、洗衣機、電視機、冰箱、瓦斯或天然氣,社會住宅包租轉租
苗栗市,租賃房屋,苗栗縣苗栗市文聖里１２鄰文發路４５８巷６８弄９號,0.0,,,,1150414,土地0建物1車位0,全,3,透天厝,住宅，停車位,鋼筋混凝土造,0900610,153.9,4,2,3,有,無,有,17600,114,,0.0,0,續租案件；,RPPNMLOLMHLGFBK68CC,整棟(戶)出租,無,1150512~1160511,無,冷氣、熱水器、洗衣機、電視機、冰箱、瓦斯或天然氣,社會住宅包租轉租
竹南鎮,租賃房屋+車位,苗栗縣竹南鎮守法街５號６樓之１０,0.0,,,,1150410,土地0建物1車位1,六層,15,住宅大樓(11層含以上有電梯),集合住宅,鋼筋混凝土造,1140526,121.53999999999999,2,2,2,有,有,有,18000,167,坡道平面,31.45,3000,租金總額含管理費；,RPRNMLOLMHLGFDK09CC,整棟(戶)出租,有,1150415~1160414,有,冷氣、熱水器、洗衣機、電視機、冰箱、瓦斯或天然氣、有線電視,
竹南鎮,租賃房屋,苗栗縣竹南鎮科專六路１６６號,0.0,,,,1150406,土地0建物1車位0,一層,1,店面(店鋪),店舖,鋼骨造,1141125,173.14,0,0,0,無,無,無,60000,347,,0.0,0,,RPSNMLOLMHLGFDK56CC,,無,1150407~1210406,無,,
頭份市,租賃房屋+車位,苗栗縣頭份市昌隆二街７號１５樓,0.0,,,,1150418,土地0建物1車位1,十五層,15,住宅大樓(11層含以上有電梯),集合住宅,鋼筋混凝土造,1141105,143.76,3,2,2,有,有,有,26000,181,坡道平面,31.11,0,租金總額含管理費；,RPPNMLOLMHLGFFK09CC,整棟(戶)出租,有,1150425~1160424,有,冷氣、熱水器、電視機、冰箱、瓦斯或天然氣,
竹南鎮,租賃房屋+車位,苗栗縣竹南鎮科專五路３３１號２樓之７,0.0,,,,1150420,土地0建物1車位1,二層,5,華廈(10層含以下有電梯),集合住宅,鋼筋混凝土造,1140806,104.03,3,2,2,有,無,有,27306,262,一樓平面,14.87,0,租金總額含管理費；網路費；其他含稅；,RPPNMLRLMHLGFDK56CC,整棟(戶)出租,無,1150501~1160430,有,冷氣、熱水器、洗衣機、電視機、冰箱、瓦斯或天然氣、網路,
苗栗市,租賃房屋,苗栗縣苗栗市至公路５９６巷１５號,0.0,,,,1150401,土地0建物1車位0,全,2,透天厝,住家用,鋼筋混凝土造,,153.04,2,2,2,有,無,有,13000,85,,0.0,0,,RPPNMLSLMHLGFBK09CC,整棟(戶)出租,無,1150401~1160331,無,冷氣、熱水器、瓦斯或天然氣,社會住宅代管
竹南鎮,租賃房屋,苗栗縣竹南鎮光復路４８６號１２樓之９,0.0,,,,1150422,土地0建物1車位0,十二層,14,住宅大樓(11層含以上有電梯),集合住宅,鋼筋混凝土造,1141229,81.54,2,2,1,有,有,有,16000,196,,0.0,0,,RPPNMLSLMHLGFDK66CC,整棟(戶)出租,有,1150428~1160427,有,冷氣、熱水器、洗衣機、電視機、冰箱、瓦斯或天然氣,社會住宅包租轉租
頭份市,租賃房屋,苗栗縣頭份市中興里１３鄰建國路二段２９８號６樓,0.0,,,,1150420,土地0建物1車位0,六層,14,住宅大樓(11層含以上有電梯),住家用,ＲＣ造,0950503,134.7,3,2,2,有,有,有,17000,126,,0.0,0,,RPPNMLSLMHLGFFK86CC,整棟(戶)出租,有,1150425~1160424,有,冷氣、熱水器、洗衣機、電視機、冰箱、瓦斯或天然氣,社會住宅包租轉租
苗栗市,租賃房屋,苗栗縣苗栗市縣府路１１６號６樓,0.0,,,,1150406,土地0建物1車位0,六層,13,住宅大樓(11層含以上有電梯),住家用,鋼筋混凝土造,0881206,117.47,3,1,2,有,有,有,15000,128,,0.0,0,,RPPNMLTLMHLGFBK56CC,整棟(戶)出租,有,1150406~1160405,有,冷氣、熱水器、洗衣機、電視機、冰箱、瓦斯或天然氣,社會住宅代管
竹南鎮,租賃房屋,苗栗縣竹南鎮建興街５８之３號,0.0,,,,1150402,土地0建物1車位0,四層,4,公寓(5樓含以下無電梯),住家用,鋼筋混凝土造,0690306,119.88000000000001,3,2,2,有,無,有,10000,83,,0.0,0,,RPQNMLTLMHLGFDK86CC,整棟(戶)出租,無,1150405~1160404,無,冷氣、熱水器、洗衣機、電視機、瓦斯或天然氣,社會住宅代管
頭份市,租賃房屋,苗栗縣頭份市和平路３３０號,0.0,,,,1150424,土地0建物1車位0,一層,14,住宅大樓(11層含以上有電梯),商業用,鋼筋混凝土造,1070419,174.26999999999998,0,0,0,無,有,無,51000,293,,0.0,0,,RPPNMLTLMHLGFFK96CC,,有,1150601~1200531,有,,
頭份市,租賃房屋,苗栗縣頭份市和平路３２８號,0.0,,,,1150424,土地0建物1車位0,一層,14,住宅大樓(11層含以上有電梯),商業用,鋼筋混凝土造,1070419,134.64,0,0,0,無,有,無,19000,141,,0.0,0,,RPQNMLTLMHLGFFK07CC,,有,1150601~1200531,有,,
苗栗市,租賃房屋,苗栗縣苗栗市水源里２５鄰陽明１２９號四樓之十三,0.0,,,,1150423,土地0建物1車位0,四層,5,華廈(10層含以下有電梯),住家用,鋼筋混凝土造,0851030,26.730000000000004,1,0,1,有,有,有,4050,152,,0.0,0,管理費450元由出租人負擔續租案件；,RPPNMLKMMHLGFBK38CC,獨立套房,有,1150501~1160430,有,冷氣、熱水器、洗衣機、電視機、冰箱,社會住宅包租轉租
苗栗市,租賃房屋,苗栗縣苗栗市南勢里１２鄰成昌１１號,0.0,,,,1150421,土地0建物1車位0,全,2,透天厝,住家用,加強磚造,0810528,130.32,6,2,2,有,無,有,6000,46,,0.0,0,續租案件；,RPQNMLKMMHLGFBK48CC,整棟(戶)出租,無,1150421~1180420,無,熱水器、洗衣機、電視機、冰箱、瓦斯或天然氣,社會住宅包租轉租
竹南鎮,租賃房屋,苗栗縣竹南鎮科專五路２２８號-４A,0.0,,,,1150425,土地0建物0車位0,全,4,透天厝,住商用、停車空間,鋼筋混凝土造,1060930,24.66,15,0,15,有,無,有,7500,304,,0.0,0,租金總額含管理費；水費；網路費；含增建或未登記建物；,RPPNMLKMMHLGFDK58CC,分租套房,無,1150504~1150703,有,冷氣、熱水器、洗衣機、電視機、冰箱、有線電視、網路,一般轉租
竹南鎮,租賃房屋,苗栗縣竹南鎮科專五路２２８號-３B,0.0,,,,1150427,土地0建物0車位0,全,4,透天厝,住商用、停車空間,鋼筋混凝土造,1060930,24.66,15,0,15,有,無,有,7500,304,,0.0,0,租金總額含管理費；水費；網路費；含增建或未登記建物；,RPQNMLKMMHLGFDK68CC,分租套房,無,1150427~1150629,有,冷氣、熱水器、洗衣機、電視機、冰箱、有線電視、網路,一般轉租
竹南鎮,租賃房屋,苗栗縣竹南鎮科專五路２２８號-３A,0.0,,,,1150416,土地0建物0車位0,全,4,透天厝,住商用、停車空間,鋼筋混凝土造,1060930,24.66,15,0,15,有,無,有,7000,284,,0.0,0,租金總額含管理費；水費；網路費；含增建或未登記建物；,RPRNMLKMMHLGFDK78CC,分租套房,無,1150416~1160415,有,冷氣、熱水器、洗衣機、電視機、冰箱、有線電視、網路,一般轉租
後龍鎮,租賃房屋+車位,苗栗縣後龍鎮北龍里１０鄰中山路１１巷１６號三樓之二,0.0,,,,1150427,土地0建物1車位1,三層,8,華廈(10層含以下有電梯),集合住宅,鋼筋混凝土造,1101216,119.60000000000001,3,2,2,有,有,有,17000,142,升降機械,0.0,0,租金總額含管理費；續租案件；,RPSNMLKMMHLGFDK88CC,整棟(戶)出租,有,1150510~1160509,有,冷氣、熱水器、洗衣機、冰箱、瓦斯或天然氣,社會住宅包租轉租
竹南鎮,租賃房屋,苗栗縣竹南鎮大厝里１５鄰南大路２１２巷４之１號,0.0,,,,1150422,土地0建物1車位0,二層,4,公寓(5樓含以下無電梯),住家用,鋼筋混凝土造,0671201,79.67,2,2,2,有,無,有,11000,138,,0.0,0,續租案件；,RPTNMLKMMHLGFDK98CC,整棟(戶)出租,無,1150501~1160430,無,熱水器、冰箱、瓦斯或天然氣,社會住宅包租轉租
竹南鎮,租賃房屋+車位,苗栗縣竹南鎮開元里９鄰光德路４３０巷６號八樓之三,0.0,,,,1150424,土地0建物1車位1,八層,9,華廈(10層含以下有電梯),住家用,鋼筋混凝土造,1110905,111.28,2,2,1,有,有,有,16400,147,一樓平面,21.91,0,續租案件；,RPUNMLKMMHLGFDK09CC,整棟(戶)出租,有,1150428~1160427,有,冷氣、熱水器、洗衣機、電視機、瓦斯或天然氣,社會住宅代管
頭份市,租賃房屋,苗栗縣頭份市上興里２１鄰永昌街１１巷１號七樓,0.0,,,,1150422,土地0建物1車位0,七層,7,華廈(10層含以下有電梯),住家用,鋼筋混凝土造,0860827,95.5,3,2,2,有,有,有,12000,126,,0.0,0,租金總額含管理費；續租案件；,RPPNMLKMMHLGFFK78CC,整棟(戶)出租,有,1150506~1160505,有,冷氣、熱水器、洗衣機、電視機、冰箱、瓦斯或天然氣,社會住宅包租轉租
頭份市,租賃房屋,苗栗縣頭份市和平路１７４號,0.0,,,,1150408,土地0建物1車位0,全,3,透天厝,住家用,加強磚造,0460115,42.77,3,0,2,有,無,有,20000,468,,0.0,0,,RPQNMLKMMHLGFFK88CC,分層出租,無,1150501~1180430,無,冰箱,
竹南鎮,租賃房屋,苗栗縣竹南鎮大埔七街４２號（２樓C室）,0.0,,,,1150429,土地0建物0車位0,全,4,透天厝,住商用、停車空間,鋼筋混凝土造,1041229,15.1,10,0,10,有,無,有,5000,331,,0.0,0,租金總額含管理費；水費；網路費；租賃建物部分範圍，且未計入共有部分面積；,RPPNMLLJNHLGFDK48CC,分租套房,無,1150501~1160430,有,冷氣、熱水器、電視機、冰箱,
竹南鎮,租賃房屋+車位,苗栗縣竹南鎮守法街５號８樓之９,0.0,,,,1150408,土地0建物1車位1,八層,15,住宅大樓(11層含以上有電梯),集合住宅,鋼筋混凝土造,1140526,152.8,3,2,2,有,有,有,15000,98,坡道平面,31.45,0,,RPQNMLOJNHLGFDK88CC,整棟(戶)出租,有,1150501~1160430,有,冷氣、熱水器、洗衣機、電視機、冰箱、瓦斯或天然氣,
頭份市,租賃房屋,苗栗縣頭份市復興街７７巷３號,0.0,,,,1150425,土地0建物1車位0,全,3,透天厝,住家用,ＲＣ造,1000103,286.18,4,3,4,有,無,無,33000,115,,0.0,0,,RPPNMLOJNHLGFFK98CC,整棟(戶)出租,無,1150510~1210509,無,冷氣、熱水器、瓦斯或天然氣,
頭份市,租賃房屋,苗栗縣頭份市中華路５０２號３樓A室,0.0,,,,1150502,土地0建物0車位0,全,5,透天厝,店舖、住家用、樓梯間、停車空間,鋼筋混凝土造,1120728,30.0,6,2,7,有,無,無,10000,333,,0.0,0,,RPQNMLOJNHLGFFK09CC,分租套房,無,1150415~1160414,無,冷氣、熱水器、冰箱、有線電視、網路,
苗栗市,租賃房屋,苗栗縣苗栗市水源里２５鄰陽明１２９號四樓之十七,0.0,,,,1150429,土地0建物1車位0,四層,5,華廈(10層含以下有電梯),住家用,鋼筋混凝土造,0851030,27.189999999999998,1,0,1,有,有,有,4500,166,,0.0,0,租金總額含管理費；續租案件；,RPPNMLPJNHLGFBK68CC,獨立套房,有,1150501~1160430,有,冷氣、熱水器、洗衣機、電視機、冰箱,社會住宅包租轉租
苗栗市,租賃房屋,苗栗縣苗栗市水源里２０鄰陽明１２９號一樓之十七,0.0,,,,1150427,土地0建物1車位0,一層,5,華廈(10層含以下有電梯),住家用,鋼筋混凝土造,0851030,27.189999999999998,1,0,1,有,有,有,4550,167,,0.0,0,管理費450元由出租人負擔。續租案件；,RPQNMLPJNHLGFBK78CC,獨立套房,有,1150526~1170525,有,冷氣、熱水器、洗衣機、電視機、冰箱,社會住宅包租轉租
竹南鎮,租賃房屋,苗栗縣竹南鎮科專五路４８０號,0.0,,,,1150411,土地0建物1車位0,全,4,透天厝,住商用、停車空間,鋼筋混凝土造,1040130,253.18,7,2,8,有,無,有,65000,257,,0.0,0,租金總額含網路費；,RPPNMLPJNHLGFDK88CC,整棟(戶)出租,無,1150415~1160414,無,冷氣、熱水器、洗衣機、電視機、冰箱、瓦斯或天然氣、有線電視、網路,
竹南鎮,租賃房屋+車位,苗栗縣竹南鎮科專七路２０５號八樓之２,26.13,住,,,1150418,土地1建物1車位1,八層,12,住宅大樓(11層含以上有電梯),住家用,ＲＣ造、鋼骨造,1050414,92.03,2,2,1,有,有,無,17225,187,坡道機械,0.0,0,多人共同承租2；,RPQNMLPJNHLGFDK98CC,整棟(戶)出租,有,1150501~1160430,有,冷氣,
竹南鎮,租賃房屋,苗栗縣竹南鎮大埔里８鄰大埔一街１０６號九樓,0.0,,,,1150428,土地0建物1車位0,九層,14,住宅大樓(11層含以上有電梯),集合住宅,鋼筋混凝土造,1051130,162.2,3,2,2,有,有,有,19800,122,,0.0,0,未租賃車位，建物登記含有車位面積；續租案件；,RPRNMLPJNHLGFDK09CC,整棟(戶)出租,有,1150428~1160427,有,冷氣、熱水器、洗衣機、電視機、瓦斯或天然氣,社會住宅代管
竹南鎮,租賃房屋,苗栗縣竹南鎮大埔街１３３號,0.0,,,,1150421,土地0建物0車位0,全,4,透天厝,住家用,鋼筋混凝土造,1050503,20.0,13,0,13,有,無,無,8000,400,,0.0,0,租金總額含水費；網路費；其他含稅；租賃建物部分範圍，且未計入共有部分面積；,RPSNMLPJNHLGFDK56CC,分租套房,無,1150425~1160424,有,冷氣、熱水器、電視機,
頭份市,租賃房屋+車位,苗栗縣頭份市中興路４３６巷２８號１０樓,0.0,,,,1150419,土地0建物1車位1,十層,10,華廈(10層含以下有電梯),集合住宅,鋼筋混凝土造,1041029,160.36,3,2,2,有,有,有,23000,143,坡道平面,36.59,0,租金總額含管理費；續租案件；,RPPNMLPJNHLGFFK09CC,整棟(戶)出租,有,1150504~1160503,有,冷氣、熱水器、洗衣機、電視機、冰箱、瓦斯或天然氣,
頭份市,租賃房屋+車位,苗栗縣頭份市信東路二段２３０號３樓,0.0,,,,1150426,土地0建物1車位1,三層,5,華廈(10層含以下有電梯),集合住宅,ＲＣ造,1010706,184.67,3,2,2,有,無,有,22000,119,坡道平面,0.0,0,租金總額含管理費；,RPQNMLPJNHLGFFK56CC,整棟(戶)出租,無,1150515~1160514,有,冷氣、熱水器、洗衣機、電視機、冰箱、瓦斯或天然氣,
頭份市,租賃房屋,苗栗縣頭份市八德一路１６１號五樓,0.0,,,,1150428,土地0建物1車位0,五層,10,華廈(10層含以下有電梯),辦公室,鋼筋混凝土造,1060808,71.89,3,2,2,有,有,有,16600,231,,0.0,0,續租案件；,RPRNMLPJNHLGFFK66CC,整棟(戶)出租,有,1150524~1160523,有,冷氣、熱水器、洗衣機、電視機、冰箱、瓦斯或天然氣,社會住宅包租轉租
頭份市,租賃房屋,苗栗縣頭份市田寮里２４鄰華夏路９０號二樓之二,0.0,,,,1150428,土地0建物1車位0,二層,5,華廈(10層含以下有電梯),住家用,鋼筋混凝土造,0830113,70.35,3,2,2,有,無,有,13400,190,,0.0,0,續租案件；,RPSNMLPJNHLGFFK76CC,整棟(戶)出租,有,1150521~1160520,有,冷氣、熱水器、洗衣機、電視機、冰箱、瓦斯或天然氣,社會住宅包租轉租
竹南鎮,租賃房屋,苗栗縣竹南鎮中華里１２鄰平等街４３號５樓之２,0.0,,,,1150424,土地0建物1車位0,五層,5,華廈(10層含以下有電梯),集合住宅,鋼筋混凝土造,1141002,70.27,2,2,1,有,有,有,15000,213,,0.0,0,續租案件；,RPPNMLQJNHLGFDK98CC,整棟(戶)出租,有,1150501~1160430,有,冷氣、熱水器、洗衣機、冰箱、瓦斯或天然氣,社會住宅包租轉租
竹南鎮,租賃房屋,苗栗縣竹南鎮大埔街１４１號２樓,0.0,,,,1150506,土地0建物0車位0,全,4,透天厝,住商用、停車空間,鋼筋混凝土造,1061229,49.29,5,1,5,有,無,有,12000,243,,0.0,0,租金總額含管理費；水費；網路費；租賃建物部分範圍，且未計入共有部分面積；,RPTNMLQJNHLGFDK76CC,分租套房,無,1150507~1160506,無,冷氣、熱水器、洗衣機、電視機、冰箱,
頭份市,租賃房屋,苗栗縣頭份市中興路１５９號三樓之二,0.0,,,,1150424,土地0建物1車位0,三層,8,華廈(10層含以下有電梯),集合住宅,鋼筋混凝土造,1141016,90.52000000000001,2,2,2,有,有,有,18000,199,,0.0,0,租金總額含管理費；未租賃車位，建物登記含有車位面積；續租案件；,RPPNMLQJNHLGFFK56CC,整棟(戶)出租,有,1150501~1160430,有,冷氣、熱水器、洗衣機、電視機、冰箱、瓦斯或天然氣,社會住宅包租轉租
頭份市,租賃房屋+車位,苗栗縣頭份市昌隆二街１號５樓,0.0,,,,1150503,土地0建物1車位1,五層,15,住宅大樓(11層含以上有電梯),集合住宅,鋼筋混凝土造,1141105,162.04000000000002,3,2,2,有,有,有,24000,148,坡道平面,31.11,0,租金總額含管理費；,RPQNMLQJNHLGFFK66CC,整棟(戶)出租,有,1150610~1170609,有,冷氣、熱水器、洗衣機、電視機、冰箱、瓦斯或天然氣,
頭份市,租賃房屋+車位,苗栗縣頭份市公園一街８７號１５樓,0.0,,,,1150502,土地0建物1車位1,十五層,23,住宅大樓(11層含以上有電梯),集合住宅,鋼筋混凝土造,1140122,123.62,3,2,2,有,有,無,20000,162,坡道平面,29.42,0,租金總額含管理費；,RPRNMLQJNHLGFFK76CC,整棟(戶)出租,有,1150601~1160531,有,冷氣、熱水器、瓦斯或天然氣,
竹南鎮,租賃房屋,苗栗縣竹南鎮愛國街２２號,0.0,,,,1150419,土地0建物1車位0,全,2,透天厝,住商用,加強磚造,0680808,96.32,5,2,4,有,無,無,30000,311,,0.0,0,多人共同承租2；,RPQNMLRJNHLGFDK66DC,整棟(戶)出租,無,1150401~1160331,無,冷氣,
竹南鎮,租賃房屋,苗栗縣竹南鎮山佳里５鄰光復路５３６號八樓 之一第３室,0.0,,,,1150413,土地0建物0車位0,八層,15,住宅大樓(11層含以上有電梯),集合住宅,鋼筋混凝土造,1041105,15.0,4,0,4,有,有,有,6500,433,,0.0,0,水費每個月收200元，電費依據電費單平均值收取租金總額含管理費；網路費；租賃建物部分範圍，且未計入共有部分面積；,RPPNMLSJNHLGFDK56CC,分租套房,有,1150416~1160430,有,冷氣、熱水器、洗衣機、電視機、冰箱、有線電視、網路,一般代管
竹南鎮,租賃房屋,苗栗縣竹南鎮光復路５３６號八樓之三第２室,0.0,,,,1150428,土地0建物0車位0,八層,15,住宅大樓(11層含以上有電梯),集合住宅,鋼筋混凝土造,1041105,18.4,3,0,3,有,有,有,6500,353,,0.0,0,水費每個月收200元，電費依據電費單平均值收取租金總額含管理費；網路費；租賃建物部分範圍，且未計入共有部分面積；,RPQNMLSJNHLGFDK66CC,分租套房,有,1150501~1160430,有,冷氣、熱水器、洗衣機、電視機、冰箱、有線電視、網路,一般代管
竹南鎮,租賃房屋,苗栗縣竹南鎮光復路５３６號八樓之三第３室,0.0,,,,1150501,土地0建物0車位0,八層,15,住宅大樓(11層含以上有電梯),集合住宅,鋼筋混凝土造,1041105,18.4,3,0,3,有,有,有,7000,380,,0.0,0,水費每個月收200元，電費依據電費單平均值收取租金總額含管理費；網路費；租賃建物部分範圍，且未計入共有部分面積；,RPRNMLSJNHLGFDK76CC,分租套房,有,1150510~1160531,有,冷氣、熱水器、洗衣機、電視機、冰箱、有線電視、網路,一般代管
頭份市,租賃房屋,苗栗縣頭份市顯會路７３巷２６弄３號,66.93,住,,,1150418,土地1建物1車位0,全,4,透天厝,住家用,鋼筋混凝土造,0850715,188.68,4,2,3,有,無,無,15000,79,,0.0,0,,RPPNMLSJNHLGFFK76CC,整棟(戶)出租,無,1150418~1180417,無,冷氣、熱水器、瓦斯或天然氣,
頭份市,租賃房屋,苗栗縣頭份市中興里３鄰自立街３１巷１７號五樓,0.0,,,,1150429,土地0建物1車位0,五層,7,華廈(10層含以下有電梯),住家用,鋼筋混凝土造,1021224,98.33999999999999,2,2,1,有,有,有,15000,153,,0.0,0,續租案件；,RPQNMLSJNHLGFFK86CC,整棟(戶)出租,有,1150505~1160504,有,冷氣、熱水器、洗衣機、電視機、冰箱、瓦斯或天然氣,社會住宅包租轉租
頭份市,租賃房屋+車位,苗栗縣頭份市建國路二段３００巷６號８樓,0.0,,,,1150504,土地0建物1車位1,八層,14,住宅大樓(11層含以上有電梯),住家用,ＲＣ造,0950503,123.81,3,2,2,有,有,有,20000,162,坡道平面,0.0,0,,RPRNMLSJNHLGFFK96CC,整棟(戶)出租,有,1150601~1160531,有,冷氣、熱水器、冰箱、瓦斯或天然氣,
苗栗市,租賃房屋,苗栗縣苗栗市福麗里２６鄰民族路１０１巷５３弄２號二樓,0.0,,,,1150504,土地0建物1車位0,二層,6,華廈(10層含以下有電梯),住家用,鋼筋混凝土造,0810928,124.82,3,2,2,有,有,無,11000,88,,0.0,0,管理費1000元由出租人負擔續租案件；,RPPNMLLKNHLGFBK38CC,整棟(戶)出租,有,1150527~1160526,有,熱水器、瓦斯或天然氣,社會住宅包租轉租
公館鄉,租賃房屋,苗栗縣公館鄉玉泉村１鄰玉泉５４號,0.0,,,,1150414,土地0建物1車位0,一層,1,廠辦,工業用,鋼造,0671204,536.03,1,1,1,有,無,無,110000,205,,0.0,0,,RPQNMLLKNHLGFBK48CC,,無,1150501~1170430,無,,
竹南鎮,租賃房屋,苗栗縣竹南鎮崎頂里２０鄰和仁街４３號五樓之三,0.0,,,,1150428,土地0建物1車位0,五層,5,華廈(10層含以下有電梯),集合住宅,鋼筋混凝土造,1040814,86.00999999999999,3,2,2,有,有,有,15000,174,,0.0,0,續租案件；,RPQNMLLKNHLGFDK68CC,整棟(戶)出租,有,1150520~1160519,有,冷氣、熱水器、洗衣機、冰箱、瓦斯或天然氣,社會住宅包租轉租
頭份市,租賃房屋,苗栗縣頭份市上興里２１鄰永昌街１１巷１２號六樓,0.0,,,,1150504,土地0建物1車位0,六層,7,華廈(10層含以下有電梯),住家用,鋼筋混凝土造,0860827,64.19,2,2,1,有,有,有,10223,159,,0.0,0,續租案件；,RPPNMLLKNHLGFFK78CC,整棟(戶)出租,有,1150518~1160517,有,冷氣、熱水器、洗衣機、電視機、冰箱、瓦斯或天然氣,社會住宅包租轉租
頭份市,租賃房屋,苗栗縣頭份市文化街３２巷１５弄１５之１號４樓,0.0,,,,1150415,土地0建物1車位0,四層,6,華廈(10層含以下有電梯),住家用,鋼筋混凝土造,0830712,72.4,2,1,1,有,有,有,13000,180,,0.0,0,,RPQNMLLKNHLGFFK88CC,整棟(戶)出租,有,1150417~1180416,有,冷氣、熱水器、洗衣機、電視機、冰箱、瓦斯或天然氣,社會住宅代管
苗栗市,租賃房屋,苗栗縣苗栗市文聖里２鄰文發路１９７巷２８號二樓之三,0.0,,,,1150501,土地0建物1車位0,二層,5,華廈(10層含以下有電梯),集合住宅,鋼筋混凝土造,1131212,127.57,3,2,2,有,有,有,18000,141,,0.0,0,未租賃車位，建物登記含有車位面積；,RPPNMLMKNHLGFBK48CC,整棟(戶)出租,無,1150501~1160430,有,冷氣、熱水器、瓦斯或天然氣,社會住宅代管
苗栗市,租賃房屋,苗栗縣苗栗市文聖里２１鄰祥雲２２號,0.0,,,,1150506,土地0建物1車位0,全,5,透天厝,住家用,鋼筋混凝土造,0840215,179.71,4,3,3,有,無,有,17000,95,,0.0,0,續租案件；,RPQNMLMKNHLGFBK58CC,整棟(戶)出租,無,1150510~1160509,無,冷氣、熱水器、洗衣機、電視機、冰箱、瓦斯或天然氣、有線電視,社會住宅代管
造橋鄉,租賃房屋,苗栗縣造橋鄉談文村５鄰育英三街２３號三樓之十六,0.0,,,,1150415,土地0建物1車位0,三層,3,公寓(5樓含以下無電梯),住家用,鋼筋混凝土造,0930623,20.950000000000003,1,0,1,有,有,有,3800,181,,0.0,0,租金總額含管理費；續租案件；,RPPNMLMKNHLGFDK68CC,獨立套房,有,1150415~1160414,無,冷氣、熱水器、冰箱,社會住宅代管
竹南鎮,租賃房屋,苗栗縣竹南鎮新南里１２鄰維新路３１７巷５號十三樓,0.0,,,,1150508,土地0建物1車位0,十三層,14,住宅大樓(11層含以上有電梯),住家用,鋼筋混凝土造,1101105,92.3,2,2,1,有,有,有,16500,179,,0.0,0,續租案件；,RPRNMLMKNHLGFDK88CC,整棟(戶)出租,有,1150516~1160515,有,冷氣、熱水器、洗衣機、電視機、冰箱、瓦斯或天然氣,社會住宅包租轉租
竹南鎮,租賃房屋,苗栗縣竹南鎮崎頂里１７鄰仁愛路２２０１巷１弄５２號,0.0,,,,1150508,土地0建物1車位0,全,3,透天厝,住家用,鋼筋混凝土造,0870820,113.18,3,2,2,有,無,有,15000,133,,0.0,0,續租案件；,RPSNMLMKNHLGFDK98CC,整棟(戶)出租,無,1150515~1160514,無,冷氣、熱水器、洗衣機、電視機、冰箱、瓦斯或天然氣,社會住宅代管
竹南鎮,租賃房屋+車位,苗栗縣竹南鎮大埔十街４６巷３號９樓之３,0.0,,,,1150430,土地0建物1車位1,九層,10,華廈(10層含以下有電梯),住家用,鋼筋混凝土造,1060825,157.11,3,2,2,有,有,無,23000,146,坡道平面,33.41,0,多人共同承租2；租金總額含管理費；,RPPNMLNKNHLGFDK78CC,整棟(戶)出租,有,1150515~1160514,有,冷氣、熱水器、洗衣機、電視機、冰箱、瓦斯或天然氣,
銅鑼鄉,租賃房屋+車位,苗栗縣銅鑼鄉大同新城４２號二樓之二,0.0,,,,1150415,土地0建物1車位1,二層,8,華廈(10層含以下有電梯),集合住宅,鋼筋混凝土造,1140123,141.13,3,2,2,有,有,無,16800,126,坡道平面,24.9,2100,多人共同承租3；,RPPNMLNKNHLGFEK88CC,整棟(戶)出租,有,1150420~1180419,有,冷氣、熱水器、瓦斯或天然氣,社會住宅代管
頭份市,租賃房屋,苗栗縣頭份市忠孝里１１鄰忠孝一路１１１巷１８號四樓,0.0,,,,1150508,土地0建物1車位0,四層,4,公寓(5樓含以下無電梯),住家用,鋼筋混凝土造,0690720,73.92,2,2,1,有,無,無,8000,108,,0.0,0,續租案件；,RPPNMLNKNHLGFFK98CC,整棟(戶)出租,無,1150621~1160620,無,熱水器、瓦斯或天然氣,社會住宅包租轉租
頭份市,租賃房屋+車位,苗栗縣頭份市昌隆一街５３號７樓,0.0,,,,1150509,土地0建物1車位1,七層,15,住宅大樓(11層含以上有電梯),住家用,鋼筋混凝土造,1090722,154.81,3,2,2,有,有,無,23000,149,坡道平面,32.22,0,,RPPNMLPKNHLGFFK56CC,整棟(戶)出租,有,1150601~1180531,有,瓦斯或天然氣,
苗栗市,租賃房屋,苗栗縣苗栗市建功里２８鄰長春街５號三樓之一,0.0,,,,1150506,土地0建物1車位0,三層,5,華廈(10層含以下有電梯),住家用,鋼筋混凝土造,1041104,63.93,1,1,1,有,有,有,10000,156,,0.0,0,續租案件；,RPPNMLSKNHLGFBK09CC,獨立套房,無,1150510~1160509,有,冷氣、熱水器、洗衣機、電視機、冰箱,社會住宅包租轉租
苗栗市,租賃房屋,苗栗縣苗栗市福星里５鄰國華路３０１號五樓之七,0.0,,,,1150420,土地0建物1車位0,五層,17,住宅大樓(11層含以上有電梯),住家用,鋼筋混凝土造,0810929,76.24,1,0,1,有,有,有,7000,92,,0.0,0,續租案件；,RPQNMLSKNHLGFBK56CC,獨立套房,有,1150501~1160430,有,冷氣、熱水器、洗衣機、冰箱、瓦斯或天然氣,社會住宅包租轉租
頭份市,租賃房屋,苗栗縣頭份市永泰街８巷１３號,0.0,,,,1150510,土地0建物1車位0,全,4,透天厝,住家用,鋼筋混凝土造,0860827,169.95,4,2,3,有,無,有,20000,118,,0.0,0,,RPPNMLKLNHLGFFK78CC,整棟(戶)出租,無,1150515~1160514,無,冷氣、熱水器、洗衣機、冰箱、瓦斯或天然氣,
頭份市,租賃房屋,苗栗縣頭份市１８鄰忠孝二路１１７巷１號十一樓之一,0.0,,,,1150424,土地0建物1車位0,十一層,11,住宅大樓(11層含以上有電梯),住家用,鋼筋混凝土造,0831206,110.85000000000001,3,2,2,有,有,有,15500,140,,0.0,0,租金總額含管理費；續租案件；,RPRNMLKLNHLGFFK98CC,整棟(戶)出租,有,1150501~1160430,有,冷氣、熱水器、洗衣機、電視機、冰箱、瓦斯或天然氣,社會住宅包租轉租
頭份市,租賃房屋,苗栗縣頭份市忠孝里１鄰光大街７０號,0.0,,,,1150424,土地0建物1車位0,全,2,透天厝,住家用,加強磚造,0780421,167.69,5,1,2,有,無,有,16500,98,,0.0,0,續租案件；,RPSNMLKLNHLGFFK09CC,整棟(戶)出租,無,1150425~1160424,無,熱水器、瓦斯或天然氣,社會住宅包租轉租
頭份市,租賃房屋,苗栗縣頭份市民族里１５鄰中華路９５３巷１８號十二樓,0.0,,,,1150424,土地0建物1車位0,十二層,13,住宅大樓(11層含以上有電梯),住家用,鋼筋混凝土造,0840331,200.82000000000002,4,2,2,有,有,有,17600,88,,0.0,0,續租案件；,RPTNMLKLNHLGFFK56CC,整棟(戶)出租,有,1150501~1160430,有,冷氣、熱水器、洗衣機、冰箱、瓦斯或天然氣,社會住宅包租轉租
苗栗市,租賃房屋,苗栗縣苗栗市勝利里２２鄰中正路１０６９號,0.0,,,,1150505,土地0建物1車位0,一層,2,店面(店鋪),,磚造ＲＣ補強,0781207,83.4,0,0,0,無,無,無,23000,276,,0.0,0,免租金裝修期2026年5月10日至2026年6月9日租金總額含稅；水費；其他二代健保；含增建或未登記建物；,RPPNMLKLNHLGFBK48DC,,無,1150510~1200509,無,,
頭份市,租賃房屋+車位,苗栗縣頭份市山下里八德二路３４２號,0.0,,,,1150424,土地0建物1車位1,一層,14,住宅大樓(11層含以上有電梯),店舖,鋼筋混凝土造,1080416,113.22,4,1,1,有,有,無,35000,309,坡道平面,26.6,0,租金總額含管理費；,RPPNMLLLNHLGFFK88CC,,有,1150520~1200519,有,冷氣,
頭份市,租賃房屋,苗栗縣頭份市上興里１２鄰永昌街８號七樓,0.0,,,,1150425,土地0建物1車位0,七層,7,華廈(10層含以下有電梯),住家用,鋼筋混凝土造,0860827,102.0,3,1,2,有,有,有,9500,93,,0.0,0,續租案件；,RPPNMLMLNHLGFFK98CC,整棟(戶)出租,有,1150501~1160430,有,冷氣、熱水器、洗衣機、電視機、冰箱,社會住宅代管
竹南鎮,租賃房屋,苗栗縣竹南鎮和平街３９之１號,0.0,,,,1150429,土地0建物0車位0,全,3,透天厝,住商用,加強磚造、鋼架構造有牆,0990129,21.5,8,5,5,有,無,有,7200,335,,0.0,0,租金總額含水費；瓦斯費；網路費；,RPQNMLNLNHLGFDK98CC,分租套房,有,1150501~1160430,無,冷氣、洗衣機、冰箱、瓦斯或天然氣、網路,一般轉租
竹南鎮,租賃房屋,苗栗縣竹南鎮和平街３９之１號,0.0,,,,1150502,土地0建物0車位0,全,3,透天厝,住商用,加強磚造、鋼架構造有牆,0990129,16.5,8,5,5,有,無,有,7500,455,,0.0,0,租金總額含水費；瓦斯費；網路費；,RPRNMLNLNHLGFDK09CC,分租套房,有,1150502~1160501,無,冷氣、洗衣機、冰箱、瓦斯或天然氣、網路,一般轉租
苗栗市,租賃房屋+車位,苗栗縣苗栗市福星里１５鄰嘉福街１７７巷７號四樓,0.0,,,,1150501,土地0建物1車位1,見其他登記事項,5,公寓(5樓含以下無電梯),住家用,鋼筋混凝土造,0830329,171.07999999999998,4,2,2,有,無,有,18000,105,坡道平面,37.48,0,租金總額含管理費；,RPPNMLPLNHLGFBK88CC,整棟(戶)出租,無,1150508~1160507,無,冷氣、熱水器、瓦斯或天然氣,
頭份市,租賃房屋,苗栗縣頭份市後庄里２１鄰公北二路９９號十樓,0.0,,,,1150430,土地0建物1車位0,十層,14,住宅大樓(11層含以上有電梯),集合住宅,鋼筋混凝土造,1050613,148.53,3,1,2,有,有,有,18200,123,,0.0,0,續租案件；,RPQNMLPLNHLGFFK76CC,整棟(戶)出租,有,1150501~1160430,有,冷氣、熱水器、洗衣機、冰箱、瓦斯或天然氣,社會住宅代管
頭份市,租賃房屋,苗栗縣頭份市文化街３２巷１５弄１７之２號６樓,0.0,,,,1150430,土地0建物1車位0,六層,6,華廈(10層含以下有電梯),住家用,鋼筋混凝土造,0830712,72.4,2,2,1,有,有,有,14000,193,,0.0,0,租金總額含管理費；續租案件；,RPSNMLPLNHLGFFK96CC,整棟(戶)出租,有,1150507~1160506,有,冷氣、熱水器、洗衣機、冰箱、瓦斯或天然氣,社會住宅代管
頭份市,租賃房屋,苗栗縣頭份市田寮里２４鄰華夏路９８號五樓之一,0.0,,,,1150430,土地0建物1車位0,五層,5,公寓(5樓含以下無電梯),住家用,鋼筋混凝土造,0831128,64.94,1,1,1,有,無,有,10000,154,,0.0,0,續租案件；,RPTNMLPLNHLGFFK07CC,整棟(戶)出租,無,1150510~1160509,無,冷氣、熱水器、冰箱、瓦斯或天然氣,社會住宅包租轉租
苗栗市,租賃房屋,苗栗縣苗栗市玉苗里８鄰中山路７４９號,0.0,,,,1150430,土地0建物1車位0,全,3,透天厝,住家用,加強磚造,,154.82,3,2,2,有,無,無,10000,65,,0.0,0,,RPPNMLQLNHLGFBK98CC,分層出租,無,1150601~1160531,無,冷氣、熱水器,
頭份市,租賃房屋,苗栗縣頭份市東民路１８５號,0.0,,,,1150508,土地0建物1車位0,全,3,透天厝,一般零售業、一般事務所、運動休閒設施,ＲＣ造,1000503,601.79,6,3,5,有,無,無,100000,166,,0.0,0,租賃期間有約定不同租金一、租約時間為115/09/15-125/09/14二、120/09/15-123/09/14調漲5%三、123/09/15-125/09/14調整5%四、租期時間同意轉租；,RPVNMLQLNHLGFFK37CC,,無,1150915~1250914,有,瓦斯或天然氣,
苗栗市,租賃房屋,苗栗縣苗栗市建功里２６鄰莊敬街３９之４號四樓,0.0,,,,1150430,土地0建物1車位0,四層,4,公寓(5樓含以下無電梯),住家用,鋼筋混凝土造,0701020,98.93,3,2,1,有,無,有,10000,101,,0.0,0,,RPPNMLRLNHLGFBK09CC,整棟(戶)出租,無,1150501~1180430,無,冷氣、熱水器、洗衣機、電視機、瓦斯或天然氣,社會住宅包租轉租
竹南鎮,租賃房屋+車位,苗栗縣竹南鎮守法街５號１３樓之７,0.0,,,,1150501,土地0建物1車位1,十三層,15,住宅大樓(11層含以上有電梯),集合住宅,鋼筋混凝土造,1140526,125.14,2,2,2,有,有,有,22000,176,坡道平面,31.45,0,租金總額含管理費；,RPQNMLSLNHLGFDK86CC,整棟(戶)出租,有,1150515~1160514,有,冷氣、熱水器、洗衣機、電視機、冰箱、瓦斯或天然氣、有線電視,
頭份市,租賃房屋,苗栗縣頭份市上埔里４鄰中正一路１４９號八樓,0.0,,,,1150505,土地0建物1車位0,八層,12,住宅大樓(11層含以上有電梯),集合住宅,鋼筋混凝土造,1041124,140.74,2,1,2,有,有,有,18000,128,,0.0,0,未租賃車位，建物登記含有車位面積；續租案件；,RPPNMLTLNHLGFFK07CC,整棟(戶)出租,有,1150505~1160504,有,冷氣、熱水器、洗衣機、電視機、冰箱、瓦斯或天然氣,社會住宅代管
苗栗市,租賃房屋,苗栗縣苗栗市玉華里８鄰玉清路２５９號,0.0,,,,1150504,土地0建物1車位0,全,3,透天厝,住商用,鋼筋混凝土造,0900616,222.72,5,2,4,有,無,有,22000,99,,0.0,0,,RPQNMLLJOHLGFBK48CC,整棟(戶)出租,無,1150520~1160519,無,冷氣、熱水器、洗衣機、電視機、冰箱、瓦斯或天然氣,社會住宅包租轉租
竹南鎮,租賃房屋,苗栗縣竹南鎮新南街７１巷１６號,0.0,,,,1150504,土地0建物1車位0,全,4,透天厝,住家用,鋼筋混凝土造,0791129,256.45,5,2,4,有,無,有,35000,136,,0.0,0,多人共同承租8；,RPSNMLLJOHLGFDK88CC,整棟(戶)出租,無,1150505~1160504,無,冷氣、熱水器、洗衣機、電視機、冰箱,
頭份市,租賃房屋+車位,苗栗縣頭份市中山路３０２號二樓,0.0,,,,1150507,土地0建物1車位1,二層,7,華廈(10層含以下有電梯),住家用,鋼筋混凝土造,0820311,143.93,2,1,2,有,有,有,16800,117,坡道平面,0.0,1800,,RPPNMLLJOHLGFFK78CC,整棟(戶)出租,有,1150510~1160509,有,冷氣、熱水器、洗衣機、電視機、冰箱、瓦斯或天然氣,社會住宅包租轉租
頭份市,租賃房屋,苗栗縣頭份市山下里９鄰信東路二段９４巷１８號,0.0,,,,1150507,土地0建物1車位0,全,4,透天厝,住家用,ＲＣ造,0950927,202.73,5,2,2,有,無,有,16500,81,,0.0,0,續租案件；,RPQNMLLJOHLGFFK88CC,整棟(戶)出租,無,1150510~1160509,無,熱水器、瓦斯或天然氣,社會住宅包租轉租
頭份市,租賃房屋,苗栗縣頭份市武昌街２９號六樓,0.0,,,,1150507,土地0建物1車位0,六層,11,住宅大樓(11層含以上有電梯),住家用,鋼筋混凝土造,0840104,87.51,2,1,1,有,有,有,15700,179,,0.0,0,續租案件；,RPRNMLLJOHLGFFK98CC,整棟(戶)出租,有,1150512~1160511,有,冷氣、熱水器、洗衣機、電視機、冰箱,社會住宅代管
